mhz,phi,theta,gain_total,gain_horiz,gain_vert,gain_rhcp,gain_lhcp
30.000000,89.999999995450708,0,-999.99000000000001,-2999.9899999999998,-999.99000000000001,-1003.0002999566398,-1003.0002999566398
30.000000,89.999999995450708,0.99999999994945232,-34.383566057366146,-2034.3835660573661,-34.383566057366146,-37.393866014005958,-37.393866014005958
30.000000,89.999999995450708,1.9999999998989046,-28.362661395492509,-2028.3626613954925,-28.362661395492509,-31.372961352132322,-31.372961352132322
30.000000,89.999999995450708,2.9999999998483573,-24.840331284217825,-2024.8403312842179,-24.840331284217825,-27.850631240857638,-27.850631240857638
30.000000,89.999999995450708,3.9999999997978093,-22.34085591141627,-2022.3408559114164,-22.34085591141627,-25.351155868056082,-25.351155868056082
30.000000,89.999999995450708,4.9999999997472617,-20.401765549389907,-2020.4017655493899,-20.401765549389907,-23.41206550602972,-23.41206550602972
30.000000,89.999999995450708,5.9999999996967137,-18.817069082494438,-2018.8170690824945,-18.817069082494438,-21.827369039134251,-21.827369039134251
30.000000,89.999999995450708,6.9999999996461657,-17.476890071804608,-2017.4768900718045,-17.476890071804608,-20.48719002844442,-20.48719002844442
30.000000,89.999999995450708,7.9999999995956186,-16.315647752827982,-2016.315647752828,-16.315647752827982,-19.325947709467794,-19.325947709467794
30.000000,89.999999995450708,8.9999999995450715,-15.291046994024061,-2015.2910469940241,-15.291046994024061,-18.301346950663874,-18.301346950663874
30.000000,89.999999995450708,9.9999999994945235,-14.374214872112475,-2014.3742148721126,-14.374214872112475,-17.384514828752287,-17.384514828752287
30.000000,89.999999995450708,10.999999999443975,-13.544563461584143,-2013.5445634615842,-13.544563461584143,-16.554863418223956,-16.554863418223956
30.000000,89.999999995450708,11.999999999393427,-12.786897391854431,-2012.7868973918544,-12.786897391854431,-15.797197348494244,-15.797197348494244
30.000000,89.999999995450708,12.999999999342879,-12.089683140982467,-2012.0896831409825,-12.089683140982467,-15.09998309762228,-15.09998309762228
30.000000,89.999999995450708,13.999999999292331,-11.443961532122653,-2011.4439615321226,-11.443961532122653,-14.454261488762466,-14.454261488762466
30.000000,89.999999995450708,14.999999999241785,-10.842636318685297,-2010.8426363186852,-10.842636318685297,-13.85293627532511,-13.85293627532511
30.000000,89.999999995450708,15.999999999191237,-10.279992824813791,-2010.2799928248137,-10.279992824813791,-13.290292781453603,-13.290292781453603
30.000000,89.999999995450708,16.999999999140691,-9.7513627599945565,-2009.7513627599947,-9.7513627599945565,-12.761662716634369,-12.761662716634369
30.000000,89.999999995450708,17.999999999090143,-9.2528849728933373,-2009.2528849728933,-9.2528849728933373,-12.26318492953315,-12.26318492953315
30.000000,89.999999995450708,18.999999999039595,-8.7813309640903192,-2008.7813309640903,-8.7813309640903192,-11.791630920730132,-11.791630920730132
30.000000,89.999999995450708,19.999999998989047,-8.3339751947745597,-2008.3339751947747,-8.3339751947745597,-11.344275151414372,-11.344275151414372
30.000000,89.999999995450708,20.999999998938499,-7.9084970583907399,-2007.9084970583908,-7.9084970583907399,-10.918797015030552,-10.918797015030552
30.000000,89.999999995450708,21.999999998887951,-7.5029056656199984,-2007.5029056656199,-7.5029056656199984,-10.513205622259811,-10.513205622259811
30.000000,89.999999995450708,22.999999998837403,-7.1154813506869585,-2007.1154813506869,-7.1154813506869585,-10.12578130732677,-10.12578130732677
30.000000,89.999999995450708,23.999999998786855,-6.7447296242718018,-2006.7447296242717,-6.7447296242718018,-9.7550295809116143,-9.7550295809116143
30.000000,89.999999995450708,24.999999998736307,-6.3893445212932418,-2006.3893445212932,-6.3893445212932418,-9.3996444779330535,-9.3996444779330535
30.000000,89.999999995450708,25.999999998685759,-6.0481791306006558,-2006.0481791306006,-6.0481791306006558,-9.0584790872404675,-9.0584790872404675
30.000000,89.999999995450708,26.999999998635211,-5.7202216788485218,-2005.7202216788485,-5.7202216788485218,-8.7305216354883335,-8.7305216354883335
30.000000,89.999999995450708,27.999999998584663,-5.4045759556107056,-2005.4045759556107,-5.4045759556107056,-8.4148759122505172,-8.4148759122505172
30.000000,89.999999995450708,28.999999998534115,-5.1004451650186269,-2005.1004451650185,-5.1004451650186269,-8.1107451216584394,-8.1107451216584394
30.000000,89.999999995450708,29.99999999848357,-4.8071185064765674,-2004.8071185064766,-4.8071185064765674,-7.817418463116379,-7.817418463116379
30.000000,89.999999995450708,30.999999998433026,-4.5239599472338989,-2004.5239599472338,-4.5239599472338989,-7.5342599038737106,-7.5342599038737106
30.000000,89.999999995450708,31.999999998382481,-4.2503987690913263,-2004.2503987690914,-4.2503987690913263,-7.2606987257311388,-7.2606987257311388
30.000000,89.999999995450708,32.999999998331937,-3.9859215615762897,-2003.9859215615763,-3.9859215615762897,-6.9962215182161014,-6.9962215182161014
30.000000,89.999999995450708,33.999999998281389,-3.7300654024562903,-2003.7300654024564,-3.7300654024562903,-6.7403653590961028,-6.7403653590961028
30.000000,89.999999995450708,34.999999998230848,-3.4824120190889758,-2003.482412019089,-3.4824120190889758,-6.4927119757287883,-6.4927119757287883
30.000000,89.999999995450708,35.9999999981803,-3.2425827648678611,-2003.2425827648678,-3.2425827648678611,-6.2528827215076728,-6.2528827215076728
30.000000,89.999999995450708,36.999999998129759,-3.0102342768427754,-2003.0102342768428,-3.0102342768427754,-6.0205342334825875,-6.0205342334825875
30.000000,89.999999995450708,37.999999998079211,-2.7850547056206358,-2002.7850547056207,-2.7850547056206358,-5.7953546622604479,-5.7953546622604479
30.000000,89.999999995450708,38.99999999802867,-2.5667604284744745,-2002.5667604284745,-2.5667604284744745,-5.5770603851142866,-5.5770603851142866
30.000000,89.999999995450708,39.999999997978122,-2.3550931723934374,-2002.3550931723935,-2.3550931723934374,-5.3653931290332491,-5.3653931290332491
30.000000,89.999999995450708,40.999999997927581,-2.1498174864865103,-2002.1498174864864,-2.1498174864865103,-5.1601174431263228,-5.1601174431263228
30.000000,89.999999995450708,41.999999997877033,-1.9507185133866456,-2001.9507185133866,-1.9507185133866456,-4.9610184700264579,-4.9610184700264579
30.000000,89.999999995450708,42.999999997826492,-1.7576000176076423,-2001.7576000176077,-1.7576000176076423,-4.7678999742474542,-4.7678999742474542
30.000000,89.999999995450708,43.999999997775944,-1.5702826355829975,-2001.570282635583,-1.5702826355829975,-4.5805825922228092,-4.5805825922228092
30.000000,89.999999995450708,44.999999997725396,-1.3886023176730553,-2001.3886023176731,-1.3886023176730553,-4.3989022743128672,-4.3989022743128672
30.000000,89.999999995450708,45.999999997674855,-1.2124089370062154,-2001.2124089370061,-1.2124089370062154,-4.2227088936460273,-4.2227088936460273
30.000000,89.999999995450708,46.999999997624307,-1.0415650438098734,-2001.0415650438099,-1.0415650438098734,-4.0518650004496859,-4.0518650004496859
30.000000,89.999999995450708,47.999999997573767,-0.87594474703838943,-2000.8759447470384,-0.87594474703838943,-3.8862447036782015,-3.8862447036782015
30.000000,89.999999995450708,48.999999997523219,-0.71543270773595924,-2000.715432707736,-0.71543270773595924,-3.7257326643757711,-3.7257326643757711
30.000000,89.999999995450708,49.999999997472678,-0.55992323077701822,-2000.559923230777,-0.55992323077701822,-3.5702231874168304,-3.5702231874168304
30.000000,89.999999995450708,50.99999999742213,-0.40931944348230337,-2000.4093194434822,-0.40931944348230337,-3.4196194001221154,-3.4196194001221154
30.000000,89.999999995450708,51.999999997371589,-0.26353255117485674,-2000.2635325511749,-0.26353255117485674,-3.2738325078146691,-3.2738325078146691
30.000000,89.999999995450708,52.999999997321041,-0.1224811610678664,-2000.1224811610678,-0.1224811610678664,-3.1327811177076783,-3.1327811177076783
30.000000,89.999999995450708,53.9999999972705,0.013909332995200356,-1999.9860906670049,0.013909332995200356,-2.9963906236446118,-2.9963906236446118
30.000000,89.999999995450708,54.999999997219952,0.14570731146507562,-1999.854292688535,0.14570731146507562,-2.8645926451747363,-2.8645926451747363
30.000000,89.999999995450708,55.999999997169411,0.27297544136892304,-1999.727024558631,0.27297544136892304,-2.7373245152708892,-2.7373245152708892
30.000000,89.999999995450708,56.999999997118863,0.3957711449366183,-1999.6042288550634,0.3957711449366183,-2.614528811703194,-2.614528811703194
30.000000,89.999999995450708,57.999999997068315,0.51414702894883668,-1999.4858529710511,0.51414702894883668,-2.4961529276909755,-2.4961529276909755
30.000000,89.999999995450708,58.999999997017767,0.62815127865962639,-1999.3718487213405,0.62815127865962639,-2.3821486779801857,-2.3821486779801857
30.000000,89.999999995450708,59.999999996967219,0.73782801969144485,-1999.2621719803085,0.73782801969144485,-2.2724719369483672,-2.2724719369483672
30.000000,89.999999995450708,60.999999996916664,0.84321765090638212,-1999.1567823490936,0.84321765090638212,-2.1670823057334299,-2.1670823057334299
30.000000,89.999999995450708,61.999999996866116,0.94435715091389349,-1999.0556428490861,0.94435715091389349,-2.0659428057259186,-2.0659428057259186
30.000000,89.999999995450708,62.999999996815561,1.0412803605761247,-1998.9587196394239,1.0412803605761247,-1.9690195960636874,-1.9690195960636874
30.000000,89.999999995450708,63.999999996765013,1.1340182436101185,-1998.8659817563898,1.1340182436101185,-1.8762817130296936,-1.8762817130296936
30.000000,89.999999995450708,64.999999996714465,1.2225991271566381,-1998.7774008728434,1.2225991271566381,-1.787700829483174,-1.787700829483174
30.000000,89.999999995450708,65.999999996663917,1.3070489239838845,-1998.692951076016,1.3070489239838845,-1.7032510326559276,-1.7032510326559276
30.000000,89.999999995450708,66.999999996613354,1.3873913378166023,-1998.6126086621834,1.3873913378166023,-1.6229086188232098,-1.6229086188232098
30.000000,89.999999995450708,67.999999996562806,1.4636480531244291,-1998.5363519468756,1.4636480531244291,-1.546651903515383,-1.546651903515383
30.000000,89.999999995450708,68.999999996512258,1.5358389105644519,-1998.4641610894355,1.5358389105644519,-1.4744610460753602,-1.4744610460753602
30.000000,89.999999995450708,69.99999999646171,1.6039820691499573,-1998.3960179308501,1.6039820691499573,-1.4063178874898548,-1.4063178874898548
30.000000,89.999999995450708,70.999999996411148,1.6680941561077849,-1998.3319058438922,1.6680941561077849,-1.3422058005320272,-1.3422058005320272
30.000000,89.999999995450708,71.9999999963606,1.7281904052891817,-1998.2718095947109,1.7281904052891817,-1.2821095513506304,-1.2821095513506304
30.000000,89.999999995450708,72.999999996310052,1.784284784911832,-1998.2157152150883,1.784284784911832,-1.2260151717279801,-1.2260151717279801
30.000000,89.999999995450708,73.999999996259504,1.8363901153325175,-1998.1636098846675,1.8363901153325175,-1.1739098413072946,-1.1739098413072946
30.000000,89.999999995450708,74.999999996208956,1.8845181774798145,-1998.1154818225202,1.8845181774798145,-1.1257817791599976,-1.1257817791599976
30.000000,89.999999995450708,75.999999996158394,1.928679812512798,-1998.0713201874871,1.928679812512798,-1.0816201441270141,-1.0816201441270141
30.000000,89.999999995450708,76.999999996107846,1.9688850132147218,-1998.0311149867853,1.9688850132147218,-1.0414149434250903,-1.0414149434250903
30.000000,89.999999995450708,77.999999996057298,2.0051430075787069,-1997.9948569924213,2.0051430075787069,-1.0051569490611052,-1.0051569490611052
30.000000,89.999999995450708,78.99999999600675,2.0374623349954408,-1997.9625376650044,2.0374623349954408,-0.97283762164437126,-0.97283762164437126
30.000000,89.999999995450708,79.999999995956202,2.0658509154098921,-1997.9341490845902,2.0658509154098921,-0.94444904122992002,-0.94444904122992002
30.000000,89.999999995450708,80.99999999590564,2.0903161117744702,-1997.9096838882256,2.0903161117744702,-0.9199838448653419,-0.9199838448653419
30.000000,89.999999995450708,81.999999995855092,2.1108647860901,-1997.8891352139099,2.1108647860901,-0.89943517054971212,-0.89943517054971212
30.000000,89.999999995450708,82.999999995804544,2.1275033492929181,-1997.872496650707,2.1275033492929181,-0.88279660734689402,-0.88279660734689402
30.000000,89.999999995450708,83.999999995753996,2.1402378052133133,-1997.8597621947868,2.1402378052133133,-0.87006215142649879,-0.87006215142649879
30.000000,89.999999995450708,84.999999995703433,2.1490737888050218,-1997.850926211195,2.1490737888050218,-0.86122616783479033,-0.86122616783479033
30.000000,89.999999995450708,85.999999995652885,2.154016598814648,-1997.8459834011853,2.154016598814648,-0.85628335782516407,-0.85628335782516407
30.000000,89.999999995450708,86.999999995602337,2.1550712250363242,-1997.8449287749636,2.1550712250363242,-0.85522873160348789,-0.85522873160348789
30.000000,89.999999995450708,87.999999995551789,2.1522423702717224,-1997.8477576297282,2.1522423702717224,-0.85805758636808971,-0.85805758636808971
30.000000,89.999999995450708,88.999999995501241,2.1455344670922445,-1997.8544655329079,2.1455344670922445,-0.8647654895475676,-0.8647654895475676
30.000000,89.999999995450708,89.999999995450679,2.1349516894776119,-1997.8650483105223,2.1349516894776119,-0.87534826716220016,-0.87534826716220016
30.000000,94.999999995197967,0,-999.99000000000001,-2999.9899999999998,-999.99000000000001,-1003.0002999566398,-1003.0002999566398
30.000000,94.999999995197967,0.99999999994945232,-34.383566057366146,-2034.3835660573661,-34.383566057366146,-37.393866014005958,-37.393866014005958
30.000000,94.999999995197967,1.9999999998989046,-28.362661395492509,-2028.3626613954925,-28.362661395492509,-31.372961352132322,-31.372961352132322
30.000000,94.999999995197967,2.9999999998483573,-24.840331284217825,-2024.8403312842179,-24.840331284217825,-27.850631240857638,-27.850631240857638
30.000000,94.999999995197967,3.9999999997978093,-22.34085591141627,-2022.3408559114164,-22.34085591141627,-25.351155868056082,-25.351155868056082
30.000000,94.999999995197967,4.9999999997472617,-20.401765549389907,-2020.4017655493899,-20.401765549389907,-23.41206550602972,-23.41206550602972
30.000000,94.999999995197967,5.9999999996967137,-18.817069082494438,-2018.8170690824945,-18.817069082494438,-21.827369039134251,-21.827369039134251
30.000000,94.999999995197967,6.9999999996461657,-17.476890071804608,-2017.4768900718045,-17.476890071804608,-20.48719002844442,-20.48719002844442
30.000000,94.999999995197967,7.9999999995956186,-16.315647752827982,-2016.315647752828,-16.315647752827982,-19.325947709467794,-19.325947709467794
30.000000,94.999999995197967,8.9999999995450715,-15.291046994024061,-2015.2910469940241,-15.291046994024061,-18.301346950663874,-18.301346950663874
30.000000,94.999999995197967,9.9999999994945235,-14.374214872112475,-2014.3742148721126,-14.374214872112475,-17.384514828752287,-17.384514828752287
30.000000,94.999999995197967,10.999999999443975,-13.544563461584143,-2013.5445634615842,-13.544563461584143,-16.554863418223956,-16.554863418223956
30.000000,94.999999995197967,11.999999999393427,-12.786897391854431,-2012.7868973918544,-12.786897391854431,-15.797197348494244,-15.797197348494244
30.000000,94.999999995197967,12.999999999342879,-12.089683140982467,-2012.0896831409825,-12.089683140982467,-15.09998309762228,-15.09998309762228
30.000000,94.999999995197967,13.999999999292331,-11.443961532122653,-2011.4439615321226,-11.443961532122653,-14.454261488762466,-14.454261488762466
30.000000,94.999999995197967,14.999999999241785,-10.842636318685297,-2010.8426363186852,-10.842636318685297,-13.85293627532511,-13.85293627532511
30.000000,94.999999995197967,15.999999999191237,-10.279992824813791,-2010.2799928248137,-10.279992824813791,-13.290292781453603,-13.290292781453603
30.000000,94.999999995197967,16.999999999140691,-9.7513627599945565,-2009.7513627599947,-9.7513627599945565,-12.761662716634369,-12.761662716634369
30.000000,94.999999995197967,17.999999999090143,-9.2528849728933373,-2009.2528849728933,-9.2528849728933373,-12.26318492953315,-12.26318492953315
30.000000,94.999999995197967,18.999999999039595,-8.7813309640903192,-2008.7813309640903,-8.7813309640903192,-11.791630920730132,-11.791630920730132
30.000000,94.999999995197967,19.999999998989047,-8.3339751947745597,-2008.3339751947747,-8.3339751947745597,-11.344275151414372,-11.344275151414372
30.000000,94.999999995197967,20.999999998938499,-7.9084970583907399,-2007.9084970583908,-7.9084970583907399,-10.918797015030552,-10.918797015030552
30.000000,94.999999995197967,21.999999998887951,-7.5029056656199984,-2007.5029056656199,-7.5029056656199984,-10.513205622259811,-10.513205622259811
30.000000,94.999999995197967,22.999999998837403,-7.1154813506869585,-2007.1154813506869,-7.1154813506869585,-10.12578130732677,-10.12578130732677
30.000000,94.999999995197967,23.999999998786855,-6.7447296242718018,-2006.7447296242717,-6.7447296242718018,-9.7550295809116143,-9.7550295809116143
30.000000,94.999999995197967,24.999999998736307,-6.3893445212932418,-2006.3893445212932,-6.3893445212932418,-9.3996444779330535,-9.3996444779330535
30.000000,94.999999995197967,25.999999998685759,-6.0481791306006558,-2006.0481791306006,-6.0481791306006558,-9.0584790872404675,-9.0584790872404675
30.000000,94.999999995197967,26.999999998635211,-5.7202216788485218,-2005.7202216788485,-5.7202216788485218,-8.7305216354883335,-8.7305216354883335
30.000000,94.999999995197967,27.999999998584663,-5.4045759556107056,-2005.4045759556107,-5.4045759556107056,-8.4148759122505172,-8.4148759122505172
30.000000,94.999999995197967,28.999999998534115,-5.1004451650186269,-2005.1004451650185,-5.1004451650186269,-8.1107451216584394,-8.1107451216584394
30.000000,94.999999995197967,29.99999999848357,-4.8071185064765674,-2004.8071185064766,-4.8071185064765674,-7.817418463116379,-7.817418463116379
30.000000,94.999999995197967,30.999999998433026,-4.5239599472338989,-2004.5239599472338,-4.5239599472338989,-7.5342599038737106,-7.5342599038737106
30.000000,94.999999995197967,31.999999998382481,-4.2503987690913263,-2004.2503987690914,-4.2503987690913263,-7.2606987257311388,-7.2606987257311388
30.000000,94.999999995197967,32.999999998331937,-3.9859215615762897,-2003.9859215615763,-3.9859215615762897,-6.9962215182161014,-6.9962215182161014
30.000000,94.999999995197967,33.999999998281389,-3.7300654024562903,-2003.7300654024564,-3.7300654024562903,-6.7403653590961028,-6.7403653590961028
30.000000,94.999999995197967,34.999999998230848,-3.4824120190889758,-2003.482412019089,-3.4824120190889758,-6.4927119757287883,-6.4927119757287883
30.000000,94.999999995197967,35.9999999981803,-3.2425827648678611,-2003.2425827648678,-3.2425827648678611,-6.2528827215076728,-6.2528827215076728
30.000000,94.999999995197967,36.999999998129759,-3.0102342768427754,-2003.0102342768428,-3.0102342768427754,-6.0205342334825875,-6.0205342334825875
30.000000,94.999999995197967,37.999999998079211,-2.7850547056206358,-2002.7850547056207,-2.7850547056206358,-5.7953546622604479,-5.7953546622604479
30.000000,94.999999995197967,38.99999999802867,-2.5667604284744745,-2002.5667604284745,-2.5667604284744745,-5.5770603851142866,-5.5770603851142866
30.000000,94.999999995197967,39.999999997978122,-2.3550931723934374,-2002.3550931723935,-2.3550931723934374,-5.3653931290332491,-5.3653931290332491
30.000000,94.999999995197967,40.999999997927581,-2.1498174864865103,-2002.1498174864864,-2.1498174864865103,-5.1601174431263228,-5.1601174431263228
30.000000,94.999999995197967,41.999999997877033,-1.9507185133866456,-2001.9507185133866,-1.9507185133866456,-4.9610184700264579,-4.9610184700264579
30.000000,94.999999995197967,42.999999997826492,-1.7576000176076423,-2001.7576000176077,-1.7576000176076423,-4.7678999742474542,-4.7678999742474542
30.000000,94.999999995197967,43.999999997775944,-1.5702826355829975,-2001.570282635583,-1.5702826355829975,-4.5805825922228092,-4.5805825922228092
30.000000,94.999999995197967,44.999999997725396,-1.3886023176730553,-2001.3886023176731,-1.3886023176730553,-4.3989022743128672,-4.3989022743128672
30.000000,94.999999995197967,45.999999997674855,-1.2124089370062154,-2001.2124089370061,-1.2124089370062154,-4.2227088936460273,-4.2227088936460273
30.000000,94.999999995197967,46.999999997624307,-1.0415650438098734,-2001.0415650438099,-1.0415650438098734,-4.0518650004496859,-4.0518650004496859
30.000000,94.999999995197967,47.999999997573767,-0.87594474703838943,-2000.8759447470384,-0.87594474703838943,-3.8862447036782015,-3.8862447036782015
30.000000,94.999999995197967,48.999999997523219,-0.71543270773595924,-2000.715432707736,-0.71543270773595924,-3.7257326643757711,-3.7257326643757711
30.000000,94.999999995197967,49.999999997472678,-0.55992323077701822,-2000.559923230777,-0.55992323077701822,-3.5702231874168304,-3.5702231874168304
30.000000,94.999999995197967,50.99999999742213,-0.40931944348230337,-2000.4093194434822,-0.40931944348230337,-3.4196194001221154,-3.4196194001221154
30.000000,94.999999995197967,51.999999997371589,-0.26353255117485674,-2000.2635325511749,-0.26353255117485674,-3.2738325078146691,-3.2738325078146691
30.000000,94.999999995197967,52.999999997321041,-0.1224811610678664,-2000.1224811610678,-0.1224811610678664,-3.1327811177076783,-3.1327811177076783
30.000000,94.999999995197967,53.9999999972705,0.013909332995200356,-1999.9860906670049,0.013909332995200356,-2.9963906236446118,-2.9963906236446118
30.000000,94.999999995197967,54.999999997219952,0.14570731146507562,-1999.854292688535,0.14570731146507562,-2.8645926451747363,-2.8645926451747363
30.000000,94.999999995197967,55.999999997169411,0.27297544136892304,-1999.727024558631,0.27297544136892304,-2.7373245152708892,-2.7373245152708892
30.000000,94.999999995197967,56.999999997118863,0.3957711449366183,-1999.6042288550634,0.3957711449366183,-2.614528811703194,-2.614528811703194
30.000000,94.999999995197967,57.999999997068315,0.51414702894883668,-1999.4858529710511,0.51414702894883668,-2.4961529276909755,-2.4961529276909755
30.000000,94.999999995197967,58.999999997017767,0.62815127865962639,-1999.3718487213405,0.62815127865962639,-2.3821486779801857,-2.3821486779801857
30.000000,94.999999995197967,59.999999996967219,0.73782801969144485,-1999.2621719803085,0.73782801969144485,-2.2724719369483672,-2.2724719369483672
30.000000,94.999999995197967,60.999999996916664,0.84321765090638212,-1999.1567823490936,0.84321765090638212,-2.1670823057334299,-2.1670823057334299
30.000000,94.999999995197967,61.999999996866116,0.94435715091389349,-1999.0556428490861,0.94435715091389349,-2.0659428057259186,-2.0659428057259186
30.000000,94.999999995197967,62.999999996815561,1.0412803605761247,-1998.9587196394239,1.0412803605761247,-1.9690195960636874,-1.9690195960636874
30.000000,94.999999995197967,63.999999996765013,1.1340182436101185,-1998.8659817563898,1.1340182436101185,-1.8762817130296936,-1.8762817130296936
30.000000,94.999999995197967,64.999999996714465,1.2225991271566381,-1998.7774008728434,1.2225991271566381,-1.787700829483174,-1.787700829483174
30.000000,94.999999995197967,65.999999996663917,1.3070489239838845,-1998.692951076016,1.3070489239838845,-1.7032510326559276,-1.7032510326559276
30.000000,94.999999995197967,66.999999996613354,1.3873913378166023,-1998.6126086621834,1.3873913378166023,-1.6229086188232098,-1.6229086188232098
30.000000,94.999999995197967,67.999999996562806,1.4636480531244291,-1998.5363519468756,1.4636480531244291,-1.546651903515383,-1.546651903515383
30.000000,94.999999995197967,68.999999996512258,1.5358389105644519,-1998.4641610894355,1.5358389105644519,-1.4744610460753602,-1.4744610460753602
30.000000,94.999999995197967,69.99999999646171,1.6039820691499573,-1998.3960179308501,1.6039820691499573,-1.4063178874898548,-1.4063178874898548
30.000000,94.999999995197967,70.999999996411148,1.6680941561077849,-1998.3319058438922,1.6680941561077849,-1.3422058005320272,-1.3422058005320272
30.000000,94.999999995197967,71.9999999963606,1.7281904052891817,-1998.2718095947109,1.7281904052891817,-1.2821095513506304,-1.2821095513506304
30.000000,94.999999995197967,72.999999996310052,1.784284784911832,-1998.2157152150883,1.784284784911832,-1.2260151717279801,-1.2260151717279801
30.000000,94.999999995197967,73.999999996259504,1.8363901153325175,-1998.1636098846675,1.8363901153325175,-1.1739098413072946,-1.1739098413072946
30.000000,94.999999995197967,74.999999996208956,1.8845181774798145,-1998.1154818225202,1.8845181774798145,-1.1257817791599976,-1.1257817791599976
30.000000,94.999999995197967,75.999999996158394,1.928679812512798,-1998.0713201874871,1.928679812512798,-1.0816201441270141,-1.0816201441270141
30.000000,94.999999995197967,76.999999996107846,1.9688850132147218,-1998.0311149867853,1.9688850132147218,-1.0414149434250903,-1.0414149434250903
30.000000,94.999999995197967,77.999999996057298,2.0051430075787069,-1997.9948569924213,2.0051430075787069,-1.0051569490611052,-1.0051569490611052
30.000000,94.999999995197967,78.99999999600675,2.0374623349954408,-1997.9625376650044,2.0374623349954408,-0.97283762164437126,-0.97283762164437126
30.000000,94.999999995197967,79.999999995956202,2.0658509154098921,-1997.9341490845902,2.0658509154098921,-0.94444904122992002,-0.94444904122992002
30.000000,94.999999995197967,80.99999999590564,2.0903161117744702,-1997.9096838882256,2.0903161117744702,-0.9199838448653419,-0.9199838448653419
30.000000,94.999999995197967,81.999999995855092,2.1108647860901,-1997.8891352139099,2.1108647860901,-0.89943517054971212,-0.89943517054971212
30.000000,94.999999995197967,82.999999995804544,2.1275033492929181,-1997.872496650707,2.1275033492929181,-0.88279660734689402,-0.88279660734689402
30.000000,94.999999995197967,83.999999995753996,2.1402378052133133,-1997.8597621947868,2.1402378052133133,-0.87006215142649879,-0.87006215142649879
30.000000,94.999999995197967,84.999999995703433,2.1490737888050218,-1997.850926211195,2.1490737888050218,-0.86122616783479033,-0.86122616783479033
30.000000,94.999999995197967,85.999999995652885,2.154016598814648,-1997.8459834011853,2.154016598814648,-0.85628335782516407,-0.85628335782516407
30.000000,94.999999995197967,86.999999995602337,2.1550712250363242,-1997.8449287749636,2.1550712250363242,-0.85522873160348789,-0.85522873160348789
30.000000,94.999999995197967,87.999999995551789,2.1522423702717224,-1997.8477576297282,2.1522423702717224,-0.85805758636808971,-0.85805758636808971
30.000000,94.999999995197967,88.999999995501241,2.1455344670922445,-1997.8544655329079,2.1455344670922445,-0.8647654895475676,-0.8647654895475676
30.000000,94.999999995197967,89.999999995450679,2.1349516894776119,-1997.8650483105223,2.1349516894776119,-0.87534826716220016,-0.87534826716220016
30.000000,99.999999994945227,0,-999.99000000000001,-2999.9899999999998,-999.99000000000001,-1003.0002999566398,-1003.0002999566398
30.000000,99.999999994945227,0.99999999994945232,-34.383566057366146,-2034.3835660573661,-34.383566057366146,-37.393866014005958,-37.393866014005958
30.000000,99.999999994945227,1.9999999998989046,-28.362661395492509,-2028.3626613954925,-28.362661395492509,-31.372961352132322,-31.372961352132322
30.000000,99.999999994945227,2.9999999998483573,-24.840331284217825,-2024.8403312842179,-24.840331284217825,-27.850631240857638,-27.850631240857638
30.000000,99.999999994945227,3.9999999997978093,-22.34085591141627,-2022.3408559114164,-22.34085591141627,-25.351155868056082,-25.351155868056082
30.000000,99.999999994945227,4.9999999997472617,-20.401765549389907,-2020.4017655493899,-20.401765549389907,-23.41206550602972,-23.41206550602972
30.000000,99.999999994945227,5.9999999996967137,-18.817069082494438,-2018.8170690824945,-18.817069082494438,-21.827369039134251,-21.827369039134251
30.000000,99.999999994945227,6.9999999996461657,-17.476890071804608,-2017.4768900718045,-17.476890071804608,-20.48719002844442,-20.48719002844442
30.000000,99.999999994945227,7.9999999995956186,-16.315647752827982,-2016.315647752828,-16.315647752827982,-19.325947709467794,-19.325947709467794
30.000000,99.999999994945227,8.9999999995450715,-15.291046994024061,-2015.2910469940241,-15.291046994024061,-18.301346950663874,-18.301346950663874
30.000000,99.999999994945227,9.9999999994945235,-14.374214872112475,-2014.3742148721126,-14.374214872112475,-17.384514828752287,-17.384514828752287
30.000000,99.999999994945227,10.999999999443975,-13.544563461584143,-2013.5445634615842,-13.544563461584143,-16.554863418223956,-16.554863418223956
30.000000,99.999999994945227,11.999999999393427,-12.786897391854431,-2012.7868973918544,-12.786897391854431,-15.797197348494244,-15.797197348494244
30.000000,99.999999994945227,12.999999999342879,-12.089683140982467,-2012.0896831409825,-12.089683140982467,-15.09998309762228,-15.09998309762228
30.000000,99.999999994945227,13.999999999292331,-11.443961532122653,-2011.4439615321226,-11.443961532122653,-14.454261488762466,-14.454261488762466
30.000000,99.999999994945227,14.999999999241785,-10.842636318685297,-2010.8426363186852,-10.842636318685297,-13.85293627532511,-13.85293627532511
30.000000,99.999999994945227,15.999999999191237,-10.279992824813791,-2010.2799928248137,-10.279992824813791,-13.290292781453603,-13.290292781453603
30.000000,99.999999994945227,16.999999999140691,-9.7513627599945565,-2009.7513627599947,-9.7513627599945565,-12.761662716634369,-12.761662716634369
30.000000,99.999999994945227,17.999999999090143,-9.2528849728933373,-2009.2528849728933,-9.2528849728933373,-12.26318492953315,-12.26318492953315
30.000000,99.999999994945227,18.999999999039595,-8.7813309640903192,-2008.7813309640903,-8.7813309640903192,-11.791630920730132,-11.791630920730132
30.000000,99.999999994945227,19.999999998989047,-8.3339751947745597,-2008.3339751947747,-8.3339751947745597,-11.344275151414372,-11.344275151414372
30.000000,99.999999994945227,20.999999998938499,-7.9084970583907399,-2007.9084970583908,-7.9084970583907399,-10.918797015030552,-10.918797015030552
30.000000,99.999999994945227,21.999999998887951,-7.5029056656199984,-2007.5029056656199,-7.5029056656199984,-10.513205622259811,-10.513205622259811
30.000000,99.999999994945227,22.999999998837403,-7.1154813506869585,-2007.1154813506869,-7.1154813506869585,-10.12578130732677,-10.12578130732677
30.000000,99.999999994945227,23.999999998786855,-6.7447296242718018,-2006.7447296242717,-6.7447296242718018,-9.7550295809116143,-9.7550295809116143
30.000000,99.999999994945227,24.999999998736307,-6.3893445212932418,-2006.3893445212932,-6.3893445212932418,-9.3996444779330535,-9.3996444779330535
30.000000,99.999999994945227,25.999999998685759,-6.0481791306006558,-2006.0481791306006,-6.0481791306006558,-9.0584790872404675,-9.0584790872404675
30.000000,99.999999994945227,26.999999998635211,-5.7202216788485218,-2005.7202216788485,-5.7202216788485218,-8.7305216354883335,-8.7305216354883335
30.000000,99.999999994945227,27.999999998584663,-5.4045759556107056,-2005.4045759556107,-5.4045759556107056,-8.4148759122505172,-8.4148759122505172
30.000000,99.999999994945227,28.999999998534115,-5.1004451650186269,-2005.1004451650185,-5.1004451650186269,-8.1107451216584394,-8.1107451216584394
30.000000,99.999999994945227,29.99999999848357,-4.8071185064765674,-2004.8071185064766,-4.8071185064765674,-7.817418463116379,-7.817418463116379
30.000000,99.999999994945227,30.999999998433026,-4.5239599472338989,-2004.5239599472338,-4.5239599472338989,-7.5342599038737106,-7.5342599038737106
30.000000,99.999999994945227,31.999999998382481,-4.2503987690913263,-2004.2503987690914,-4.2503987690913263,-7.2606987257311388,-7.2606987257311388
30.000000,99.999999994945227,32.999999998331937,-3.9859215615762897,-2003.9859215615763,-3.9859215615762897,-6.9962215182161014,-6.9962215182161014
30.000000,99.999999994945227,33.999999998281389,-3.7300654024562903,-2003.7300654024564,-3.7300654024562903,-6.7403653590961028,-6.7403653590961028
30.000000,99.999999994945227,34.999999998230848,-3.4824120190889758,-2003.482412019089,-3.4824120190889758,-6.4927119757287883,-6.4927119757287883
30.000000,99.999999994945227,35.9999999981803,-3.2425827648678611,-2003.2425827648678,-3.2425827648678611,-6.2528827215076728,-6.2528827215076728
30.000000,99.999999994945227,36.999999998129759,-3.0102342768427754,-2003.0102342768428,-3.0102342768427754,-6.0205342334825875,-6.0205342334825875
30.000000,99.999999994945227,37.999999998079211,-2.7850547056206358,-2002.7850547056207,-2.7850547056206358,-5.7953546622604479,-5.7953546622604479
30.000000,99.999999994945227,38.99999999802867,-2.5667604284744745,-2002.5667604284745,-2.5667604284744745,-5.5770603851142866,-5.5770603851142866
30.000000,99.999999994945227,39.999999997978122,-2.3550931723934374,-2002.3550931723935,-2.3550931723934374,-5.3653931290332491,-5.3653931290332491
30.000000,99.999999994945227,40.999999997927581,-2.1498174864865103,-2002.1498174864864,-2.1498174864865103,-5.1601174431263228,-5.1601174431263228
30.000000,99.999999994945227,41.999999997877033,-1.9507185133866456,-2001.9507185133866,-1.9507185133866456,-4.9610184700264579,-4.9610184700264579
30.000000,99.999999994945227,42.999999997826492,-1.7576000176076423,-2001.7576000176077,-1.7576000176076423,-4.7678999742474542,-4.7678999742474542
30.000000,99.999999994945227,43.999999997775944,-1.5702826355829975,-2001.570282635583,-1.5702826355829975,-4.5805825922228092,-4.5805825922228092
30.000000,99.999999994945227,44.999999997725396,-1.3886023176730553,-2001.3886023176731,-1.3886023176730553,-4.3989022743128672,-4.3989022743128672
30.000000,99.999999994945227,45.999999997674855,-1.2124089370062154,-2001.2124089370061,-1.2124089370062154,-4.2227088936460273,-4.2227088936460273
30.000000,99.999999994945227,46.999999997624307,-1.0415650438098734,-2001.0415650438099,-1.0415650438098734,-4.0518650004496859,-4.0518650004496859
30.000000,99.999999994945227,47.999999997573767,-0.87594474703838943,-2000.8759447470384,-0.87594474703838943,-3.8862447036782015,-3.8862447036782015
30.000000,99.999999994945227,48.999999997523219,-0.71543270773595924,-2000.715432707736,-0.71543270773595924,-3.7257326643757711,-3.7257326643757711
30.000000,99.999999994945227,49.999999997472678,-0.55992323077701822,-2000.559923230777,-0.55992323077701822,-3.5702231874168304,-3.5702231874168304
30.000000,99.999999994945227,50.99999999742213,-0.40931944348230337,-2000.4093194434822,-0.40931944348230337,-3.4196194001221154,-3.4196194001221154
30.000000,99.999999994945227,51.999999997371589,-0.26353255117485674,-2000.2635325511749,-0.26353255117485674,-3.2738325078146691,-3.2738325078146691
30.000000,99.999999994945227,52.999999997321041,-0.1224811610678664,-2000.1224811610678,-0.1224811610678664,-3.1327811177076783,-3.1327811177076783
30.000000,99.999999994945227,53.9999999972705,0.013909332995200356,-1999.9860906670049,0.013909332995200356,-2.9963906236446118,-2.9963906236446118
30.000000,99.999999994945227,54.999999997219952,0.14570731146507562,-1999.854292688535,0.14570731146507562,-2.8645926451747363,-2.8645926451747363
30.000000,99.999999994945227,55.999999997169411,0.27297544136892304,-1999.727024558631,0.27297544136892304,-2.7373245152708892,-2.7373245152708892
30.000000,99.999999994945227,56.999999997118863,0.3957711449366183,-1999.6042288550634,0.3957711449366183,-2.614528811703194,-2.614528811703194
30.000000,99.999999994945227,57.999999997068315,0.51414702894883668,-1999.4858529710511,0.51414702894883668,-2.4961529276909755,-2.4961529276909755
30.000000,99.999999994945227,58.999999997017767,0.62815127865962639,-1999.3718487213405,0.62815127865962639,-2.3821486779801857,-2.3821486779801857
30.000000,99.999999994945227,59.999999996967219,0.73782801969144485,-1999.2621719803085,0.73782801969144485,-2.2724719369483672,-2.2724719369483672
30.000000,99.999999994945227,60.999999996916664,0.84321765090638212,-1999.1567823490936,0.84321765090638212,-2.1670823057334299,-2.1670823057334299
30.000000,99.999999994945227,61.999999996866116,0.94435715091389349,-1999.0556428490861,0.94435715091389349,-2.0659428057259186,-2.0659428057259186
30.000000,99.999999994945227,62.999999996815561,1.0412803605761247,-1998.9587196394239,1.0412803605761247,-1.9690195960636874,-1.9690195960636874
30.000000,99.999999994945227,63.999999996765013,1.1340182436101185,-1998.8659817563898,1.1340182436101185,-1.8762817130296936,-1.8762817130296936
30.000000,99.999999994945227,64.999999996714465,1.2225991271566381,-1998.7774008728434,1.2225991271566381,-1.787700829483174,-1.787700829483174
30.000000,99.999999994945227,65.999999996663917,1.3070489239838845,-1998.692951076016,1.3070489239838845,-1.7032510326559276,-1.7032510326559276
30.000000,99.999999994945227,66.999999996613354,1.3873913378166023,-1998.6126086621834,1.3873913378166023,-1.6229086188232098,-1.6229086188232098
30.000000,99.999999994945227,67.999999996562806,1.4636480531244291,-1998.5363519468756,1.4636480531244291,-1.546651903515383,-1.546651903515383
30.000000,99.999999994945227,68.999999996512258,1.5358389105644519,-1998.4641610894355,1.5358389105644519,-1.4744610460753602,-1.4744610460753602
30.000000,99.999999994945227,69.99999999646171,1.6039820691499573,-1998.3960179308501,1.6039820691499573,-1.4063178874898548,-1.4063178874898548
30.000000,99.999999994945227,70.999999996411148,1.6680941561077849,-1998.3319058438922,1.6680941561077849,-1.3422058005320272,-1.3422058005320272
30.000000,99.999999994945227,71.9999999963606,1.7281904052891817,-1998.2718095947109,1.7281904052891817,-1.2821095513506304,-1.2821095513506304
30.000000,99.999999994945227,72.999999996310052,1.784284784911832,-1998.2157152150883,1.784284784911832,-1.2260151717279801,-1.2260151717279801
30.000000,99.999999994945227,73.999999996259504,1.8363901153325175,-1998.1636098846675,1.8363901153325175,-1.1739098413072946,-1.1739098413072946
30.000000,99.999999994945227,74.999999996208956,1.8845181774798145,-1998.1154818225202,1.8845181774798145,-1.1257817791599976,-1.1257817791599976
30.000000,99.999999994945227,75.999999996158394,1.928679812512798,-1998.0713201874871,1.928679812512798,-1.0816201441270141,-1.0816201441270141
30.000000,99.999999994945227,76.999999996107846,1.9688850132147218,-1998.0311149867853,1.9688850132147218,-1.0414149434250903,-1.0414149434250903
30.000000,99.999999994945227,77.999999996057298,2.0051430075787069,-1997.9948569924213,2.0051430075787069,-1.0051569490611052,-1.0051569490611052
30.000000,99.999999994945227,78.99999999600675,2.0374623349954408,-1997.9625376650044,2.0374623349954408,-0.97283762164437126,-0.97283762164437126
30.000000,99.999999994945227,79.999999995956202,2.0658509154098921,-1997.9341490845902,2.0658509154098921,-0.94444904122992002,-0.94444904122992002
30.000000,99.999999994945227,80.99999999590564,2.0903161117744702,-1997.9096838882256,2.0903161117744702,-0.9199838448653419,-0.9199838448653419
30.000000,99.999999994945227,81.999999995855092,2.1108647860901,-1997.8891352139099,2.1108647860901,-0.89943517054971212,-0.89943517054971212
30.000000,99.999999994945227,82.999999995804544,2.1275033492929181,-1997.872496650707,2.1275033492929181,-0.88279660734689402,-0.88279660734689402
30.000000,99.999999994945227,83.999999995753996,2.1402378052133133,-1997.8597621947868,2.1402378052133133,-0.87006215142649879,-0.87006215142649879
30.000000,99.999999994945227,84.999999995703433,2.1490737888050218,-1997.850926211195,2.1490737888050218,-0.86122616783479033,-0.86122616783479033
30.000000,99.999999994945227,85.999999995652885,2.154016598814648,-1997.8459834011853,2.154016598814648,-0.85628335782516407,-0.85628335782516407
30.000000,99.999999994945227,86.999999995602337,2.1550712250363242,-1997.8449287749636,2.1550712250363242,-0.85522873160348789,-0.85522873160348789
30.000000,99.999999994945227,87.999999995551789,2.1522423702717224,-1997.8477576297282,2.1522423702717224,-0.85805758636808971,-0.85805758636808971
30.000000,99.999999994945227,88.999999995501241,2.1455344670922445,-1997.8544655329079,2.1455344670922445,-0.8647654895475676,-0.8647654895475676
30.000000,99.999999994945227,89.999999995450679,2.1349516894776119,-1997.8650483105223,2.1349516894776119,-0.87534826716220016,-0.87534826716220016
30.000000,104.99999999469249,0,-999.99000000000001,-2999.9899999999998,-999.99000000000001,-1003.0002999566398,-1003.0002999566398
30.000000,104.99999999469249,0.99999999994945232,-34.383566057366146,-2034.3835660573661,-34.383566057366146,-37.393866014005958,-37.393866014005958
30.000000,104.99999999469249,1.9999999998989046,-28.362661395492509,-2028.3626613954925,-28.362661395492509,-31.372961352132322,-31.372961352132322
30.000000,104.99999999469249,2.9999999998483573,-24.840331284217825,-2024.8403312842179,-24.840331284217825,-27.850631240857638,-27.850631240857638
30.000000,104.99999999469249,3.9999999997978093,-22.34085591141627,-2022.3408559114164,-22.34085591141627,-25.351155868056082,-25.351155868056082
30.000000,104.99999999469249,4.9999999997472617,-20.401765549389907,-2020.4017655493899,-20.401765549389907,-23.41206550602972,-23.41206550602972
30.000000,104.99999999469249,5.9999999996967137,-18.817069082494438,-2018.8170690824945,-18.817069082494438,-21.827369039134251,-21.827369039134251
30.000000,104.99999999469249,6.9999999996461657,-17.476890071804608,-2017.4768900718045,-17.476890071804608,-20.48719002844442,-20.48719002844442
30.000000,104.99999999469249,7.9999999995956186,-16.315647752827982,-2016.315647752828,-16.315647752827982,-19.325947709467794,-19.325947709467794
30.000000,104.99999999469249,8.9999999995450715,-15.291046994024061,-2015.2910469940241,-15.291046994024061,-18.301346950663874,-18.301346950663874
30.000000,104.99999999469249,9.9999999994945235,-14.374214872112475,-2014.3742148721126,-14.374214872112475,-17.384514828752287,-17.384514828752287
30.000000,104.99999999469249,10.999999999443975,-13.544563461584143,-2013.5445634615842,-13.544563461584143,-16.554863418223956,-16.554863418223956
30.000000,104.99999999469249,11.999999999393427,-12.786897391854431,-2012.7868973918544,-12.786897391854431,-15.797197348494244,-15.797197348494244
30.000000,104.99999999469249,12.999999999342879,-12.089683140982467,-2012.0896831409825,-12.089683140982467,-15.09998309762228,-15.09998309762228
30.000000,104.99999999469249,13.999999999292331,-11.443961532122653,-2011.4439615321226,-11.443961532122653,-14.454261488762466,-14.454261488762466
30.000000,104.99999999469249,14.999999999241785,-10.842636318685297,-2010.8426363186852,-10.842636318685297,-13.85293627532511,-13.85293627532511
30.000000,104.99999999469249,15.999999999191237,-10.279992824813791,-2010.2799928248137,-10.279992824813791,-13.290292781453603,-13.290292781453603
30.000000,104.99999999469249,16.999999999140691,-9.7513627599945565,-2009.7513627599947,-9.7513627599945565,-12.761662716634369,-12.761662716634369
30.000000,104.99999999469249,17.999999999090143,-9.2528849728933373,-2009.2528849728933,-9.2528849728933373,-12.26318492953315,-12.26318492953315
30.000000,104.99999999469249,18.999999999039595,-8.7813309640903192,-2008.7813309640903,-8.7813309640903192,-11.791630920730132,-11.791630920730132
30.000000,104.99999999469249,19.999999998989047,-8.3339751947745597,-2008.3339751947747,-8.3339751947745597,-11.344275151414372,-11.344275151414372
30.000000,104.99999999469249,20.999999998938499,-7.9084970583907399,-2007.9084970583908,-7.9084970583907399,-10.918797015030552,-10.918797015030552
30.000000,104.99999999469249,21.999999998887951,-7.5029056656199984,-2007.5029056656199,-7.5029056656199984,-10.513205622259811,-10.513205622259811
30.000000,104.99999999469249,22.999999998837403,-7.1154813506869585,-2007.1154813506869,-7.1154813506869585,-10.12578130732677,-10.12578130732677
30.000000,104.99999999469249,23.999999998786855,-6.7447296242718018,-2006.7447296242717,-6.7447296242718018,-9.7550295809116143,-9.7550295809116143
30.000000,104.99999999469249,24.999999998736307,-6.3893445212932418,-2006.3893445212932,-6.3893445212932418,-9.3996444779330535,-9.3996444779330535
30.000000,104.99999999469249,25.999999998685759,-6.0481791306006558,-2006.0481791306006,-6.0481791306006558,-9.0584790872404675,-9.0584790872404675
30.000000,104.99999999469249,26.999999998635211,-5.7202216788485218,-2005.7202216788485,-5.7202216788485218,-8.7305216354883335,-8.7305216354883335
30.000000,104.99999999469249,27.999999998584663,-5.4045759556107056,-2005.4045759556107,-5.4045759556107056,-8.4148759122505172,-8.4148759122505172
30.000000,104.99999999469249,28.999999998534115,-5.1004451650186269,-2005.1004451650185,-5.1004451650186269,-8.1107451216584394,-8.1107451216584394
30.000000,104.99999999469249,29.99999999848357,-4.8071185064765674,-2004.8071185064766,-4.8071185064765674,-7.817418463116379,-7.817418463116379
30.000000,104.99999999469249,30.999999998433026,-4.5239599472338989,-2004.5239599472338,-4.5239599472338989,-7.5342599038737106,-7.5342599038737106
30.000000,104.99999999469249,31.999999998382481,-4.2503987690913263,-2004.2503987690914,-4.2503987690913263,-7.2606987257311388,-7.2606987257311388
30.000000,104.99999999469249,32.999999998331937,-3.9859215615762897,-2003.9859215615763,-3.9859215615762897,-6.9962215182161014,-6.9962215182161014
30.000000,104.99999999469249,33.999999998281389,-3.7300654024562903,-2003.7300654024564,-3.7300654024562903,-6.7403653590961028,-6.7403653590961028
30.000000,104.99999999469249,34.999999998230848,-3.4824120190889758,-2003.482412019089,-3.4824120190889758,-6.4927119757287883,-6.4927119757287883
30.000000,104.99999999469249,35.9999999981803,-3.2425827648678611,-2003.2425827648678,-3.2425827648678611,-6.2528827215076728,-6.2528827215076728
30.000000,104.99999999469249,36.999999998129759,-3.0102342768427754,-2003.0102342768428,-3.0102342768427754,-6.0205342334825875,-6.0205342334825875
30.000000,104.99999999469249,37.999999998079211,-2.7850547056206358,-2002.7850547056207,-2.7850547056206358,-5.7953546622604479,-5.7953546622604479
30.000000,104.99999999469249,38.99999999802867,-2.5667604284744745,-2002.5667604284745,-2.5667604284744745,-5.5770603851142866,-5.5770603851142866
30.000000,104.99999999469249,39.999999997978122,-2.3550931723934374,-2002.3550931723935,-2.3550931723934374,-5.3653931290332491,-5.3653931290332491
30.000000,104.99999999469249,40.999999997927581,-2.1498174864865103,-2002.1498174864864,-2.1498174864865103,-5.1601174431263228,-5.1601174431263228
30.000000,104.99999999469249,41.999999997877033,-1.9507185133866456,-2001.9507185133866,-1.9507185133866456,-4.9610184700264579,-4.9610184700264579
30.000000,104.99999999469249,42.999999997826492,-1.7576000176076423,-2001.7576000176077,-1.7576000176076423,-4.7678999742474542,-4.7678999742474542
30.000000,104.99999999469249,43.999999997775944,-1.5702826355829975,-2001.570282635583,-1.5702826355829975,-4.5805825922228092,-4.5805825922228092
30.000000,104.99999999469249,44.999999997725396,-1.3886023176730553,-2001.3886023176731,-1.3886023176730553,-4.3989022743128672,-4.3989022743128672
30.000000,104.99999999469249,45.999999997674855,-1.2124089370062154,-2001.2124089370061,-1.2124089370062154,-4.2227088936460273,-4.2227088936460273
30.000000,104.99999999469249,46.999999997624307,-1.0415650438098734,-2001.0415650438099,-1.0415650438098734,-4.0518650004496859,-4.0518650004496859
30.000000,104.99999999469249,47.999999997573767,-0.87594474703838943,-2000.8759447470384,-0.87594474703838943,-3.8862447036782015,-3.8862447036782015
30.000000,104.99999999469249,48.999999997523219,-0.71543270773595924,-2000.715432707736,-0.71543270773595924,-3.7257326643757711,-3.7257326643757711
30.000000,104.99999999469249,49.999999997472678,-0.55992323077701822,-2000.559923230777,-0.55992323077701822,-3.5702231874168304,-3.5702231874168304
30.000000,104.99999999469249,50.99999999742213,-0.40931944348230337,-2000.4093194434822,-0.40931944348230337,-3.4196194001221154,-3.4196194001221154
30.000000,104.99999999469249,51.999999997371589,-0.26353255117485674,-2000.2635325511749,-0.26353255117485674,-3.2738325078146691,-3.2738325078146691
30.000000,104.99999999469249,52.999999997321041,-0.1224811610678664,-2000.1224811610678,-0.1224811610678664,-3.1327811177076783,-3.1327811177076783
30.000000,104.99999999469249,53.9999999972705,0.013909332995200356,-1999.9860906670049,0.013909332995200356,-2.9963906236446118,-2.9963906236446118
30.000000,104.99999999469249,54.999999997219952,0.14570731146507562,-1999.854292688535,0.14570731146507562,-2.8645926451747363,-2.8645926451747363
30.000000,104.99999999469249,55.999999997169411,0.27297544136892304,-1999.727024558631,0.27297544136892304,-2.7373245152708892,-2.7373245152708892
30.000000,104.99999999469249,56.999999997118863,0.3957711449366183,-1999.6042288550634,0.3957711449366183,-2.614528811703194,-2.614528811703194
30.000000,104.99999999469249,57.999999997068315,0.51414702894883668,-1999.4858529710511,0.51414702894883668,-2.4961529276909755,-2.4961529276909755
30.000000,104.99999999469249,58.999999997017767,0.62815127865962639,-1999.3718487213405,0.62815127865962639,-2.3821486779801857,-2.3821486779801857
30.000000,104.99999999469249,59.999999996967219,0.73782801969144485,-1999.2621719803085,0.73782801969144485,-2.2724719369483672,-2.2724719369483672
30.000000,104.99999999469249,60.999999996916664,0.84321765090638212,-1999.1567823490936,0.84321765090638212,-2.1670823057334299,-2.1670823057334299
30.000000,104.99999999469249,61.999999996866116,0.94435715091389349,-1999.0556428490861,0.94435715091389349,-2.0659428057259186,-2.0659428057259186
30.000000,104.99999999469249,62.999999996815561,1.0412803605761247,-1998.9587196394239,1.0412803605761247,-1.9690195960636874,-1.9690195960636874
30.000000,104.99999999469249,63.999999996765013,1.1340182436101185,-1998.8659817563898,1.1340182436101185,-1.8762817130296936,-1.8762817130296936
30.000000,104.99999999469249,64.999999996714465,1.2225991271566381,-1998.7774008728434,1.2225991271566381,-1.787700829483174,-1.787700829483174
30.000000,104.99999999469249,65.999999996663917,1.3070489239838845,-1998.692951076016,1.3070489239838845,-1.7032510326559276,-1.7032510326559276
30.000000,104.99999999469249,66.999999996613354,1.3873913378166023,-1998.6126086621834,1.3873913378166023,-1.6229086188232098,-1.6229086188232098
30.000000,104.99999999469249,67.999999996562806,1.4636480531244291,-1998.5363519468756,1.4636480531244291,-1.546651903515383,-1.546651903515383
30.000000,104.99999999469249,68.999999996512258,1.5358389105644519,-1998.4641610894355,1.5358389105644519,-1.4744610460753602,-1.4744610460753602
30.000000,104.99999999469249,69.99999999646171,1.6039820691499573,-1998.3960179308501,1.6039820691499573,-1.4063178874898548,-1.4063178874898548
30.000000,104.99999999469249,70.999999996411148,1.6680941561077849,-1998.3319058438922,1.6680941561077849,-1.3422058005320272,-1.3422058005320272
30.000000,104.99999999469249,71.9999999963606,1.7281904052891817,-1998.2718095947109,1.7281904052891817,-1.2821095513506304,-1.2821095513506304
30.000000,104.99999999469249,72.999999996310052,1.784284784911832,-1998.2157152150883,1.784284784911832,-1.2260151717279801,-1.2260151717279801
30.000000,104.99999999469249,73.999999996259504,1.8363901153325175,-1998.1636098846675,1.8363901153325175,-1.1739098413072946,-1.1739098413072946
30.000000,104.99999999469249,74.999999996208956,1.8845181774798145,-1998.1154818225202,1.8845181774798145,-1.1257817791599976,-1.1257817791599976
30.000000,104.99999999469249,75.999999996158394,1.928679812512798,-1998.0713201874871,1.928679812512798,-1.0816201441270141,-1.0816201441270141
30.000000,104.99999999469249,76.999999996107846,1.9688850132147218,-1998.0311149867853,1.9688850132147218,-1.0414149434250903,-1.0414149434250903
30.000000,104.99999999469249,77.999999996057298,2.0051430075787069,-1997.9948569924213,2.0051430075787069,-1.0051569490611052,-1.0051569490611052
30.000000,104.99999999469249,78.99999999600675,2.0374623349954408,-1997.9625376650044,2.0374623349954408,-0.97283762164437126,-0.97283762164437126
30.000000,104.99999999469249,79.999999995956202,2.0658509154098921,-1997.9341490845902,2.0658509154098921,-0.94444904122992002,-0.94444904122992002
30.000000,104.99999999469249,80.99999999590564,2.0903161117744702,-1997.9096838882256,2.0903161117744702,-0.9199838448653419,-0.9199838448653419
30.000000,104.99999999469249,81.999999995855092,2.1108647860901,-1997.8891352139099,2.1108647860901,-0.89943517054971212,-0.89943517054971212
30.000000,104.99999999469249,82.999999995804544,2.1275033492929181,-1997.872496650707,2.1275033492929181,-0.88279660734689402,-0.88279660734689402
30.000000,104.99999999469249,83.999999995753996,2.1402378052133133,-1997.8597621947868,2.1402378052133133,-0.87006215142649879,-0.87006215142649879
30.000000,104.99999999469249,84.999999995703433,2.1490737888050218,-1997.850926211195,2.1490737888050218,-0.86122616783479033,-0.86122616783479033
30.000000,104.99999999469249,85.999999995652885,2.154016598814648,-1997.8459834011853,2.154016598814648,-0.85628335782516407,-0.85628335782516407
30.000000,104.99999999469249,86.999999995602337,2.1550712250363242,-1997.8449287749636,2.1550712250363242,-0.85522873160348789,-0.85522873160348789
30.000000,104.99999999469249,87.999999995551789,2.1522423702717224,-1997.8477576297282,2.1522423702717224,-0.85805758636808971,-0.85805758636808971
30.000000,104.99999999469249,88.999999995501241,2.1455344670922445,-1997.8544655329079,2.1455344670922445,-0.8647654895475676,-0.8647654895475676
30.000000,104.99999999469249,89.999999995450679,2.1349516894776119,-1997.8650483105223,2.1349516894776119,-0.87534826716220016,-0.87534826716220016
30.000000,109.99999999443973,0,-999.99000000000001,-2999.9899999999998,-999.99000000000001,-1003.0002999566398,-1003.0002999566398
30.000000,109.99999999443973,0.99999999994945232,-34.383566057366146,-2034.3835660573661,-34.383566057366146,-37.393866014005958,-37.393866014005958
30.000000,109.99999999443973,1.9999999998989046,-28.362661395492509,-2028.3626613954925,-28.362661395492509,-31.372961352132322,-31.372961352132322
30.000000,109.99999999443973,2.9999999998483573,-24.840331284217825,-2024.8403312842179,-24.840331284217825,-27.850631240857638,-27.850631240857638
30.000000,109.99999999443973,3.9999999997978093,-22.34085591141627,-2022.3408559114164,-22.34085591141627,-25.351155868056082,-25.351155868056082
30.000000,109.99999999443973,4.9999999997472617,-20.401765549389907,-2020.4017655493899,-20.401765549389907,-23.41206550602972,-23.41206550602972
30.000000,109.99999999443973,5.9999999996967137,-18.817069082494438,-2018.8170690824945,-18.817069082494438,-21.827369039134251,-21.827369039134251
30.000000,109.99999999443973,6.9999999996461657,-17.476890071804608,-2017.4768900718045,-17.476890071804608,-20.48719002844442,-20.48719002844442
30.000000,109.99999999443973,7.9999999995956186,-16.315647752827982,-2016.315647752828,-16.315647752827982,-19.325947709467794,-19.325947709467794
30.000000,109.99999999443973,8.9999999995450715,-15.291046994024061,-2015.2910469940241,-15.291046994024061,-18.301346950663874,-18.301346950663874
30.000000,109.99999999443973,9.9999999994945235,-14.374214872112475,-2014.3742148721126,-14.374214872112475,-17.384514828752287,-17.384514828752287
30.000000,109.99999999443973,10.999999999443975,-13.544563461584143,-2013.5445634615842,-13.544563461584143,-16.554863418223956,-16.554863418223956
30.000000,109.99999999443973,11.999999999393427,-12.786897391854431,-2012.7868973918544,-12.786897391854431,-15.797197348494244,-15.797197348494244
30.000000,109.99999999443973,12.999999999342879,-12.089683140982467,-2012.0896831409825,-12.089683140982467,-15.09998309762228,-15.09998309762228
30.000000,109.99999999443973,13.999999999292331,-11.443961532122653,-2011.4439615321226,-11.443961532122653,-14.454261488762466,-14.454261488762466
30.000000,109.99999999443973,14.999999999241785,-10.842636318685297,-2010.8426363186852,-10.842636318685297,-13.85293627532511,-13.85293627532511
30.000000,109.99999999443973,15.999999999191237,-10.279992824813791,-2010.2799928248137,-10.279992824813791,-13.290292781453603,-13.290292781453603
30.000000,109.99999999443973,16.999999999140691,-9.7513627599945565,-2009.7513627599947,-9.7513627599945565,-12.761662716634369,-12.761662716634369
30.000000,109.99999999443973,17.999999999090143,-9.2528849728933373,-2009.2528849728933,-9.2528849728933373,-12.26318492953315,-12.26318492953315
30.000000,109.99999999443973,18.999999999039595,-8.7813309640903192,-2008.7813309640903,-8.7813309640903192,-11.791630920730132,-11.791630920730132
30.000000,109.99999999443973,19.999999998989047,-8.3339751947745597,-2008.3339751947747,-8.3339751947745597,-11.344275151414372,-11.344275151414372
30.000000,109.99999999443973,20.999999998938499,-7.9084970583907399,-2007.9084970583908,-7.9084970583907399,-10.918797015030552,-10.918797015030552
30.000000,109.99999999443973,21.999999998887951,-7.5029056656199984,-2007.5029056656199,-7.5029056656199984,-10.513205622259811,-10.513205622259811
30.000000,109.99999999443973,22.999999998837403,-7.1154813506869585,-2007.1154813506869,-7.1154813506869585,-10.12578130732677,-10.12578130732677
30.000000,109.99999999443973,23.999999998786855,-6.7447296242718018,-2006.7447296242717,-6.7447296242718018,-9.7550295809116143,-9.7550295809116143
30.000000,109.99999999443973,24.999999998736307,-6.3893445212932418,-2006.3893445212932,-6.3893445212932418,-9.3996444779330535,-9.3996444779330535
30.000000,109.99999999443973,25.999999998685759,-6.0481791306006558,-2006.0481791306006,-6.0481791306006558,-9.0584790872404675,-9.0584790872404675
30.000000,109.99999999443973,26.999999998635211,-5.7202216788485218,-2005.7202216788485,-5.7202216788485218,-8.7305216354883335,-8.7305216354883335
30.000000,109.99999999443973,27.999999998584663,-5.4045759556107056,-2005.4045759556107,-5.4045759556107056,-8.4148759122505172,-8.4148759122505172
30.000000,109.99999999443973,28.999999998534115,-5.1004451650186269,-2005.1004451650185,-5.1004451650186269,-8.1107451216584394,-8.1107451216584394
30.000000,109.99999999443973,29.99999999848357,-4.8071185064765674,-2004.8071185064766,-4.8071185064765674,-7.817418463116379,-7.817418463116379
30.000000,109.99999999443973,30.999999998433026,-4.5239599472338989,-2004.5239599472338,-4.5239599472338989,-7.5342599038737106,-7.5342599038737106
30.000000,109.99999999443973,31.999999998382481,-4.2503987690913263,-2004.2503987690914,-4.2503987690913263,-7.2606987257311388,-7.2606987257311388
30.000000,109.99999999443973,32.999999998331937,-3.9859215615762897,-2003.9859215615763,-3.9859215615762897,-6.9962215182161014,-6.9962215182161014
30.000000,109.99999999443973,33.999999998281389,-3.7300654024562903,-2003.7300654024564,-3.7300654024562903,-6.7403653590961028,-6.7403653590961028
30.000000,109.99999999443973,34.999999998230848,-3.4824120190889758,-2003.482412019089,-3.4824120190889758,-6.4927119757287883,-6.4927119757287883
30.000000,109.99999999443973,35.9999999981803,-3.2425827648678611,-2003.2425827648678,-3.2425827648678611,-6.2528827215076728,-6.2528827215076728
30.000000,109.99999999443973,36.999999998129759,-3.0102342768427754,-2003.0102342768428,-3.0102342768427754,-6.0205342334825875,-6.0205342334825875
30.000000,109.99999999443973,37.999999998079211,-2.7850547056206358,-2002.7850547056207,-2.7850547056206358,-5.7953546622604479,-5.7953546622604479
30.000000,109.99999999443973,38.99999999802867,-2.5667604284744745,-2002.5667604284745,-2.5667604284744745,-5.5770603851142866,-5.5770603851142866
30.000000,109.99999999443973,39.999999997978122,-2.3550931723934374,-2002.3550931723935,-2.3550931723934374,-5.3653931290332491,-5.3653931290332491
30.000000,109.99999999443973,40.999999997927581,-2.1498174864865103,-2002.1498174864864,-2.1498174864865103,-5.1601174431263228,-5.1601174431263228
30.000000,109.99999999443973,41.999999997877033,-1.9507185133866456,-2001.9507185133866,-1.9507185133866456,-4.9610184700264579,-4.9610184700264579
30.000000,109.99999999443973,42.999999997826492,-1.7576000176076423,-2001.7576000176077,-1.7576000176076423,-4.7678999742474542,-4.7678999742474542
30.000000,109.99999999443973,43.999999997775944,-1.5702826355829975,-2001.570282635583,-1.5702826355829975,-4.5805825922228092,-4.5805825922228092
30.000000,109.99999999443973,44.999999997725396,-1.3886023176730553,-2001.3886023176731,-1.3886023176730553,-4.3989022743128672,-4.3989022743128672
30.000000,109.99999999443973,45.999999997674855,-1.2124089370062154,-2001.2124089370061,-1.2124089370062154,-4.2227088936460273,-4.2227088936460273
30.000000,109.99999999443973,46.999999997624307,-1.0415650438098734,-2001.0415650438099,-1.0415650438098734,-4.0518650004496859,-4.0518650004496859
30.000000,109.99999999443973,47.999999997573767,-0.87594474703838943,-2000.8759447470384,-0.87594474703838943,-3.8862447036782015,-3.8862447036782015
30.000000,109.99999999443973,48.999999997523219,-0.71543270773595924,-2000.715432707736,-0.71543270773595924,-3.7257326643757711,-3.7257326643757711
30.000000,109.99999999443973,49.999999997472678,-0.55992323077701822,-2000.559923230777,-0.55992323077701822,-3.5702231874168304,-3.5702231874168304
30.000000,109.99999999443973,50.99999999742213,-0.40931944348230337,-2000.4093194434822,-0.40931944348230337,-3.4196194001221154,-3.4196194001221154
30.000000,109.99999999443973,51.999999997371589,-0.26353255117485674,-2000.2635325511749,-0.26353255117485674,-3.2738325078146691,-3.2738325078146691
30.000000,109.99999999443973,52.999999997321041,-0.1224811610678664,-2000.1224811610678,-0.1224811610678664,-3.1327811177076783,-3.1327811177076783
30.000000,109.99999999443973,53.9999999972705,0.013909332995200356,-1999.9860906670049,0.013909332995200356,-2.9963906236446118,-2.9963906236446118
30.000000,109.99999999443973,54.999999997219952,0.14570731146507562,-1999.854292688535,0.14570731146507562,-2.8645926451747363,-2.8645926451747363
30.000000,109.99999999443973,55.999999997169411,0.27297544136892304,-1999.727024558631,0.27297544136892304,-2.7373245152708892,-2.7373245152708892
30.000000,109.99999999443973,56.999999997118863,0.3957711449366183,-1999.6042288550634,0.3957711449366183,-2.614528811703194,-2.614528811703194
30.000000,109.99999999443973,57.999999997068315,0.51414702894883668,-1999.4858529710511,0.51414702894883668,-2.4961529276909755,-2.4961529276909755
30.000000,109.99999999443973,58.999999997017767,0.62815127865962639,-1999.3718487213405,0.62815127865962639,-2.3821486779801857,-2.3821486779801857
30.000000,109.99999999443973,59.999999996967219,0.73782801969144485,-1999.2621719803085,0.73782801969144485,-2.2724719369483672,-2.2724719369483672
30.000000,109.99999999443973,60.999999996916664,0.84321765090638212,-1999.1567823490936,0.84321765090638212,-2.1670823057334299,-2.1670823057334299
30.000000,109.99999999443973,61.999999996866116,0.94435715091389349,-1999.0556428490861,0.94435715091389349,-2.0659428057259186,-2.0659428057259186
30.000000,109.99999999443973,62.999999996815561,1.0412803605761247,-1998.9587196394239,1.0412803605761247,-1.9690195960636874,-1.9690195960636874
30.000000,109.99999999443973,63.999999996765013,1.1340182436101185,-1998.8659817563898,1.1340182436101185,-1.8762817130296936,-1.8762817130296936
30.000000,109.99999999443973,64.999999996714465,1.2225991271566381,-1998.7774008728434,1.2225991271566381,-1.787700829483174,-1.787700829483174
30.000000,109.99999999443973,65.999999996663917,1.3070489239838845,-1998.692951076016,1.3070489239838845,-1.7032510326559276,-1.7032510326559276
30.000000,109.99999999443973,66.999999996613354,1.3873913378166023,-1998.6126086621834,1.3873913378166023,-1.6229086188232098,-1.6229086188232098
30.000000,109.99999999443973,67.999999996562806,1.4636480531244291,-1998.5363519468756,1.4636480531244291,-1.546651903515383,-1.546651903515383
30.000000,109.99999999443973,68.999999996512258,1.5358389105644519,-1998.4641610894355,1.5358389105644519,-1.4744610460753602,-1.4744610460753602
30.000000,109.99999999443973,69.99999999646171,1.6039820691499573,-1998.3960179308501,1.6039820691499573,-1.4063178874898548,-1.4063178874898548
30.000000,109.99999999443973,70.999999996411148,1.6680941561077849,-1998.3319058438922,1.6680941561077849,-1.3422058005320272,-1.3422058005320272
30.000000,109.99999999443973,71.9999999963606,1.7281904052891817,-1998.2718095947109,1.7281904052891817,-1.2821095513506304,-1.2821095513506304
30.000000,109.99999999443973,72.999999996310052,1.784284784911832,-1998.2157152150883,1.784284784911832,-1.2260151717279801,-1.2260151717279801
30.000000,109.99999999443973,73.999999996259504,1.8363901153325175,-1998.1636098846675,1.8363901153325175,-1.1739098413072946,-1.1739098413072946
30.000000,109.99999999443973,74.999999996208956,1.8845181774798145,-1998.1154818225202,1.8845181774798145,-1.1257817791599976,-1.1257817791599976
30.000000,109.99999999443973,75.999999996158394,1.928679812512798,-1998.0713201874871,1.928679812512798,-1.0816201441270141,-1.0816201441270141
30.000000,109.99999999443973,76.999999996107846,1.9688850132147218,-1998.0311149867853,1.9688850132147218,-1.0414149434250903,-1.0414149434250903
30.000000,109.99999999443973,77.999999996057298,2.0051430075787069,-1997.9948569924213,2.0051430075787069,-1.0051569490611052,-1.0051569490611052
30.000000,109.99999999443973,78.99999999600675,2.0374623349954408,-1997.9625376650044,2.0374623349954408,-0.97283762164437126,-0.97283762164437126
30.000000,109.99999999443973,79.999999995956202,2.0658509154098921,-1997.9341490845902,2.0658509154098921,-0.94444904122992002,-0.94444904122992002
30.000000,109.99999999443973,80.99999999590564,2.0903161117744702,-1997.9096838882256,2.0903161117744702,-0.9199838448653419,-0.9199838448653419
30.000000,109.99999999443973,81.999999995855092,2.1108647860901,-1997.8891352139099,2.1108647860901,-0.89943517054971212,-0.89943517054971212
30.000000,109.99999999443973,82.999999995804544,2.1275033492929181,-1997.872496650707,2.1275033492929181,-0.88279660734689402,-0.88279660734689402
30.000000,109.99999999443973,83.999999995753996,2.1402378052133133,-1997.8597621947868,2.1402378052133133,-0.87006215142649879,-0.87006215142649879
30.000000,109.99999999443973,84.999999995703433,2.1490737888050218,-1997.850926211195,2.1490737888050218,-0.86122616783479033,-0.86122616783479033
30.000000,109.99999999443973,85.999999995652885,2.154016598814648,-1997.8459834011853,2.154016598814648,-0.85628335782516407,-0.85628335782516407
30.000000,109.99999999443973,86.999999995602337,2.1550712250363242,-1997.8449287749636,2.1550712250363242,-0.85522873160348789,-0.85522873160348789
30.000000,109.99999999443973,87.999999995551789,2.1522423702717224,-1997.8477576297282,2.1522423702717224,-0.85805758636808971,-0.85805758636808971
30.000000,109.99999999443973,88.999999995501241,2.1455344670922445,-1997.8544655329079,2.1455344670922445,-0.8647654895475676,-0.8647654895475676
30.000000,109.99999999443973,89.999999995450679,2.1349516894776119,-1997.8650483105223,2.1349516894776119,-0.87534826716220016,-0.87534826716220016
30.000000,114.99999999418701,0,-999.99000000000001,-2999.9899999999998,-999.99000000000001,-1003.0002999566398,-1003.0002999566398
30.000000,114.99999999418701,0.99999999994945232,-34.383566057366146,-2034.3835660573661,-34.383566057366146,-37.393866014005958,-37.393866014005958
30.000000,114.99999999418701,1.9999999998989046,-28.362661395492509,-2028.3626613954925,-28.362661395492509,-31.372961352132322,-31.372961352132322
30.000000,114.99999999418701,2.9999999998483573,-24.840331284217825,-2024.8403312842179,-24.840331284217825,-27.850631240857638,-27.850631240857638
30.000000,114.99999999418701,3.9999999997978093,-22.34085591141627,-2022.3408559114164,-22.34085591141627,-25.351155868056082,-25.351155868056082
30.000000,114.99999999418701,4.9999999997472617,-20.401765549389907,-2020.4017655493899,-20.401765549389907,-23.41206550602972,-23.41206550602972
30.000000,114.99999999418701,5.9999999996967137,-18.817069082494438,-2018.8170690824945,-18.817069082494438,-21.827369039134251,-21.827369039134251
30.000000,114.99999999418701,6.9999999996461657,-17.476890071804608,-2017.4768900718045,-17.476890071804608,-20.48719002844442,-20.48719002844442
30.000000,114.99999999418701,7.9999999995956186,-16.315647752827982,-2016.315647752828,-16.315647752827982,-19.325947709467794,-19.325947709467794
30.000000,114.99999999418701,8.9999999995450715,-15.291046994024061,-2015.2910469940241,-15.291046994024061,-18.301346950663874,-18.301346950663874
30.000000,114.99999999418701,9.9999999994945235,-14.374214872112475,-2014.3742148721126,-14.374214872112475,-17.384514828752287,-17.384514828752287
30.000000,114.99999999418701,10.999999999443975,-13.544563461584143,-2013.5445634615842,-13.544563461584143,-16.554863418223956,-16.554863418223956
30.000000,114.99999999418701,11.999999999393427,-12.786897391854431,-2012.7868973918544,-12.786897391854431,-15.797197348494244,-15.797197348494244
30.000000,114.99999999418701,12.999999999342879,-12.089683140982467,-2012.0896831409825,-12.089683140982467,-15.09998309762228,-15.09998309762228
30.000000,114.99999999418701,13.999999999292331,-11.443961532122653,-2011.4439615321226,-11.443961532122653,-14.454261488762466,-14.454261488762466
30.000000,114.99999999418701,14.999999999241785,-10.842636318685297,-2010.8426363186852,-10.842636318685297,-13.85293627532511,-13.85293627532511
30.000000,114.99999999418701,15.999999999191237,-10.279992824813791,-2010.2799928248137,-10.279992824813791,-13.290292781453603,-13.290292781453603
30.000000,114.99999999418701,16.999999999140691,-9.7513627599945565,-2009.7513627599947,-9.7513627599945565,-12.761662716634369,-12.761662716634369
30.000000,114.99999999418701,17.999999999090143,-9.2528849728933373,-2009.2528849728933,-9.2528849728933373,-12.26318492953315,-12.26318492953315
30.000000,114.99999999418701,18.999999999039595,-8.7813309640903192,-2008.7813309640903,-8.7813309640903192,-11.791630920730132,-11.791630920730132
30.000000,114.99999999418701,19.999999998989047,-8.3339751947745597,-2008.3339751947747,-8.3339751947745597,-11.344275151414372,-11.344275151414372
30.000000,114.99999999418701,20.999999998938499,-7.9084970583907399,-2007.9084970583908,-7.9084970583907399,-10.918797015030552,-10.918797015030552
30.000000,114.99999999418701,21.999999998887951,-7.5029056656199984,-2007.5029056656199,-7.5029056656199984,-10.513205622259811,-10.513205622259811
30.000000,114.99999999418701,22.999999998837403,-7.1154813506869585,-2007.1154813506869,-7.1154813506869585,-10.12578130732677,-10.12578130732677
30.000000,114.99999999418701,23.999999998786855,-6.7447296242718018,-2006.7447296242717,-6.7447296242718018,-9.7550295809116143,-9.7550295809116143
30.000000,114.99999999418701,24.999999998736307,-6.3893445212932418,-2006.3893445212932,-6.3893445212932418,-9.3996444779330535,-9.3996444779330535
30.000000,114.99999999418701,25.999999998685759,-6.0481791306006558,-2006.0481791306006,-6.0481791306006558,-9.0584790872404675,-9.0584790872404675
30.000000,114.99999999418701,26.999999998635211,-5.7202216788485218,-2005.7202216788485,-5.7202216788485218,-8.7305216354883335,-8.7305216354883335
30.000000,114.99999999418701,27.999999998584663,-5.4045759556107056,-2005.4045759556107,-5.4045759556107056,-8.4148759122505172,-8.4148759122505172
30.000000,114.99999999418701,28.999999998534115,-5.1004451650186269,-2005.1004451650185,-5.1004451650186269,-8.1107451216584394,-8.1107451216584394
30.000000,114.99999999418701,29.99999999848357,-4.8071185064765674,-2004.8071185064766,-4.8071185064765674,-7.817418463116379,-7.817418463116379
30.000000,114.99999999418701,30.999999998433026,-4.5239599472338989,-2004.5239599472338,-4.5239599472338989,-7.5342599038737106,-7.5342599038737106
30.000000,114.99999999418701,31.999999998382481,-4.2503987690913263,-2004.2503987690914,-4.2503987690913263,-7.2606987257311388,-7.2606987257311388
30.000000,114.99999999418701,32.999999998331937,-3.9859215615762897,-2003.9859215615763,-3.9859215615762897,-6.9962215182161014,-6.9962215182161014
30.000000,114.99999999418701,33.999999998281389,-3.7300654024562903,-2003.7300654024564,-3.7300654024562903,-6.7403653590961028,-6.7403653590961028
30.000000,114.99999999418701,34.999999998230848,-3.4824120190889758,-2003.482412019089,-3.4824120190889758,-6.4927119757287883,-6.4927119757287883
30.000000,114.99999999418701,35.9999999981803,-3.2425827648678611,-2003.2425827648678,-3.2425827648678611,-6.2528827215076728,-6.2528827215076728
30.000000,114.99999999418701,36.999999998129759,-3.0102342768427754,-2003.0102342768428,-3.0102342768427754,-6.0205342334825875,-6.0205342334825875
30.000000,114.99999999418701,37.999999998079211,-2.7850547056206358,-2002.7850547056207,-2.7850547056206358,-5.7953546622604479,-5.7953546622604479
30.000000,114.99999999418701,38.99999999802867,-2.5667604284744745,-2002.5667604284745,-2.5667604284744745,-5.5770603851142866,-5.5770603851142866
30.000000,114.99999999418701,39.999999997978122,-2.3550931723934374,-2002.3550931723935,-2.3550931723934374,-5.3653931290332491,-5.3653931290332491
30.000000,114.99999999418701,40.999999997927581,-2.1498174864865103,-2002.1498174864864,-2.1498174864865103,-5.1601174431263228,-5.1601174431263228
30.000000,114.99999999418701,41.999999997877033,-1.9507185133866456,-2001.9507185133866,-1.9507185133866456,-4.9610184700264579,-4.9610184700264579
30.000000,114.99999999418701,42.999999997826492,-1.7576000176076423,-2001.7576000176077,-1.7576000176076423,-4.7678999742474542,-4.7678999742474542
30.000000,114.99999999418701,43.999999997775944,-1.5702826355829975,-2001.570282635583,-1.5702826355829975,-4.5805825922228092,-4.5805825922228092
30.000000,114.99999999418701,44.999999997725396,-1.3886023176730553,-2001.3886023176731,-1.3886023176730553,-4.3989022743128672,-4.3989022743128672
30.000000,114.99999999418701,45.999999997674855,-1.2124089370062154,-2001.2124089370061,-1.2124089370062154,-4.2227088936460273,-4.2227088936460273
30.000000,114.99999999418701,46.999999997624307,-1.0415650438098734,-2001.0415650438099,-1.0415650438098734,-4.0518650004496859,-4.0518650004496859
30.000000,114.99999999418701,47.999999997573767,-0.87594474703838943,-2000.8759447470384,-0.87594474703838943,-3.8862447036782015,-3.8862447036782015
30.000000,114.99999999418701,48.999999997523219,-0.71543270773595924,-2000.715432707736,-0.71543270773595924,-3.7257326643757711,-3.7257326643757711
30.000000,114.99999999418701,49.999999997472678,-0.55992323077701822,-2000.559923230777,-0.55992323077701822,-3.5702231874168304,-3.5702231874168304
30.000000,114.99999999418701,50.99999999742213,-0.40931944348230337,-2000.4093194434822,-0.40931944348230337,-3.4196194001221154,-3.4196194001221154
30.000000,114.99999999418701,51.999999997371589,-0.26353255117485674,-2000.2635325511749,-0.26353255117485674,-3.2738325078146691,-3.2738325078146691
30.000000,114.99999999418701,52.999999997321041,-0.1224811610678664,-2000.1224811610678,-0.1224811610678664,-3.1327811177076783,-3.1327811177076783
30.000000,114.99999999418701,53.9999999972705,0.013909332995200356,-1999.9860906670049,0.013909332995200356,-2.9963906236446118,-2.9963906236446118
30.000000,114.99999999418701,54.999999997219952,0.14570731146507562,-1999.854292688535,0.14570731146507562,-2.8645926451747363,-2.8645926451747363
30.000000,114.99999999418701,55.999999997169411,0.27297544136892304,-1999.727024558631,0.27297544136892304,-2.7373245152708892,-2.7373245152708892
30.000000,114.99999999418701,56.999999997118863,0.3957711449366183,-1999.6042288550634,0.3957711449366183,-2.614528811703194,-2.614528811703194
30.000000,114.99999999418701,57.999999997068315,0.51414702894883668,-1999.4858529710511,0.51414702894883668,-2.4961529276909755,-2.4961529276909755
30.000000,114.99999999418701,58.999999997017767,0.62815127865962639,-1999.3718487213405,0.62815127865962639,-2.3821486779801857,-2.3821486779801857
30.000000,114.99999999418701,59.999999996967219,0.73782801969144485,-1999.2621719803085,0.73782801969144485,-2.2724719369483672,-2.2724719369483672
30.000000,114.99999999418701,60.999999996916664,0.84321765090638212,-1999.1567823490936,0.84321765090638212,-2.1670823057334299,-2.1670823057334299
30.000000,114.99999999418701,61.999999996866116,0.94435715091389349,-1999.0556428490861,0.94435715091389349,-2.0659428057259186,-2.0659428057259186
30.000000,114.99999999418701,62.999999996815561,1.0412803605761247,-1998.9587196394239,1.0412803605761247,-1.9690195960636874,-1.9690195960636874
30.000000,114.99999999418701,63.999999996765013,1.1340182436101185,-1998.8659817563898,1.1340182436101185,-1.8762817130296936,-1.8762817130296936
30.000000,114.99999999418701,64.999999996714465,1.2225991271566381,-1998.7774008728434,1.2225991271566381,-1.787700829483174,-1.787700829483174
30.000000,114.99999999418701,65.999999996663917,1.3070489239838845,-1998.692951076016,1.3070489239838845,-1.7032510326559276,-1.7032510326559276
30.000000,114.99999999418701,66.999999996613354,1.3873913378166023,-1998.6126086621834,1.3873913378166023,-1.6229086188232098,-1.6229086188232098
30.000000,114.99999999418701,67.999999996562806,1.4636480531244291,-1998.5363519468756,1.4636480531244291,-1.546651903515383,-1.546651903515383
30.000000,114.99999999418701,68.999999996512258,1.5358389105644519,-1998.4641610894355,1.5358389105644519,-1.4744610460753602,-1.4744610460753602
30.000000,114.99999999418701,69.99999999646171,1.6039820691499573,-1998.3960179308501,1.6039820691499573,-1.4063178874898548,-1.4063178874898548
30.000000,114.99999999418701,70.999999996411148,1.6680941561077849,-1998.3319058438922,1.6680941561077849,-1.3422058005320272,-1.3422058005320272
30.000000,114.99999999418701,71.9999999963606,1.7281904052891817,-1998.2718095947109,1.7281904052891817,-1.2821095513506304,-1.2821095513506304
30.000000,114.99999999418701,72.999999996310052,1.784284784911832,-1998.2157152150883,1.784284784911832,-1.2260151717279801,-1.2260151717279801
30.000000,114.99999999418701,73.999999996259504,1.8363901153325175,-1998.1636098846675,1.8363901153325175,-1.1739098413072946,-1.1739098413072946
30.000000,114.99999999418701,74.999999996208956,1.8845181774798145,-1998.1154818225202,1.8845181774798145,-1.1257817791599976,-1.1257817791599976
30.000000,114.99999999418701,75.999999996158394,1.928679812512798,-1998.0713201874871,1.928679812512798,-1.0816201441270141,-1.0816201441270141
30.000000,114.99999999418701,76.999999996107846,1.9688850132147218,-1998.0311149867853,1.9688850132147218,-1.0414149434250903,-1.0414149434250903
30.000000,114.99999999418701,77.999999996057298,2.0051430075787069,-1997.9948569924213,2.0051430075787069,-1.0051569490611052,-1.0051569490611052
30.000000,114.99999999418701,78.99999999600675,2.0374623349954408,-1997.9625376650044,2.0374623349954408,-0.97283762164437126,-0.97283762164437126
30.000000,114.99999999418701,79.999999995956202,2.0658509154098921,-1997.9341490845902,2.0658509154098921,-0.94444904122992002,-0.94444904122992002
30.000000,114.99999999418701,80.99999999590564,2.0903161117744702,-1997.9096838882256,2.0903161117744702,-0.9199838448653419,-0.9199838448653419
30.000000,114.99999999418701,81.999999995855092,2.1108647860901,-1997.8891352139099,2.1108647860901,-0.89943517054971212,-0.89943517054971212
30.000000,114.99999999418701,82.999999995804544,2.1275033492929181,-1997.872496650707,2.1275033492929181,-0.88279660734689402,-0.88279660734689402
30.000000,114.99999999418701,83.999999995753996,2.1402378052133133,-1997.8597621947868,2.1402378052133133,-0.87006215142649879,-0.87006215142649879
30.000000,114.99999999418701,84.999999995703433,2.1490737888050218,-1997.850926211195,2.1490737888050218,-0.86122616783479033,-0.86122616783479033
30.000000,114.99999999418701,85.999999995652885,2.154016598814648,-1997.8459834011853,2.154016598814648,-0.85628335782516407,-0.85628335782516407
30.000000,114.99999999418701,86.999999995602337,2.1550712250363242,-1997.8449287749636,2.1550712250363242,-0.85522873160348789,-0.85522873160348789
30.000000,114.99999999418701,87.999999995551789,2.1522423702717224,-1997.8477576297282,2.1522423702717224,-0.85805758636808971,-0.85805758636808971
30.000000,114.99999999418701,88.999999995501241,2.1455344670922445,-1997.8544655329079,2.1455344670922445,-0.8647654895475676,-0.8647654895475676
30.000000,114.99999999418701,89.999999995450679,2.1349516894776119,-1997.8650483105223,2.1349516894776119,-0.87534826716220016,-0.87534826716220016
30.000000,119.99999999393428,0,-999.99000000000001,-2999.9899999999998,-999.99000000000001,-1003.0002999566398,-1003.0002999566398
30.000000,119.99999999393428,0.99999999994945232,-34.383566057366146,-2034.3835660573661,-34.383566057366146,-37.393866014005958,-37.393866014005958
30.000000,119.99999999393428,1.9999999998989046,-28.362661395492509,-2028.3626613954925,-28.362661395492509,-31.372961352132322,-31.372961352132322
30.000000,119.99999999393428,2.9999999998483573,-24.840331284217825,-2024.8403312842179,-24.840331284217825,-27.850631240857638,-27.850631240857638
30.000000,119.99999999393428,3.9999999997978093,-22.34085591141627,-2022.3408559114164,-22.34085591141627,-25.351155868056082,-25.351155868056082
30.000000,119.99999999393428,4.9999999997472617,-20.401765549389907,-2020.4017655493899,-20.401765549389907,-23.41206550602972,-23.41206550602972
30.000000,119.99999999393428,5.9999999996967137,-18.817069082494438,-2018.8170690824945,-18.817069082494438,-21.827369039134251,-21.827369039134251
30.000000,119.99999999393428,6.9999999996461657,-17.476890071804608,-2017.4768900718045,-17.476890071804608,-20.48719002844442,-20.48719002844442
30.000000,119.99999999393428,7.9999999995956186,-16.315647752827982,-2016.315647752828,-16.315647752827982,-19.325947709467794,-19.325947709467794
30.000000,119.99999999393428,8.9999999995450715,-15.291046994024061,-2015.2910469940241,-15.291046994024061,-18.301346950663874,-18.301346950663874
30.000000,119.99999999393428,9.9999999994945235,-14.374214872112475,-2014.3742148721126,-14.374214872112475,-17.384514828752287,-17.384514828752287
30.000000,119.99999999393428,10.999999999443975,-13.544563461584143,-2013.5445634615842,-13.544563461584143,-16.554863418223956,-16.554863418223956
30.000000,119.99999999393428,11.999999999393427,-12.786897391854431,-2012.7868973918544,-12.786897391854431,-15.797197348494244,-15.797197348494244
30.000000,119.99999999393428,12.999999999342879,-12.089683140982467,-2012.0896831409825,-12.089683140982467,-15.09998309762228,-15.09998309762228
30.000000,119.99999999393428,13.999999999292331,-11.443961532122653,-2011.4439615321226,-11.443961532122653,-14.454261488762466,-14.454261488762466
30.000000,119.99999999393428,14.999999999241785,-10.842636318685297,-2010.8426363186852,-10.842636318685297,-13.85293627532511,-13.85293627532511
30.000000,119.99999999393428,15.999999999191237,-10.279992824813791,-2010.2799928248137,-10.279992824813791,-13.290292781453603,-13.290292781453603
30.000000,119.99999999393428,16.999999999140691,-9.7513627599945565,-2009.7513627599947,-9.7513627599945565,-12.761662716634369,-12.761662716634369
30.000000,119.99999999393428,17.999999999090143,-9.2528849728933373,-2009.2528849728933,-9.2528849728933373,-12.26318492953315,-12.26318492953315
30.000000,119.99999999393428,18.999999999039595,-8.7813309640903192,-2008.7813309640903,-8.7813309640903192,-11.791630920730132,-11.791630920730132
30.000000,119.99999999393428,19.999999998989047,-8.3339751947745597,-2008.3339751947747,-8.3339751947745597,-11.344275151414372,-11.344275151414372
30.000000,119.99999999393428,20.999999998938499,-7.9084970583907399,-2007.9084970583908,-7.9084970583907399,-10.918797015030552,-10.918797015030552
30.000000,119.99999999393428,21.999999998887951,-7.5029056656199984,-2007.5029056656199,-7.5029056656199984,-10.513205622259811,-10.513205622259811
30.000000,119.99999999393428,22.999999998837403,-7.1154813506869585,-2007.1154813506869,-7.1154813506869585,-10.12578130732677,-10.12578130732677
30.000000,119.99999999393428,23.999999998786855,-6.7447296242718018,-2006.7447296242717,-6.7447296242718018,-9.7550295809116143,-9.7550295809116143
30.000000,119.99999999393428,24.999999998736307,-6.3893445212932418,-2006.3893445212932,-6.3893445212932418,-9.3996444779330535,-9.3996444779330535
30.000000,119.99999999393428,25.999999998685759,-6.0481791306006558,-2006.0481791306006,-6.0481791306006558,-9.0584790872404675,-9.0584790872404675
30.000000,119.99999999393428,26.999999998635211,-5.7202216788485218,-2005.7202216788485,-5.7202216788485218,-8.7305216354883335,-8.7305216354883335
30.000000,119.99999999393428,27.999999998584663,-5.4045759556107056,-2005.4045759556107,-5.4045759556107056,-8.4148759122505172,-8.4148759122505172
30.000000,119.99999999393428,28.999999998534115,-5.1004451650186269,-2005.1004451650185,-5.1004451650186269,-8.1107451216584394,-8.1107451216584394
30.000000,119.99999999393428,29.99999999848357,-4.8071185064765674,-2004.8071185064766,-4.8071185064765674,-7.817418463116379,-7.817418463116379
30.000000,119.99999999393428,30.999999998433026,-4.5239599472338989,-2004.5239599472338,-4.5239599472338989,-7.5342599038737106,-7.5342599038737106
30.000000,119.99999999393428,31.999999998382481,-4.2503987690913263,-2004.2503987690914,-4.2503987690913263,-7.2606987257311388,-7.2606987257311388
30.000000,119.99999999393428,32.999999998331937,-3.9859215615762897,-2003.9859215615763,-3.9859215615762897,-6.9962215182161014,-6.9962215182161014
30.000000,119.99999999393428,33.999999998281389,-3.7300654024562903,-2003.7300654024564,-3.7300654024562903,-6.7403653590961028,-6.7403653590961028
30.000000,119.99999999393428,34.999999998230848,-3.4824120190889758,-2003.482412019089,-3.4824120190889758,-6.4927119757287883,-6.4927119757287883
30.000000,119.99999999393428,35.9999999981803,-3.2425827648678611,-2003.2425827648678,-3.2425827648678611,-6.2528827215076728,-6.2528827215076728
30.000000,119.99999999393428,36.999999998129759,-3.0102342768427754,-2003.0102342768428,-3.0102342768427754,-6.0205342334825875,-6.0205342334825875
30.000000,119.99999999393428,37.999999998079211,-2.7850547056206358,-2002.7850547056207,-2.7850547056206358,-5.7953546622604479,-5.7953546622604479
30.000000,119.99999999393428,38.99999999802867,-2.5667604284744745,-2002.5667604284745,-2.5667604284744745,-5.5770603851142866,-5.5770603851142866
30.000000,119.99999999393428,39.999999997978122,-2.3550931723934374,-2002.3550931723935,-2.3550931723934374,-5.3653931290332491,-5.3653931290332491
30.000000,119.99999999393428,40.999999997927581,-2.1498174864865103,-2002.1498174864864,-2.1498174864865103,-5.1601174431263228,-5.1601174431263228
30.000000,119.99999999393428,41.999999997877033,-1.9507185133866456,-2001.9507185133866,-1.9507185133866456,-4.9610184700264579,-4.9610184700264579
30.000000,119.99999999393428,42.999999997826492,-1.7576000176076423,-2001.7576000176077,-1.7576000176076423,-4.7678999742474542,-4.7678999742474542
30.000000,119.99999999393428,43.999999997775944,-1.5702826355829975,-2001.570282635583,-1.5702826355829975,-4.5805825922228092,-4.5805825922228092
30.000000,119.99999999393428,44.999999997725396,-1.3886023176730553,-2001.3886023176731,-1.3886023176730553,-4.3989022743128672,-4.3989022743128672
30.000000,119.99999999393428,45.999999997674855,-1.2124089370062154,-2001.2124089370061,-1.2124089370062154,-4.2227088936460273,-4.2227088936460273
30.000000,119.99999999393428,46.999999997624307,-1.0415650438098734,-2001.0415650438099,-1.0415650438098734,-4.0518650004496859,-4.0518650004496859
30.000000,119.99999999393428,47.999999997573767,-0.87594474703838943,-2000.8759447470384,-0.87594474703838943,-3.8862447036782015,-3.8862447036782015
30.000000,119.99999999393428,48.999999997523219,-0.71543270773595924,-2000.715432707736,-0.71543270773595924,-3.7257326643757711,-3.7257326643757711
30.000000,119.99999999393428,49.999999997472678,-0.55992323077701822,-2000.559923230777,-0.55992323077701822,-3.5702231874168304,-3.5702231874168304
30.000000,119.99999999393428,50.99999999742213,-0.40931944348230337,-2000.4093194434822,-0.40931944348230337,-3.4196194001221154,-3.4196194001221154
30.000000,119.99999999393428,51.999999997371589,-0.26353255117485674,-2000.2635325511749,-0.26353255117485674,-3.2738325078146691,-3.2738325078146691
30.000000,119.99999999393428,52.999999997321041,-0.1224811610678664,-2000.1224811610678,-0.1224811610678664,-3.1327811177076783,-3.1327811177076783
30.000000,119.99999999393428,53.9999999972705,0.013909332995200356,-1999.9860906670049,0.013909332995200356,-2.9963906236446118,-2.9963906236446118
30.000000,119.99999999393428,54.999999997219952,0.14570731146507562,-1999.854292688535,0.14570731146507562,-2.8645926451747363,-2.8645926451747363
30.000000,119.99999999393428,55.999999997169411,0.27297544136892304,-1999.727024558631,0.27297544136892304,-2.7373245152708892,-2.7373245152708892
30.000000,119.99999999393428,56.999999997118863,0.3957711449366183,-1999.6042288550634,0.3957711449366183,-2.614528811703194,-2.614528811703194
30.000000,119.99999999393428,57.999999997068315,0.51414702894883668,-1999.4858529710511,0.51414702894883668,-2.4961529276909755,-2.4961529276909755
30.000000,119.99999999393428,58.999999997017767,0.62815127865962639,-1999.3718487213405,0.62815127865962639,-2.3821486779801857,-2.3821486779801857
30.000000,119.99999999393428,59.999999996967219,0.73782801969144485,-1999.2621719803085,0.73782801969144485,-2.2724719369483672,-2.2724719369483672
30.000000,119.99999999393428,60.999999996916664,0.84321765090638212,-1999.1567823490936,0.84321765090638212,-2.1670823057334299,-2.1670823057334299
30.000000,119.99999999393428,61.999999996866116,0.94435715091389349,-1999.0556428490861,0.94435715091389349,-2.0659428057259186,-2.0659428057259186
30.000000,119.99999999393428,62.999999996815561,1.0412803605761247,-1998.9587196394239,1.0412803605761247,-1.9690195960636874,-1.9690195960636874
30.000000,119.99999999393428,63.999999996765013,1.1340182436101185,-1998.8659817563898,1.1340182436101185,-1.8762817130296936,-1.8762817130296936
30.000000,119.99999999393428,64.999999996714465,1.2225991271566381,-1998.7774008728434,1.2225991271566381,-1.787700829483174,-1.787700829483174
30.000000,119.99999999393428,65.999999996663917,1.3070489239838845,-1998.692951076016,1.3070489239838845,-1.7032510326559276,-1.7032510326559276
30.000000,119.99999999393428,66.999999996613354,1.3873913378166023,-1998.6126086621834,1.3873913378166023,-1.6229086188232098,-1.6229086188232098
30.000000,119.99999999393428,67.999999996562806,1.4636480531244291,-1998.5363519468756,1.4636480531244291,-1.546651903515383,-1.546651903515383
30.000000,119.99999999393428,68.999999996512258,1.5358389105644519,-1998.4641610894355,1.5358389105644519,-1.4744610460753602,-1.4744610460753602
30.000000,119.99999999393428,69.99999999646171,1.6039820691499573,-1998.3960179308501,1.6039820691499573,-1.4063178874898548,-1.4063178874898548
30.000000,119.99999999393428,70.999999996411148,1.6680941561077849,-1998.3319058438922,1.6680941561077849,-1.3422058005320272,-1.3422058005320272
30.000000,119.99999999393428,71.9999999963606,1.7281904052891817,-1998.2718095947109,1.7281904052891817,-1.2821095513506304,-1.2821095513506304
30.000000,119.99999999393428,72.999999996310052,1.784284784911832,-1998.2157152150883,1.784284784911832,-1.2260151717279801,-1.2260151717279801
30.000000,119.99999999393428,73.999999996259504,1.8363901153325175,-1998.1636098846675,1.8363901153325175,-1.1739098413072946,-1.1739098413072946
30.000000,119.99999999393428,74.999999996208956,1.8845181774798145,-1998.1154818225202,1.8845181774798145,-1.1257817791599976,-1.1257817791599976
30.000000,119.99999999393428,75.999999996158394,1.928679812512798,-1998.0713201874871,1.928679812512798,-1.0816201441270141,-1.0816201441270141
30.000000,119.99999999393428,76.999999996107846,1.9688850132147218,-1998.0311149867853,1.9688850132147218,-1.0414149434250903,-1.0414149434250903
30.000000,119.99999999393428,77.999999996057298,2.0051430075787069,-1997.9948569924213,2.0051430075787069,-1.0051569490611052,-1.0051569490611052
30.000000,119.99999999393428,78.99999999600675,2.0374623349954408,-1997.9625376650044,2.0374623349954408,-0.97283762164437126,-0.97283762164437126
30.000000,119.99999999393428,79.999999995956202,2.0658509154098921,-1997.9341490845902,2.0658509154098921,-0.94444904122992002,-0.94444904122992002
30.000000,119.99999999393428,80.99999999590564,2.0903161117744702,-1997.9096838882256,2.0903161117744702,-0.9199838448653419,-0.9199838448653419
30.000000,119.99999999393428,81.999999995855092,2.1108647860901,-1997.8891352139099,2.1108647860901,-0.89943517054971212,-0.89943517054971212
30.000000,119.99999999393428,82.999999995804544,2.1275033492929181,-1997.872496650707,2.1275033492929181,-0.88279660734689402,-0.88279660734689402
30.000000,119.99999999393428,83.999999995753996,2.1402378052133133,-1997.8597621947868,2.1402378052133133,-0.87006215142649879,-0.87006215142649879
30.000000,119.99999999393428,84.999999995703433,2.1490737888050218,-1997.850926211195,2.1490737888050218,-0.86122616783479033,-0.86122616783479033
30.000000,119.99999999393428,85.999999995652885,2.154016598814648,-1997.8459834011853,2.154016598814648,-0.85628335782516407,-0.85628335782516407
30.000000,119.99999999393428,86.999999995602337,2.1550712250363242,-1997.8449287749636,2.1550712250363242,-0.85522873160348789,-0.85522873160348789
30.000000,119.99999999393428,87.999999995551789,2.1522423702717224,-1997.8477576297282,2.1522423702717224,-0.85805758636808971,-0.85805758636808971
30.000000,119.99999999393428,88.999999995501241,2.1455344670922445,-1997.8544655329079,2.1455344670922445,-0.8647654895475676,-0.8647654895475676
30.000000,119.99999999393428,89.999999995450679,2.1349516894776119,-1997.8650483105223,2.1349516894776119,-0.87534826716220016,-0.87534826716220016
30.000000,124.99999999368156,0,-999.99000000000001,-2999.9899999999998,-999.99000000000001,-1003.0002999566398,-1003.0002999566398
30.000000,124.99999999368156,0.99999999994945232,-34.383566057366146,-2034.3835660573661,-34.383566057366146,-37.393866014005958,-37.393866014005958
30.000000,124.99999999368156,1.9999999998989046,-28.362661395492509,-2028.3626613954925,-28.362661395492509,-31.372961352132322,-31.372961352132322
30.000000,124.99999999368156,2.9999999998483573,-24.840331284217825,-2024.8403312842179,-24.840331284217825,-27.850631240857638,-27.850631240857638
30.000000,124.99999999368156,3.9999999997978093,-22.34085591141627,-2022.3408559114164,-22.34085591141627,-25.351155868056082,-25.351155868056082
30.000000,124.99999999368156,4.9999999997472617,-20.401765549389907,-2020.4017655493899,-20.401765549389907,-23.41206550602972,-23.41206550602972
30.000000,124.99999999368156,5.9999999996967137,-18.817069082494438,-2018.8170690824945,-18.817069082494438,-21.827369039134251,-21.827369039134251
30.000000,124.99999999368156,6.9999999996461657,-17.476890071804608,-2017.4768900718045,-17.476890071804608,-20.48719002844442,-20.48719002844442
30.000000,124.99999999368156,7.9999999995956186,-16.315647752827982,-2016.315647752828,-16.315647752827982,-19.325947709467794,-19.325947709467794
30.000000,124.99999999368156,8.9999999995450715,-15.291046994024061,-2015.2910469940241,-15.291046994024061,-18.301346950663874,-18.301346950663874
30.000000,124.99999999368156,9.9999999994945235,-14.374214872112475,-2014.3742148721126,-14.374214872112475,-17.384514828752287,-17.384514828752287
30.000000,124.99999999368156,10.999999999443975,-13.544563461584143,-2013.5445634615842,-13.544563461584143,-16.554863418223956,-16.554863418223956
30.000000,124.99999999368156,11.999999999393427,-12.786897391854431,-2012.7868973918544,-12.786897391854431,-15.797197348494244,-15.797197348494244
30.000000,124.99999999368156,12.999999999342879,-12.089683140982467,-2012.0896831409825,-12.089683140982467,-15.09998309762228,-15.09998309762228
30.000000,124.99999999368156,13.999999999292331,-11.443961532122653,-2011.4439615321226,-11.443961532122653,-14.454261488762466,-14.454261488762466
30.000000,124.99999999368156,14.999999999241785,-10.842636318685297,-2010.8426363186852,-10.842636318685297,-13.85293627532511,-13.85293627532511
30.000000,124.99999999368156,15.999999999191237,-10.279992824813791,-2010.2799928248137,-10.279992824813791,-13.290292781453603,-13.290292781453603
30.000000,124.99999999368156,16.999999999140691,-9.7513627599945565,-2009.7513627599947,-9.7513627599945565,-12.761662716634369,-12.761662716634369
30.000000,124.99999999368156,17.999999999090143,-9.2528849728933373,-2009.2528849728933,-9.2528849728933373,-12.26318492953315,-12.26318492953315
30.000000,124.99999999368156,18.999999999039595,-8.7813309640903192,-2008.7813309640903,-8.7813309640903192,-11.791630920730132,-11.791630920730132
30.000000,124.99999999368156,19.999999998989047,-8.3339751947745597,-2008.3339751947747,-8.3339751947745597,-11.344275151414372,-11.344275151414372
30.000000,124.99999999368156,20.999999998938499,-7.9084970583907399,-2007.9084970583908,-7.9084970583907399,-10.918797015030552,-10.918797015030552
30.000000,124.99999999368156,21.999999998887951,-7.5029056656199984,-2007.5029056656199,-7.5029056656199984,-10.513205622259811,-10.513205622259811
30.000000,124.99999999368156,22.999999998837403,-7.1154813506869585,-2007.1154813506869,-7.1154813506869585,-10.12578130732677,-10.12578130732677
30.000000,124.99999999368156,23.999999998786855,-6.7447296242718018,-2006.7447296242717,-6.7447296242718018,-9.7550295809116143,-9.7550295809116143
30.000000,124.99999999368156,24.999999998736307,-6.3893445212932418,-2006.3893445212932,-6.3893445212932418,-9.3996444779330535,-9.3996444779330535
30.000000,124.99999999368156,25.999999998685759,-6.0481791306006558,-2006.0481791306006,-6.0481791306006558,-9.0584790872404675,-9.0584790872404675
30.000000,124.99999999368156,26.999999998635211,-5.7202216788485218,-2005.7202216788485,-5.7202216788485218,-8.7305216354883335,-8.7305216354883335
30.000000,124.99999999368156,27.999999998584663,-5.4045759556107056,-2005.4045759556107,-5.4045759556107056,-8.4148759122505172,-8.4148759122505172
30.000000,124.99999999368156,28.999999998534115,-5.1004451650186269,-2005.1004451650185,-5.1004451650186269,-8.1107451216584394,-8.1107451216584394
30.000000,124.99999999368156,29.99999999848357,-4.8071185064765674,-2004.8071185064766,-4.8071185064765674,-7.817418463116379,-7.817418463116379
30.000000,124.99999999368156,30.999999998433026,-4.5239599472338989,-2004.5239599472338,-4.5239599472338989,-7.5342599038737106,-7.5342599038737106
30.000000,124.99999999368156,31.999999998382481,-4.2503987690913263,-2004.2503987690914,-4.2503987690913263,-7.2606987257311388,-7.2606987257311388
30.000000,124.99999999368156,32.999999998331937,-3.9859215615762897,-2003.9859215615763,-3.9859215615762897,-6.9962215182161014,-6.9962215182161014
30.000000,124.99999999368156,33.999999998281389,-3.7300654024562903,-2003.7300654024564,-3.7300654024562903,-6.7403653590961028,-6.7403653590961028
30.000000,124.99999999368156,34.999999998230848,-3.4824120190889758,-2003.482412019089,-3.4824120190889758,-6.4927119757287883,-6.4927119757287883
30.000000,124.99999999368156,35.9999999981803,-3.2425827648678611,-2003.2425827648678,-3.2425827648678611,-6.2528827215076728,-6.2528827215076728
30.000000,124.99999999368156,36.999999998129759,-3.0102342768427754,-2003.0102342768428,-3.0102342768427754,-6.0205342334825875,-6.0205342334825875
30.000000,124.99999999368156,37.999999998079211,-2.7850547056206358,-2002.7850547056207,-2.7850547056206358,-5.7953546622604479,-5.7953546622604479
30.000000,124.99999999368156,38.99999999802867,-2.5667604284744745,-2002.5667604284745,-2.5667604284744745,-5.5770603851142866,-5.5770603851142866
30.000000,124.99999999368156,39.999999997978122,-2.3550931723934374,-2002.3550931723935,-2.3550931723934374,-5.3653931290332491,-5.3653931290332491
30.000000,124.99999999368156,40.999999997927581,-2.1498174864865103,-2002.1498174864864,-2.1498174864865103,-5.1601174431263228,-5.1601174431263228
30.000000,124.99999999368156,41.999999997877033,-1.9507185133866456,-2001.9507185133866,-1.9507185133866456,-4.9610184700264579,-4.9610184700264579
30.000000,124.99999999368156,42.999999997826492,-1.7576000176076423,-2001.7576000176077,-1.7576000176076423,-4.7678999742474542,-4.7678999742474542
30.000000,124.99999999368156,43.999999997775944,-1.5702826355829975,-2001.570282635583,-1.5702826355829975,-4.5805825922228092,-4.5805825922228092
30.000000,124.99999999368156,44.999999997725396,-1.3886023176730553,-2001.3886023176731,-1.3886023176730553,-4.3989022743128672,-4.3989022743128672
30.000000,124.99999999368156,45.999999997674855,-1.2124089370062154,-2001.2124089370061,-1.2124089370062154,-4.2227088936460273,-4.2227088936460273
30.000000,124.99999999368156,46.999999997624307,-1.0415650438098734,-2001.0415650438099,-1.0415650438098734,-4.0518650004496859,-4.0518650004496859
30.000000,124.99999999368156,47.999999997573767,-0.87594474703838943,-2000.8759447470384,-0.87594474703838943,-3.8862447036782015,-3.8862447036782015
30.000000,124.99999999368156,48.999999997523219,-0.71543270773595924,-2000.715432707736,-0.71543270773595924,-3.7257326643757711,-3.7257326643757711
30.000000,124.99999999368156,49.999999997472678,-0.55992323077701822,-2000.559923230777,-0.55992323077701822,-3.5702231874168304,-3.5702231874168304
30.000000,124.99999999368156,50.99999999742213,-0.40931944348230337,-2000.4093194434822,-0.40931944348230337,-3.4196194001221154,-3.4196194001221154
30.000000,124.99999999368156,51.999999997371589,-0.26353255117485674,-2000.2635325511749,-0.26353255117485674,-3.2738325078146691,-3.2738325078146691
30.000000,124.99999999368156,52.999999997321041,-0.1224811610678664,-2000.1224811610678,-0.1224811610678664,-3.1327811177076783,-3.1327811177076783
30.000000,124.99999999368156,53.9999999972705,0.013909332995200356,-1999.9860906670049,0.013909332995200356,-2.9963906236446118,-2.9963906236446118
30.000000,124.99999999368156,54.999999997219952,0.14570731146507562,-1999.854292688535,0.14570731146507562,-2.8645926451747363,-2.8645926451747363
30.000000,124.99999999368156,55.999999997169411,0.27297544136892304,-1999.727024558631,0.27297544136892304,-2.7373245152708892,-2.7373245152708892
30.000000,124.99999999368156,56.999999997118863,0.3957711449366183,-1999.6042288550634,0.3957711449366183,-2.614528811703194,-2.614528811703194
30.000000,124.99999999368156,57.999999997068315,0.51414702894883668,-1999.4858529710511,0.51414702894883668,-2.4961529276909755,-2.4961529276909755
30.000000,124.99999999368156,58.999999997017767,0.62815127865962639,-1999.3718487213405,0.62815127865962639,-2.3821486779801857,-2.3821486779801857
30.000000,124.99999999368156,59.999999996967219,0.73782801969144485,-1999.2621719803085,0.73782801969144485,-2.2724719369483672,-2.2724719369483672
30.000000,124.99999999368156,60.999999996916664,0.84321765090638212,-1999.1567823490936,0.84321765090638212,-2.1670823057334299,-2.1670823057334299
30.000000,124.99999999368156,61.999999996866116,0.94435715091389349,-1999.0556428490861,0.94435715091389349,-2.0659428057259186,-2.0659428057259186
30.000000,124.99999999368156,62.999999996815561,1.0412803605761247,-1998.9587196394239,1.0412803605761247,-1.9690195960636874,-1.9690195960636874
30.000000,124.99999999368156,63.999999996765013,1.1340182436101185,-1998.8659817563898,1.1340182436101185,-1.8762817130296936,-1.8762817130296936
30.000000,124.99999999368156,64.999999996714465,1.2225991271566381,-1998.7774008728434,1.2225991271566381,-1.787700829483174,-1.787700829483174
30.000000,124.99999999368156,65.999999996663917,1.3070489239838845,-1998.692951076016,1.3070489239838845,-1.7032510326559276,-1.7032510326559276
30.000000,124.99999999368156,66.999999996613354,1.3873913378166023,-1998.6126086621834,1.3873913378166023,-1.6229086188232098,-1.6229086188232098
30.000000,124.99999999368156,67.999999996562806,1.4636480531244291,-1998.5363519468756,1.4636480531244291,-1.546651903515383,-1.546651903515383
30.000000,124.99999999368156,68.999999996512258,1.5358389105644519,-1998.4641610894355,1.5358389105644519,-1.4744610460753602,-1.4744610460753602
30.000000,124.99999999368156,69.99999999646171,1.6039820691499573,-1998.3960179308501,1.6039820691499573,-1.4063178874898548,-1.4063178874898548
30.000000,124.99999999368156,70.999999996411148,1.6680941561077849,-1998.3319058438922,1.6680941561077849,-1.3422058005320272,-1.3422058005320272
30.000000,124.99999999368156,71.9999999963606,1.7281904052891817,-1998.2718095947109,1.7281904052891817,-1.2821095513506304,-1.2821095513506304
30.000000,124.99999999368156,72.999999996310052,1.784284784911832,-1998.2157152150883,1.784284784911832,-1.2260151717279801,-1.2260151717279801
30.000000,124.99999999368156,73.999999996259504,1.8363901153325175,-1998.1636098846675,1.8363901153325175,-1.1739098413072946,-1.1739098413072946
30.000000,124.99999999368156,74.999999996208956,1.8845181774798145,-1998.1154818225202,1.8845181774798145,-1.1257817791599976,-1.1257817791599976
30.000000,124.99999999368156,75.999999996158394,1.928679812512798,-1998.0713201874871,1.928679812512798,-1.0816201441270141,-1.0816201441270141
30.000000,124.99999999368156,76.999999996107846,1.9688850132147218,-1998.0311149867853,1.9688850132147218,-1.0414149434250903,-1.0414149434250903
30.000000,124.99999999368156,77.999999996057298,2.0051430075787069,-1997.9948569924213,2.0051430075787069,-1.0051569490611052,-1.0051569490611052
30.000000,124.99999999368156,78.99999999600675,2.0374623349954408,-1997.9625376650044,2.0374623349954408,-0.97283762164437126,-0.97283762164437126
30.000000,124.99999999368156,79.999999995956202,2.0658509154098921,-1997.9341490845902,2.0658509154098921,-0.94444904122992002,-0.94444904122992002
30.000000,124.99999999368156,80.99999999590564,2.0903161117744702,-1997.9096838882256,2.0903161117744702,-0.9199838448653419,-0.9199838448653419
30.000000,124.99999999368156,81.999999995855092,2.1108647860901,-1997.8891352139099,2.1108647860901,-0.89943517054971212,-0.89943517054971212
30.000000,124.99999999368156,82.999999995804544,2.1275033492929181,-1997.872496650707,2.1275033492929181,-0.88279660734689402,-0.88279660734689402
30.000000,124.99999999368156,83.999999995753996,2.1402378052133133,-1997.8597621947868,2.1402378052133133,-0.87006215142649879,-0.87006215142649879
30.000000,124.99999999368156,84.999999995703433,2.1490737888050218,-1997.850926211195,2.1490737888050218,-0.86122616783479033,-0.86122616783479033
30.000000,124.99999999368156,85.999999995652885,2.154016598814648,-1997.8459834011853,2.154016598814648,-0.85628335782516407,-0.85628335782516407
30.000000,124.99999999368156,86.999999995602337,2.1550712250363242,-1997.8449287749636,2.1550712250363242,-0.85522873160348789,-0.85522873160348789
30.000000,124.99999999368156,87.999999995551789,2.1522423702717224,-1997.8477576297282,2.1522423702717224,-0.85805758636808971,-0.85805758636808971
30.000000,124.99999999368156,88.999999995501241,2.1455344670922445,-1997.8544655329079,2.1455344670922445,-0.8647654895475676,-0.8647654895475676
30.000000,124.99999999368156,89.999999995450679,2.1349516894776119,-1997.8650483105223,2.1349516894776119,-0.87534826716220016,-0.87534826716220016
30.000000,129.99999999342882,0,-999.99000000000001,-2999.9899999999998,-999.99000000000001,-1003.0002999566398,-1003.0002999566398
30.000000,129.99999999342882,0.99999999994945232,-34.383566057366146,-2034.3835660573661,-34.383566057366146,-37.393866014005958,-37.393866014005958
30.000000,129.99999999342882,1.9999999998989046,-28.362661395492509,-2028.3626613954925,-28.362661395492509,-31.372961352132322,-31.372961352132322
30.000000,129.99999999342882,2.9999999998483573,-24.840331284217825,-2024.8403312842179,-24.840331284217825,-27.850631240857638,-27.850631240857638
30.000000,129.99999999342882,3.9999999997978093,-22.34085591141627,-2022.3408559114164,-22.34085591141627,-25.351155868056082,-25.351155868056082
30.000000,129.99999999342882,4.9999999997472617,-20.401765549389907,-2020.4017655493899,-20.401765549389907,-23.41206550602972,-23.41206550602972
30.000000,129.99999999342882,5.9999999996967137,-18.817069082494438,-2018.8170690824945,-18.817069082494438,-21.827369039134251,-21.827369039134251
30.000000,129.99999999342882,6.9999999996461657,-17.476890071804608,-2017.4768900718045,-17.476890071804608,-20.48719002844442,-20.48719002844442
30.000000,129.99999999342882,7.9999999995956186,-16.315647752827982,-2016.315647752828,-16.315647752827982,-19.325947709467794,-19.325947709467794
30.000000,129.99999999342882,8.9999999995450715,-15.291046994024061,-2015.2910469940241,-15.291046994024061,-18.301346950663874,-18.301346950663874
30.000000,129.99999999342882,9.9999999994945235,-14.374214872112475,-2014.3742148721126,-14.374214872112475,-17.384514828752287,-17.384514828752287
30.000000,129.99999999342882,10.999999999443975,-13.544563461584143,-2013.5445634615842,-13.544563461584143,-16.554863418223956,-16.554863418223956
30.000000,129.99999999342882,11.999999999393427,-12.786897391854431,-2012.7868973918544,-12.786897391854431,-15.797197348494244,-15.797197348494244
30.000000,129.99999999342882,12.999999999342879,-12.089683140982467,-2012.0896831409825,-12.089683140982467,-15.09998309762228,-15.09998309762228
30.000000,129.99999999342882,13.999999999292331,-11.443961532122653,-2011.4439615321226,-11.443961532122653,-14.454261488762466,-14.454261488762466
30.000000,129.99999999342882,14.999999999241785,-10.842636318685297,-2010.8426363186852,-10.842636318685297,-13.85293627532511,-13.85293627532511
30.000000,129.99999999342882,15.999999999191237,-10.279992824813791,-2010.2799928248137,-10.279992824813791,-13.290292781453603,-13.290292781453603
30.000000,129.99999999342882,16.999999999140691,-9.7513627599945565,-2009.7513627599947,-9.7513627599945565,-12.761662716634369,-12.761662716634369
30.000000,129.99999999342882,17.999999999090143,-9.2528849728933373,-2009.2528849728933,-9.2528849728933373,-12.26318492953315,-12.26318492953315
30.000000,129.99999999342882,18.999999999039595,-8.7813309640903192,-2008.7813309640903,-8.7813309640903192,-11.791630920730132,-11.791630920730132
30.000000,129.99999999342882,19.999999998989047,-8.3339751947745597,-2008.3339751947747,-8.3339751947745597,-11.344275151414372,-11.344275151414372
30.000000,129.99999999342882,20.999999998938499,-7.9084970583907399,-2007.9084970583908,-7.9084970583907399,-10.918797015030552,-10.918797015030552
30.000000,129.99999999342882,21.999999998887951,-7.5029056656199984,-2007.5029056656199,-7.5029056656199984,-10.513205622259811,-10.513205622259811
30.000000,129.99999999342882,22.999999998837403,-7.1154813506869585,-2007.1154813506869,-7.1154813506869585,-10.12578130732677,-10.12578130732677
30.000000,129.99999999342882,23.999999998786855,-6.7447296242718018,-2006.7447296242717,-6.7447296242718018,-9.7550295809116143,-9.7550295809116143
30.000000,129.99999999342882,24.999999998736307,-6.3893445212932418,-2006.3893445212932,-6.3893445212932418,-9.3996444779330535,-9.3996444779330535
30.000000,129.99999999342882,25.999999998685759,-6.0481791306006558,-2006.0481791306006,-6.0481791306006558,-9.0584790872404675,-9.0584790872404675
30.000000,129.99999999342882,26.999999998635211,-5.7202216788485218,-2005.7202216788485,-5.7202216788485218,-8.7305216354883335,-8.7305216354883335
30.000000,129.99999999342882,27.999999998584663,-5.4045759556107056,-2005.4045759556107,-5.4045759556107056,-8.4148759122505172,-8.4148759122505172
30.000000,129.99999999342882,28.999999998534115,-5.1004451650186269,-2005.1004451650185,-5.1004451650186269,-8.1107451216584394,-8.1107451216584394
30.000000,129.99999999342882,29.99999999848357,-4.8071185064765674,-2004.8071185064766,-4.8071185064765674,-7.817418463116379,-7.817418463116379
30.000000,129.99999999342882,30.999999998433026,-4.5239599472338989,-2004.5239599472338,-4.5239599472338989,-7.5342599038737106,-7.5342599038737106
30.000000,129.99999999342882,31.999999998382481,-4.2503987690913263,-2004.2503987690914,-4.2503987690913263,-7.2606987257311388,-7.2606987257311388
30.000000,129.99999999342882,32.999999998331937,-3.9859215615762897,-2003.9859215615763,-3.9859215615762897,-6.9962215182161014,-6.9962215182161014
30.000000,129.99999999342882,33.999999998281389,-3.7300654024562903,-2003.7300654024564,-3.7300654024562903,-6.7403653590961028,-6.7403653590961028
30.000000,129.99999999342882,34.999999998230848,-3.4824120190889758,-2003.482412019089,-3.4824120190889758,-6.4927119757287883,-6.4927119757287883
30.000000,129.99999999342882,35.9999999981803,-3.2425827648678611,-2003.2425827648678,-3.2425827648678611,-6.2528827215076728,-6.2528827215076728
30.000000,129.99999999342882,36.999999998129759,-3.0102342768427754,-2003.0102342768428,-3.0102342768427754,-6.0205342334825875,-6.0205342334825875
30.000000,129.99999999342882,37.999999998079211,-2.7850547056206358,-2002.7850547056207,-2.7850547056206358,-5.7953546622604479,-5.7953546622604479
30.000000,129.99999999342882,38.99999999802867,-2.5667604284744745,-2002.5667604284745,-2.5667604284744745,-5.5770603851142866,-5.5770603851142866
30.000000,129.99999999342882,39.999999997978122,-2.3550931723934374,-2002.3550931723935,-2.3550931723934374,-5.3653931290332491,-5.3653931290332491
30.000000,129.99999999342882,40.999999997927581,-2.1498174864865103,-2002.1498174864864,-2.1498174864865103,-5.1601174431263228,-5.1601174431263228
30.000000,129.99999999342882,41.999999997877033,-1.9507185133866456,-2001.9507185133866,-1.9507185133866456,-4.9610184700264579,-4.9610184700264579
30.000000,129.99999999342882,42.999999997826492,-1.7576000176076423,-2001.7576000176077,-1.7576000176076423,-4.7678999742474542,-4.7678999742474542
30.000000,129.99999999342882,43.999999997775944,-1.5702826355829975,-2001.570282635583,-1.5702826355829975,-4.5805825922228092,-4.5805825922228092
30.000000,129.99999999342882,44.999999997725396,-1.3886023176730553,-2001.3886023176731,-1.3886023176730553,-4.3989022743128672,-4.3989022743128672
30.000000,129.99999999342882,45.999999997674855,-1.2124089370062154,-2001.2124089370061,-1.2124089370062154,-4.2227088936460273,-4.2227088936460273
30.000000,129.99999999342882,46.999999997624307,-1.0415650438098734,-2001.0415650438099,-1.0415650438098734,-4.0518650004496859,-4.0518650004496859
30.000000,129.99999999342882,47.999999997573767,-0.87594474703838943,-2000.8759447470384,-0.87594474703838943,-3.8862447036782015,-3.8862447036782015
30.000000,129.99999999342882,48.999999997523219,-0.71543270773595924,-2000.715432707736,-0.71543270773595924,-3.7257326643757711,-3.7257326643757711
30.000000,129.99999999342882,49.999999997472678,-0.55992323077701822,-2000.559923230777,-0.55992323077701822,-3.5702231874168304,-3.5702231874168304
30.000000,129.99999999342882,50.99999999742213,-0.40931944348230337,-2000.4093194434822,-0.40931944348230337,-3.4196194001221154,-3.4196194001221154
30.000000,129.99999999342882,51.999999997371589,-0.26353255117485674,-2000.2635325511749,-0.26353255117485674,-3.2738325078146691,-3.2738325078146691
30.000000,129.99999999342882,52.999999997321041,-0.1224811610678664,-2000.1224811610678,-0.1224811610678664,-3.1327811177076783,-3.1327811177076783
30.000000,129.99999999342882,53.9999999972705,0.013909332995200356,-1999.9860906670049,0.013909332995200356,-2.9963906236446118,-2.9963906236446118
30.000000,129.99999999342882,54.999999997219952,0.14570731146507562,-1999.854292688535,0.14570731146507562,-2.8645926451747363,-2.8645926451747363
30.000000,129.99999999342882,55.999999997169411,0.27297544136892304,-1999.727024558631,0.27297544136892304,-2.7373245152708892,-2.7373245152708892
30.000000,129.99999999342882,56.999999997118863,0.3957711449366183,-1999.6042288550634,0.3957711449366183,-2.614528811703194,-2.614528811703194
30.000000,129.99999999342882,57.999999997068315,0.51414702894883668,-1999.4858529710511,0.51414702894883668,-2.4961529276909755,-2.4961529276909755
30.000000,129.99999999342882,58.999999997017767,0.62815127865962639,-1999.3718487213405,0.62815127865962639,-2.3821486779801857,-2.3821486779801857
30.000000,129.99999999342882,59.999999996967219,0.73782801969144485,-1999.2621719803085,0.73782801969144485,-2.2724719369483672,-2.2724719369483672
30.000000,129.99999999342882,60.999999996916664,0.84321765090638212,-1999.1567823490936,0.84321765090638212,-2.1670823057334299,-2.1670823057334299
30.000000,129.99999999342882,61.999999996866116,0.94435715091389349,-1999.0556428490861,0.94435715091389349,-2.0659428057259186,-2.0659428057259186
30.000000,129.99999999342882,62.999999996815561,1.0412803605761247,-1998.9587196394239,1.0412803605761247,-1.9690195960636874,-1.9690195960636874
30.000000,129.99999999342882,63.999999996765013,1.1340182436101185,-1998.8659817563898,1.1340182436101185,-1.8762817130296936,-1.8762817130296936
30.000000,129.99999999342882,64.999999996714465,1.2225991271566381,-1998.7774008728434,1.2225991271566381,-1.787700829483174,-1.787700829483174
30.000000,129.99999999342882,65.999999996663917,1.3070489239838845,-1998.692951076016,1.3070489239838845,-1.7032510326559276,-1.7032510326559276
30.000000,129.99999999342882,66.999999996613354,1.3873913378166023,-1998.6126086621834,1.3873913378166023,-1.6229086188232098,-1.6229086188232098
30.000000,129.99999999342882,67.999999996562806,1.4636480531244291,-1998.5363519468756,1.4636480531244291,-1.546651903515383,-1.546651903515383
30.000000,129.99999999342882,68.999999996512258,1.5358389105644519,-1998.4641610894355,1.5358389105644519,-1.4744610460753602,-1.4744610460753602
30.000000,129.99999999342882,69.99999999646171,1.6039820691499573,-1998.3960179308501,1.6039820691499573,-1.4063178874898548,-1.4063178874898548
30.000000,129.99999999342882,70.999999996411148,1.6680941561077849,-1998.3319058438922,1.6680941561077849,-1.3422058005320272,-1.3422058005320272
30.000000,129.99999999342882,71.9999999963606,1.7281904052891817,-1998.2718095947109,1.7281904052891817,-1.2821095513506304,-1.2821095513506304
30.000000,129.99999999342882,72.999999996310052,1.784284784911832,-1998.2157152150883,1.784284784911832,-1.2260151717279801,-1.2260151717279801
30.000000,129.99999999342882,73.999999996259504,1.8363901153325175,-1998.1636098846675,1.8363901153325175,-1.1739098413072946,-1.1739098413072946
30.000000,129.99999999342882,74.999999996208956,1.8845181774798145,-1998.1154818225202,1.8845181774798145,-1.1257817791599976,-1.1257817791599976
30.000000,129.99999999342882,75.999999996158394,1.928679812512798,-1998.0713201874871,1.928679812512798,-1.0816201441270141,-1.0816201441270141
30.000000,129.99999999342882,76.999999996107846,1.9688850132147218,-1998.0311149867853,1.9688850132147218,-1.0414149434250903,-1.0414149434250903
30.000000,129.99999999342882,77.999999996057298,2.0051430075787069,-1997.9948569924213,2.0051430075787069,-1.0051569490611052,-1.0051569490611052
30.000000,129.99999999342882,78.99999999600675,2.0374623349954408,-1997.9625376650044,2.0374623349954408,-0.97283762164437126,-0.97283762164437126
30.000000,129.99999999342882,79.999999995956202,2.0658509154098921,-1997.9341490845902,2.0658509154098921,-0.94444904122992002,-0.94444904122992002
30.000000,129.99999999342882,80.99999999590564,2.0903161117744702,-1997.9096838882256,2.0903161117744702,-0.9199838448653419,-0.9199838448653419
30.000000,129.99999999342882,81.999999995855092,2.1108647860901,-1997.8891352139099,2.1108647860901,-0.89943517054971212,-0.89943517054971212
30.000000,129.99999999342882,82.999999995804544,2.1275033492929181,-1997.872496650707,2.1275033492929181,-0.88279660734689402,-0.88279660734689402
30.000000,129.99999999342882,83.999999995753996,2.1402378052133133,-1997.8597621947868,2.1402378052133133,-0.87006215142649879,-0.87006215142649879
30.000000,129.99999999342882,84.999999995703433,2.1490737888050218,-1997.850926211195,2.1490737888050218,-0.86122616783479033,-0.86122616783479033
30.000000,129.99999999342882,85.999999995652885,2.154016598814648,-1997.8459834011853,2.154016598814648,-0.85628335782516407,-0.85628335782516407
30.000000,129.99999999342882,86.999999995602337,2.1550712250363242,-1997.8449287749636,2.1550712250363242,-0.85522873160348789,-0.85522873160348789
30.000000,129.99999999342882,87.999999995551789,2.1522423702717224,-1997.8477576297282,2.1522423702717224,-0.85805758636808971,-0.85805758636808971
30.000000,129.99999999342882,88.999999995501241,2.1455344670922445,-1997.8544655329079,2.1455344670922445,-0.8647654895475676,-0.8647654895475676
30.000000,129.99999999342882,89.999999995450679,2.1349516894776119,-1997.8650483105223,2.1349516894776119,-0.87534826716220016,-0.87534826716220016
30.000000,134.99999999317609,0,-999.99000000000001,-2999.9899999999998,-999.99000000000001,-1003.0002999566398,-1003.0002999566398
30.000000,134.99999999317609,0.99999999994945232,-34.383566057366146,-2034.3835660573661,-34.383566057366146,-37.393866014005958,-37.393866014005958
30.000000,134.99999999317609,1.9999999998989046,-28.362661395492509,-2028.3626613954925,-28.362661395492509,-31.372961352132322,-31.372961352132322
30.000000,134.99999999317609,2.9999999998483573,-24.840331284217825,-2024.8403312842179,-24.840331284217825,-27.850631240857638,-27.850631240857638
30.000000,134.99999999317609,3.9999999997978093,-22.34085591141627,-2022.3408559114164,-22.34085591141627,-25.351155868056082,-25.351155868056082
30.000000,134.99999999317609,4.9999999997472617,-20.401765549389907,-2020.4017655493899,-20.401765549389907,-23.41206550602972,-23.41206550602972
30.000000,134.99999999317609,5.9999999996967137,-18.817069082494438,-2018.8170690824945,-18.817069082494438,-21.827369039134251,-21.827369039134251
30.000000,134.99999999317609,6.9999999996461657,-17.476890071804608,-2017.4768900718045,-17.476890071804608,-20.48719002844442,-20.48719002844442
30.000000,134.99999999317609,7.9999999995956186,-16.315647752827982,-2016.315647752828,-16.315647752827982,-19.325947709467794,-19.325947709467794
30.000000,134.99999999317609,8.9999999995450715,-15.291046994024061,-2015.2910469940241,-15.291046994024061,-18.301346950663874,-18.301346950663874
30.000000,134.99999999317609,9.9999999994945235,-14.374214872112475,-2014.3742148721126,-14.374214872112475,-17.384514828752287,-17.384514828752287
30.000000,134.99999999317609,10.999999999443975,-13.544563461584143,-2013.5445634615842,-13.544563461584143,-16.554863418223956,-16.554863418223956
30.000000,134.99999999317609,11.999999999393427,-12.786897391854431,-2012.7868973918544,-12.786897391854431,-15.797197348494244,-15.797197348494244
30.000000,134.99999999317609,12.999999999342879,-12.089683140982467,-2012.0896831409825,-12.089683140982467,-15.09998309762228,-15.09998309762228
30.000000,134.99999999317609,13.999999999292331,-11.443961532122653,-2011.4439615321226,-11.443961532122653,-14.454261488762466,-14.454261488762466
30.000000,134.99999999317609,14.999999999241785,-10.842636318685297,-2010.8426363186852,-10.842636318685297,-13.85293627532511,-13.85293627532511
30.000000,134.99999999317609,15.999999999191237,-10.279992824813791,-2010.2799928248137,-10.279992824813791,-13.290292781453603,-13.290292781453603
30.000000,134.99999999317609,16.999999999140691,-9.7513627599945565,-2009.7513627599947,-9.7513627599945565,-12.761662716634369,-12.761662716634369
30.000000,134.99999999317609,17.999999999090143,-9.2528849728933373,-2009.2528849728933,-9.2528849728933373,-12.26318492953315,-12.26318492953315
30.000000,134.99999999317609,18.999999999039595,-8.7813309640903192,-2008.7813309640903,-8.7813309640903192,-11.791630920730132,-11.791630920730132
30.000000,134.99999999317609,19.999999998989047,-8.3339751947745597,-2008.3339751947747,-8.3339751947745597,-11.344275151414372,-11.344275151414372
30.000000,134.99999999317609,20.999999998938499,-7.9084970583907399,-2007.9084970583908,-7.9084970583907399,-10.918797015030552,-10.918797015030552
30.000000,134.99999999317609,21.999999998887951,-7.5029056656199984,-2007.5029056656199,-7.5029056656199984,-10.513205622259811,-10.513205622259811
30.000000,134.99999999317609,22.999999998837403,-7.1154813506869585,-2007.1154813506869,-7.1154813506869585,-10.12578130732677,-10.12578130732677
30.000000,134.99999999317609,23.999999998786855,-6.7447296242718018,-2006.7447296242717,-6.7447296242718018,-9.7550295809116143,-9.7550295809116143
30.000000,134.99999999317609,24.999999998736307,-6.3893445212932418,-2006.3893445212932,-6.3893445212932418,-9.3996444779330535,-9.3996444779330535
30.000000,134.99999999317609,25.999999998685759,-6.0481791306006558,-2006.0481791306006,-6.0481791306006558,-9.0584790872404675,-9.0584790872404675
30.000000,134.99999999317609,26.999999998635211,-5.7202216788485218,-2005.7202216788485,-5.7202216788485218,-8.7305216354883335,-8.7305216354883335
30.000000,134.99999999317609,27.999999998584663,-5.4045759556107056,-2005.4045759556107,-5.4045759556107056,-8.4148759122505172,-8.4148759122505172
30.000000,134.99999999317609,28.999999998534115,-5.1004451650186269,-2005.1004451650185,-5.1004451650186269,-8.1107451216584394,-8.1107451216584394
30.000000,134.99999999317609,29.99999999848357,-4.8071185064765674,-2004.8071185064766,-4.8071185064765674,-7.817418463116379,-7.817418463116379
30.000000,134.99999999317609,30.999999998433026,-4.5239599472338989,-2004.5239599472338,-4.5239599472338989,-7.5342599038737106,-7.5342599038737106
30.000000,134.99999999317609,31.999999998382481,-4.2503987690913263,-2004.2503987690914,-4.2503987690913263,-7.2606987257311388,-7.2606987257311388
30.000000,134.99999999317609,32.999999998331937,-3.9859215615762897,-2003.9859215615763,-3.9859215615762897,-6.9962215182161014,-6.9962215182161014
30.000000,134.99999999317609,33.999999998281389,-3.7300654024562903,-2003.7300654024564,-3.7300654024562903,-6.7403653590961028,-6.7403653590961028
30.000000,134.99999999317609,34.999999998230848,-3.4824120190889758,-2003.482412019089,-3.4824120190889758,-6.4927119757287883,-6.4927119757287883
30.000000,134.99999999317609,35.9999999981803,-3.2425827648678611,-2003.2425827648678,-3.2425827648678611,-6.2528827215076728,-6.2528827215076728
30.000000,134.99999999317609,36.999999998129759,-3.0102342768427754,-2003.0102342768428,-3.0102342768427754,-6.0205342334825875,-6.0205342334825875
30.000000,134.99999999317609,37.999999998079211,-2.7850547056206358,-2002.7850547056207,-2.7850547056206358,-5.7953546622604479,-5.7953546622604479
30.000000,134.99999999317609,38.99999999802867,-2.5667604284744745,-2002.5667604284745,-2.5667604284744745,-5.5770603851142866,-5.5770603851142866
30.000000,134.99999999317609,39.999999997978122,-2.3550931723934374,-2002.3550931723935,-2.3550931723934374,-5.3653931290332491,-5.3653931290332491
30.000000,134.99999999317609,40.999999997927581,-2.1498174864865103,-2002.1498174864864,-2.1498174864865103,-5.1601174431263228,-5.1601174431263228
30.000000,134.99999999317609,41.999999997877033,-1.9507185133866456,-2001.9507185133866,-1.9507185133866456,-4.9610184700264579,-4.9610184700264579
30.000000,134.99999999317609,42.999999997826492,-1.7576000176076423,-2001.7576000176077,-1.7576000176076423,-4.7678999742474542,-4.7678999742474542
30.000000,134.99999999317609,43.999999997775944,-1.5702826355829975,-2001.570282635583,-1.5702826355829975,-4.5805825922228092,-4.5805825922228092
30.000000,134.99999999317609,44.999999997725396,-1.3886023176730553,-2001.3886023176731,-1.3886023176730553,-4.3989022743128672,-4.3989022743128672
30.000000,134.99999999317609,45.999999997674855,-1.2124089370062154,-2001.2124089370061,-1.2124089370062154,-4.2227088936460273,-4.2227088936460273
30.000000,134.99999999317609,46.999999997624307,-1.0415650438098734,-2001.0415650438099,-1.0415650438098734,-4.0518650004496859,-4.0518650004496859
30.000000,134.99999999317609,47.999999997573767,-0.87594474703838943,-2000.8759447470384,-0.87594474703838943,-3.8862447036782015,-3.8862447036782015
30.000000,134.99999999317609,48.999999997523219,-0.71543270773595924,-2000.715432707736,-0.71543270773595924,-3.7257326643757711,-3.7257326643757711
30.000000,134.99999999317609,49.999999997472678,-0.55992323077701822,-2000.559923230777,-0.55992323077701822,-3.5702231874168304,-3.5702231874168304
30.000000,134.99999999317609,50.99999999742213,-0.40931944348230337,-2000.4093194434822,-0.40931944348230337,-3.4196194001221154,-3.4196194001221154
30.000000,134.99999999317609,51.999999997371589,-0.26353255117485674,-2000.2635325511749,-0.26353255117485674,-3.2738325078146691,-3.2738325078146691
30.000000,134.99999999317609,52.999999997321041,-0.1224811610678664,-2000.1224811610678,-0.1224811610678664,-3.1327811177076783,-3.1327811177076783
30.000000,134.99999999317609,53.9999999972705,0.013909332995200356,-1999.9860906670049,0.013909332995200356,-2.9963906236446118,-2.9963906236446118
30.000000,134.99999999317609,54.999999997219952,0.14570731146507562,-1999.854292688535,0.14570731146507562,-2.8645926451747363,-2.8645926451747363
30.000000,134.99999999317609,55.999999997169411,0.27297544136892304,-1999.727024558631,0.27297544136892304,-2.7373245152708892,-2.7373245152708892
30.000000,134.99999999317609,56.999999997118863,0.3957711449366183,-1999.6042288550634,0.3957711449366183,-2.614528811703194,-2.614528811703194
30.000000,134.99999999317609,57.999999997068315,0.51414702894883668,-1999.4858529710511,0.51414702894883668,-2.4961529276909755,-2.4961529276909755
30.000000,134.99999999317609,58.999999997017767,0.62815127865962639,-1999.3718487213405,0.62815127865962639,-2.3821486779801857,-2.3821486779801857
30.000000,134.99999999317609,59.999999996967219,0.73782801969144485,-1999.2621719803085,0.73782801969144485,-2.2724719369483672,-2.2724719369483672
30.000000,134.99999999317609,60.999999996916664,0.84321765090638212,-1999.1567823490936,0.84321765090638212,-2.1670823057334299,-2.1670823057334299
30.000000,134.99999999317609,61.999999996866116,0.94435715091389349,-1999.0556428490861,0.94435715091389349,-2.0659428057259186,-2.0659428057259186
30.000000,134.99999999317609,62.999999996815561,1.0412803605761247,-1998.9587196394239,1.0412803605761247,-1.9690195960636874,-1.9690195960636874
30.000000,134.99999999317609,63.999999996765013,1.1340182436101185,-1998.8659817563898,1.1340182436101185,-1.8762817130296936,-1.8762817130296936
30.000000,134.99999999317609,64.999999996714465,1.2225991271566381,-1998.7774008728434,1.2225991271566381,-1.787700829483174,-1.787700829483174
30.000000,134.99999999317609,65.999999996663917,1.3070489239838845,-1998.692951076016,1.3070489239838845,-1.7032510326559276,-1.7032510326559276
30.000000,134.99999999317609,66.999999996613354,1.3873913378166023,-1998.6126086621834,1.3873913378166023,-1.6229086188232098,-1.6229086188232098
30.000000,134.99999999317609,67.999999996562806,1.4636480531244291,-1998.5363519468756,1.4636480531244291,-1.546651903515383,-1.546651903515383
30.000000,134.99999999317609,68.999999996512258,1.5358389105644519,-1998.4641610894355,1.5358389105644519,-1.4744610460753602,-1.4744610460753602
30.000000,134.99999999317609,69.99999999646171,1.6039820691499573,-1998.3960179308501,1.6039820691499573,-1.4063178874898548,-1.4063178874898548
30.000000,134.99999999317609,70.999999996411148,1.6680941561077849,-1998.3319058438922,1.6680941561077849,-1.3422058005320272,-1.3422058005320272
30.000000,134.99999999317609,71.9999999963606,1.7281904052891817,-1998.2718095947109,1.7281904052891817,-1.2821095513506304,-1.2821095513506304
30.000000,134.99999999317609,72.999999996310052,1.784284784911832,-1998.2157152150883,1.784284784911832,-1.2260151717279801,-1.2260151717279801
30.000000,134.99999999317609,73.999999996259504,1.8363901153325175,-1998.1636098846675,1.8363901153325175,-1.1739098413072946,-1.1739098413072946
30.000000,134.99999999317609,74.999999996208956,1.8845181774798145,-1998.1154818225202,1.8845181774798145,-1.1257817791599976,-1.1257817791599976
30.000000,134.99999999317609,75.999999996158394,1.928679812512798,-1998.0713201874871,1.928679812512798,-1.0816201441270141,-1.0816201441270141
30.000000,134.99999999317609,76.999999996107846,1.9688850132147218,-1998.0311149867853,1.9688850132147218,-1.0414149434250903,-1.0414149434250903
30.000000,134.99999999317609,77.999999996057298,2.0051430075787069,-1997.9948569924213,2.0051430075787069,-1.0051569490611052,-1.0051569490611052
30.000000,134.99999999317609,78.99999999600675,2.0374623349954408,-1997.9625376650044,2.0374623349954408,-0.97283762164437126,-0.97283762164437126
30.000000,134.99999999317609,79.999999995956202,2.0658509154098921,-1997.9341490845902,2.0658509154098921,-0.94444904122992002,-0.94444904122992002
30.000000,134.99999999317609,80.99999999590564,2.0903161117744702,-1997.9096838882256,2.0903161117744702,-0.9199838448653419,-0.9199838448653419
30.000000,134.99999999317609,81.999999995855092,2.1108647860901,-1997.8891352139099,2.1108647860901,-0.89943517054971212,-0.89943517054971212
30.000000,134.99999999317609,82.999999995804544,2.1275033492929181,-1997.872496650707,2.1275033492929181,-0.88279660734689402,-0.88279660734689402
30.000000,134.99999999317609,83.999999995753996,2.1402378052133133,-1997.8597621947868,2.1402378052133133,-0.87006215142649879,-0.87006215142649879
30.000000,134.99999999317609,84.999999995703433,2.1490737888050218,-1997.850926211195,2.1490737888050218,-0.86122616783479033,-0.86122616783479033
30.000000,134.99999999317609,85.999999995652885,2.154016598814648,-1997.8459834011853,2.154016598814648,-0.85628335782516407,-0.85628335782516407
30.000000,134.99999999317609,86.999999995602337,2.1550712250363242,-1997.8449287749636,2.1550712250363242,-0.85522873160348789,-0.85522873160348789
30.000000,134.99999999317609,87.999999995551789,2.1522423702717224,-1997.8477576297282,2.1522423702717224,-0.85805758636808971,-0.85805758636808971
30.000000,134.99999999317609,88.999999995501241,2.1455344670922445,-1997.8544655329079,2.1455344670922445,-0.8647654895475676,-0.8647654895475676
30.000000,134.99999999317609,89.999999995450679,2.1349516894776119,-1997.8650483105223,2.1349516894776119,-0.87534826716220016,-0.87534826716220016
30.000000,139.99999999292336,0,-999.99000000000001,-2999.9899999999998,-999.99000000000001,-1003.0002999566398,-1003.0002999566398
30.000000,139.99999999292336,0.99999999994945232,-34.383566057366146,-2034.3835660573661,-34.383566057366146,-37.393866014005958,-37.393866014005958
30.000000,139.99999999292336,1.9999999998989046,-28.362661395492509,-2028.3626613954925,-28.362661395492509,-31.372961352132322,-31.372961352132322
30.000000,139.99999999292336,2.9999999998483573,-24.840331284217825,-2024.8403312842179,-24.840331284217825,-27.850631240857638,-27.850631240857638
30.000000,139.99999999292336,3.9999999997978093,-22.34085591141627,-2022.3408559114164,-22.34085591141627,-25.351155868056082,-25.351155868056082
30.000000,139.99999999292336,4.9999999997472617,-20.401765549389907,-2020.4017655493899,-20.401765549389907,-23.41206550602972,-23.41206550602972
30.000000,139.99999999292336,5.9999999996967137,-18.817069082494438,-2018.8170690824945,-18.817069082494438,-21.827369039134251,-21.827369039134251
30.000000,139.99999999292336,6.9999999996461657,-17.476890071804608,-2017.4768900718045,-17.476890071804608,-20.48719002844442,-20.48719002844442
30.000000,139.99999999292336,7.9999999995956186,-16.315647752827982,-2016.315647752828,-16.315647752827982,-19.325947709467794,-19.325947709467794
30.000000,139.99999999292336,8.9999999995450715,-15.291046994024061,-2015.2910469940241,-15.291046994024061,-18.301346950663874,-18.301346950663874
30.000000,139.99999999292336,9.9999999994945235,-14.374214872112475,-2014.3742148721126,-14.374214872112475,-17.384514828752287,-17.384514828752287
30.000000,139.99999999292336,10.999999999443975,-13.544563461584143,-2013.5445634615842,-13.544563461584143,-16.554863418223956,-16.554863418223956
30.000000,139.99999999292336,11.999999999393427,-12.786897391854431,-2012.7868973918544,-12.786897391854431,-15.797197348494244,-15.797197348494244
30.000000,139.99999999292336,12.999999999342879,-12.089683140982467,-2012.0896831409825,-12.089683140982467,-15.09998309762228,-15.09998309762228
30.000000,139.99999999292336,13.999999999292331,-11.443961532122653,-2011.4439615321226,-11.443961532122653,-14.454261488762466,-14.454261488762466
30.000000,139.99999999292336,14.999999999241785,-10.842636318685297,-2010.8426363186852,-10.842636318685297,-13.85293627532511,-13.85293627532511
30.000000,139.99999999292336,15.999999999191237,-10.279992824813791,-2010.2799928248137,-10.279992824813791,-13.290292781453603,-13.290292781453603
30.000000,139.99999999292336,16.999999999140691,-9.7513627599945565,-2009.7513627599947,-9.7513627599945565,-12.761662716634369,-12.761662716634369
30.000000,139.99999999292336,17.999999999090143,-9.2528849728933373,-2009.2528849728933,-9.2528849728933373,-12.26318492953315,-12.26318492953315
30.000000,139.99999999292336,18.999999999039595,-8.7813309640903192,-2008.7813309640903,-8.7813309640903192,-11.791630920730132,-11.791630920730132
30.000000,139.99999999292336,19.999999998989047,-8.3339751947745597,-2008.3339751947747,-8.3339751947745597,-11.344275151414372,-11.344275151414372
30.000000,139.99999999292336,20.999999998938499,-7.9084970583907399,-2007.9084970583908,-7.9084970583907399,-10.918797015030552,-10.918797015030552
30.000000,139.99999999292336,21.999999998887951,-7.5029056656199984,-2007.5029056656199,-7.5029056656199984,-10.513205622259811,-10.513205622259811
30.000000,139.99999999292336,22.999999998837403,-7.1154813506869585,-2007.1154813506869,-7.1154813506869585,-10.12578130732677,-10.12578130732677
30.000000,139.99999999292336,23.999999998786855,-6.7447296242718018,-2006.7447296242717,-6.7447296242718018,-9.7550295809116143,-9.7550295809116143
30.000000,139.99999999292336,24.999999998736307,-6.3893445212932418,-2006.3893445212932,-6.3893445212932418,-9.3996444779330535,-9.3996444779330535
30.000000,139.99999999292336,25.999999998685759,-6.0481791306006558,-2006.0481791306006,-6.0481791306006558,-9.0584790872404675,-9.0584790872404675
30.000000,139.99999999292336,26.999999998635211,-5.7202216788485218,-2005.7202216788485,-5.7202216788485218,-8.7305216354883335,-8.7305216354883335
30.000000,139.99999999292336,27.999999998584663,-5.4045759556107056,-2005.4045759556107,-5.4045759556107056,-8.4148759122505172,-8.4148759122505172
30.000000,139.99999999292336,28.999999998534115,-5.1004451650186269,-2005.1004451650185,-5.1004451650186269,-8.1107451216584394,-8.1107451216584394
30.000000,139.99999999292336,29.99999999848357,-4.8071185064765674,-2004.8071185064766,-4.8071185064765674,-7.817418463116379,-7.817418463116379
30.000000,139.99999999292336,30.999999998433026,-4.5239599472338989,-2004.5239599472338,-4.5239599472338989,-7.5342599038737106,-7.5342599038737106
30.000000,139.99999999292336,31.999999998382481,-4.2503987690913263,-2004.2503987690914,-4.2503987690913263,-7.2606987257311388,-7.2606987257311388
30.000000,139.99999999292336,32.999999998331937,-3.9859215615762897,-2003.9859215615763,-3.9859215615762897,-6.9962215182161014,-6.9962215182161014
30.000000,139.99999999292336,33.999999998281389,-3.7300654024562903,-2003.7300654024564,-3.7300654024562903,-6.7403653590961028,-6.7403653590961028
30.000000,139.99999999292336,34.999999998230848,-3.4824120190889758,-2003.482412019089,-3.4824120190889758,-6.4927119757287883,-6.4927119757287883
30.000000,139.99999999292336,35.9999999981803,-3.2425827648678611,-2003.2425827648678,-3.2425827648678611,-6.2528827215076728,-6.2528827215076728
30.000000,139.99999999292336,36.999999998129759,-3.0102342768427754,-2003.0102342768428,-3.0102342768427754,-6.0205342334825875,-6.0205342334825875
30.000000,139.99999999292336,37.999999998079211,-2.7850547056206358,-2002.7850547056207,-2.7850547056206358,-5.7953546622604479,-5.7953546622604479
30.000000,139.99999999292336,38.99999999802867,-2.5667604284744745,-2002.5667604284745,-2.5667604284744745,-5.5770603851142866,-5.5770603851142866
30.000000,139.99999999292336,39.999999997978122,-2.3550931723934374,-2002.3550931723935,-2.3550931723934374,-5.3653931290332491,-5.3653931290332491
30.000000,139.99999999292336,40.999999997927581,-2.1498174864865103,-2002.1498174864864,-2.1498174864865103,-5.1601174431263228,-5.1601174431263228
30.000000,139.99999999292336,41.999999997877033,-1.9507185133866456,-2001.9507185133866,-1.9507185133866456,-4.9610184700264579,-4.9610184700264579
30.000000,139.99999999292336,42.999999997826492,-1.7576000176076423,-2001.7576000176077,-1.7576000176076423,-4.7678999742474542,-4.7678999742474542
30.000000,139.99999999292336,43.999999997775944,-1.5702826355829975,-2001.570282635583,-1.5702826355829975,-4.5805825922228092,-4.5805825922228092
30.000000,139.99999999292336,44.999999997725396,-1.3886023176730553,-2001.3886023176731,-1.3886023176730553,-4.3989022743128672,-4.3989022743128672
30.000000,139.99999999292336,45.999999997674855,-1.2124089370062154,-2001.2124089370061,-1.2124089370062154,-4.2227088936460273,-4.2227088936460273
30.000000,139.99999999292336,46.999999997624307,-1.0415650438098734,-2001.0415650438099,-1.0415650438098734,-4.0518650004496859,-4.0518650004496859
30.000000,139.99999999292336,47.999999997573767,-0.87594474703838943,-2000.8759447470384,-0.87594474703838943,-3.8862447036782015,-3.8862447036782015
30.000000,139.99999999292336,48.999999997523219,-0.71543270773595924,-2000.715432707736,-0.71543270773595924,-3.7257326643757711,-3.7257326643757711
30.000000,139.99999999292336,49.999999997472678,-0.55992323077701822,-2000.559923230777,-0.55992323077701822,-3.5702231874168304,-3.5702231874168304
30.000000,139.99999999292336,50.99999999742213,-0.40931944348230337,-2000.4093194434822,-0.40931944348230337,-3.4196194001221154,-3.4196194001221154
30.000000,139.99999999292336,51.999999997371589,-0.26353255117485674,-2000.2635325511749,-0.26353255117485674,-3.2738325078146691,-3.2738325078146691
30.000000,139.99999999292336,52.999999997321041,-0.1224811610678664,-2000.1224811610678,-0.1224811610678664,-3.1327811177076783,-3.1327811177076783
30.000000,139.99999999292336,53.9999999972705,0.013909332995200356,-1999.9860906670049,0.013909332995200356,-2.9963906236446118,-2.9963906236446118
30.000000,139.99999999292336,54.999999997219952,0.14570731146507562,-1999.854292688535,0.14570731146507562,-2.8645926451747363,-2.8645926451747363
30.000000,139.99999999292336,55.999999997169411,0.27297544136892304,-1999.727024558631,0.27297544136892304,-2.7373245152708892,-2.7373245152708892
30.000000,139.99999999292336,56.999999997118863,0.3957711449366183,-1999.6042288550634,0.3957711449366183,-2.614528811703194,-2.614528811703194
30.000000,139.99999999292336,57.999999997068315,0.51414702894883668,-1999.4858529710511,0.51414702894883668,-2.4961529276909755,-2.4961529276909755
30.000000,139.99999999292336,58.999999997017767,0.62815127865962639,-1999.3718487213405,0.62815127865962639,-2.3821486779801857,-2.3821486779801857
30.000000,139.99999999292336,59.999999996967219,0.73782801969144485,-1999.2621719803085,0.73782801969144485,-2.2724719369483672,-2.2724719369483672
30.000000,139.99999999292336,60.999999996916664,0.84321765090638212,-1999.1567823490936,0.84321765090638212,-2.1670823057334299,-2.1670823057334299
30.000000,139.99999999292336,61.999999996866116,0.94435715091389349,-1999.0556428490861,0.94435715091389349,-2.0659428057259186,-2.0659428057259186
30.000000,139.99999999292336,62.999999996815561,1.0412803605761247,-1998.9587196394239,1.0412803605761247,-1.9690195960636874,-1.9690195960636874
30.000000,139.99999999292336,63.999999996765013,1.1340182436101185,-1998.8659817563898,1.1340182436101185,-1.8762817130296936,-1.8762817130296936
30.000000,139.99999999292336,64.999999996714465,1.2225991271566381,-1998.7774008728434,1.2225991271566381,-1.787700829483174,-1.787700829483174
30.000000,139.99999999292336,65.999999996663917,1.3070489239838845,-1998.692951076016,1.3070489239838845,-1.7032510326559276,-1.7032510326559276
30.000000,139.99999999292336,66.999999996613354,1.3873913378166023,-1998.6126086621834,1.3873913378166023,-1.6229086188232098,-1.6229086188232098
30.000000,139.99999999292336,67.999999996562806,1.4636480531244291,-1998.5363519468756,1.4636480531244291,-1.546651903515383,-1.546651903515383
30.000000,139.99999999292336,68.999999996512258,1.5358389105644519,-1998.4641610894355,1.5358389105644519,-1.4744610460753602,-1.4744610460753602
30.000000,139.99999999292336,69.99999999646171,1.6039820691499573,-1998.3960179308501,1.6039820691499573,-1.4063178874898548,-1.4063178874898548
30.000000,139.99999999292336,70.999999996411148,1.6680941561077849,-1998.3319058438922,1.6680941561077849,-1.3422058005320272,-1.3422058005320272
30.000000,139.99999999292336,71.9999999963606,1.7281904052891817,-1998.2718095947109,1.7281904052891817,-1.2821095513506304,-1.2821095513506304
30.000000,139.99999999292336,72.999999996310052,1.784284784911832,-1998.2157152150883,1.784284784911832,-1.2260151717279801,-1.2260151717279801
30.000000,139.99999999292336,73.999999996259504,1.8363901153325175,-1998.1636098846675,1.8363901153325175,-1.1739098413072946,-1.1739098413072946
30.000000,139.99999999292336,74.999999996208956,1.8845181774798145,-1998.1154818225202,1.8845181774798145,-1.1257817791599976,-1.1257817791599976
30.000000,139.99999999292336,75.999999996158394,1.928679812512798,-1998.0713201874871,1.928679812512798,-1.0816201441270141,-1.0816201441270141
30.000000,139.99999999292336,76.999999996107846,1.9688850132147218,-1998.0311149867853,1.9688850132147218,-1.0414149434250903,-1.0414149434250903
30.000000,139.99999999292336,77.999999996057298,2.0051430075787069,-1997.9948569924213,2.0051430075787069,-1.0051569490611052,-1.0051569490611052
30.000000,139.99999999292336,78.99999999600675,2.0374623349954408,-1997.9625376650044,2.0374623349954408,-0.97283762164437126,-0.97283762164437126
30.000000,139.99999999292336,79.999999995956202,2.0658509154098921,-1997.9341490845902,2.0658509154098921,-0.94444904122992002,-0.94444904122992002
30.000000,139.99999999292336,80.99999999590564,2.0903161117744702,-1997.9096838882256,2.0903161117744702,-0.9199838448653419,-0.9199838448653419
30.000000,139.99999999292336,81.999999995855092,2.1108647860901,-1997.8891352139099,2.1108647860901,-0.89943517054971212,-0.89943517054971212
30.000000,139.99999999292336,82.999999995804544,2.1275033492929181,-1997.872496650707,2.1275033492929181,-0.88279660734689402,-0.88279660734689402
30.000000,139.99999999292336,83.999999995753996,2.1402378052133133,-1997.8597621947868,2.1402378052133133,-0.87006215142649879,-0.87006215142649879
30.000000,139.99999999292336,84.999999995703433,2.1490737888050218,-1997.850926211195,2.1490737888050218,-0.86122616783479033,-0.86122616783479033
30.000000,139.99999999292336,85.999999995652885,2.154016598814648,-1997.8459834011853,2.154016598814648,-0.85628335782516407,-0.85628335782516407
30.000000,139.99999999292336,86.999999995602337,2.1550712250363242,-1997.8449287749636,2.1550712250363242,-0.85522873160348789,-0.85522873160348789
30.000000,139.99999999292336,87.999999995551789,2.1522423702717224,-1997.8477576297282,2.1522423702717224,-0.85805758636808971,-0.85805758636808971
30.000000,139.99999999292336,88.999999995501241,2.1455344670922445,-1997.8544655329079,2.1455344670922445,-0.8647654895475676,-0.8647654895475676
30.000000,139.99999999292336,89.999999995450679,2.1349516894776119,-1997.8650483105223,2.1349516894776119,-0.87534826716220016,-0.87534826716220016
30.000000,144.99999999267064,0,-999.99000000000001,-2999.9899999999998,-999.99000000000001,-1003.0002999566398,-1003.0002999566398
30.000000,144.99999999267064,0.99999999994945232,-34.383566057366146,-2034.3835660573661,-34.383566057366146,-37.393866014005958,-37.393866014005958
30.000000,144.99999999267064,1.9999999998989046,-28.362661395492509,-2028.3626613954925,-28.362661395492509,-31.372961352132322,-31.372961352132322
30.000000,144.99999999267064,2.9999999998483573,-24.840331284217825,-2024.8403312842179,-24.840331284217825,-27.850631240857638,-27.850631240857638
30.000000,144.99999999267064,3.9999999997978093,-22.34085591141627,-2022.3408559114164,-22.34085591141627,-25.351155868056082,-25.351155868056082
30.000000,144.99999999267064,4.9999999997472617,-20.401765549389907,-2020.4017655493899,-20.401765549389907,-23.41206550602972,-23.41206550602972
30.000000,144.99999999267064,5.9999999996967137,-18.817069082494438,-2018.8170690824945,-18.817069082494438,-21.827369039134251,-21.827369039134251
30.000000,144.99999999267064,6.9999999996461657,-17.476890071804608,-2017.4768900718045,-17.476890071804608,-20.48719002844442,-20.48719002844442
30.000000,144.99999999267064,7.9999999995956186,-16.315647752827982,-2016.315647752828,-16.315647752827982,-19.325947709467794,-19.325947709467794
30.000000,144.99999999267064,8.9999999995450715,-15.291046994024061,-2015.2910469940241,-15.291046994024061,-18.301346950663874,-18.301346950663874
30.000000,144.99999999267064,9.9999999994945235,-14.374214872112475,-2014.3742148721126,-14.374214872112475,-17.384514828752287,-17.384514828752287
30.000000,144.99999999267064,10.999999999443975,-13.544563461584143,-2013.5445634615842,-13.544563461584143,-16.554863418223956,-16.554863418223956
30.000000,144.99999999267064,11.999999999393427,-12.786897391854431,-2012.7868973918544,-12.786897391854431,-15.797197348494244,-15.797197348494244
30.000000,144.99999999267064,12.999999999342879,-12.089683140982467,-2012.0896831409825,-12.089683140982467,-15.09998309762228,-15.09998309762228
30.000000,144.99999999267064,13.999999999292331,-11.443961532122653,-2011.4439615321226,-11.443961532122653,-14.454261488762466,-14.454261488762466
30.000000,144.99999999267064,14.999999999241785,-10.842636318685297,-2010.8426363186852,-10.842636318685297,-13.85293627532511,-13.85293627532511
30.000000,144.99999999267064,15.999999999191237,-10.279992824813791,-2010.2799928248137,-10.279992824813791,-13.290292781453603,-13.290292781453603
30.000000,144.99999999267064,16.999999999140691,-9.7513627599945565,-2009.7513627599947,-9.7513627599945565,-12.761662716634369,-12.761662716634369
30.000000,144.99999999267064,17.999999999090143,-9.2528849728933373,-2009.2528849728933,-9.2528849728933373,-12.26318492953315,-12.26318492953315
30.000000,144.99999999267064,18.999999999039595,-8.7813309640903192,-2008.7813309640903,-8.7813309640903192,-11.791630920730132,-11.791630920730132
30.000000,144.99999999267064,19.999999998989047,-8.3339751947745597,-2008.3339751947747,-8.3339751947745597,-11.344275151414372,-11.344275151414372
30.000000,144.99999999267064,20.999999998938499,-7.9084970583907399,-2007.9084970583908,-7.9084970583907399,-10.918797015030552,-10.918797015030552
30.000000,144.99999999267064,21.999999998887951,-7.5029056656199984,-2007.5029056656199,-7.5029056656199984,-10.513205622259811,-10.513205622259811
30.000000,144.99999999267064,22.999999998837403,-7.1154813506869585,-2007.1154813506869,-7.1154813506869585,-10.12578130732677,-10.12578130732677
30.000000,144.99999999267064,23.999999998786855,-6.7447296242718018,-2006.7447296242717,-6.7447296242718018,-9.7550295809116143,-9.7550295809116143
30.000000,144.99999999267064,24.999999998736307,-6.3893445212932418,-2006.3893445212932,-6.3893445212932418,-9.3996444779330535,-9.3996444779330535
30.000000,144.99999999267064,25.999999998685759,-6.0481791306006558,-2006.0481791306006,-6.0481791306006558,-9.0584790872404675,-9.0584790872404675
30.000000,144.99999999267064,26.999999998635211,-5.7202216788485218,-2005.7202216788485,-5.7202216788485218,-8.7305216354883335,-8.7305216354883335
30.000000,144.99999999267064,27.999999998584663,-5.4045759556107056,-2005.4045759556107,-5.4045759556107056,-8.4148759122505172,-8.4148759122505172
30.000000,144.99999999267064,28.999999998534115,-5.1004451650186269,-2005.1004451650185,-5.1004451650186269,-8.1107451216584394,-8.1107451216584394
30.000000,144.99999999267064,29.99999999848357,-4.8071185064765674,-2004.8071185064766,-4.8071185064765674,-7.817418463116379,-7.817418463116379
30.000000,144.99999999267064,30.999999998433026,-4.5239599472338989,-2004.5239599472338,-4.5239599472338989,-7.5342599038737106,-7.5342599038737106
30.000000,144.99999999267064,31.999999998382481,-4.2503987690913263,-2004.2503987690914,-4.2503987690913263,-7.2606987257311388,-7.2606987257311388
30.000000,144.99999999267064,32.999999998331937,-3.9859215615762897,-2003.9859215615763,-3.9859215615762897,-6.9962215182161014,-6.9962215182161014
30.000000,144.99999999267064,33.999999998281389,-3.7300654024562903,-2003.7300654024564,-3.7300654024562903,-6.7403653590961028,-6.7403653590961028
30.000000,144.99999999267064,34.999999998230848,-3.4824120190889758,-2003.482412019089,-3.4824120190889758,-6.4927119757287883,-6.4927119757287883
30.000000,144.99999999267064,35.9999999981803,-3.2425827648678611,-2003.2425827648678,-3.2425827648678611,-6.2528827215076728,-6.2528827215076728
30.000000,144.99999999267064,36.999999998129759,-3.0102342768427754,-2003.0102342768428,-3.0102342768427754,-6.0205342334825875,-6.0205342334825875
30.000000,144.99999999267064,37.999999998079211,-2.7850547056206358,-2002.7850547056207,-2.7850547056206358,-5.7953546622604479,-5.7953546622604479
30.000000,144.99999999267064,38.99999999802867,-2.5667604284744745,-2002.5667604284745,-2.5667604284744745,-5.5770603851142866,-5.5770603851142866
30.000000,144.99999999267064,39.999999997978122,-2.3550931723934374,-2002.3550931723935,-2.3550931723934374,-5.3653931290332491,-5.3653931290332491
30.000000,144.99999999267064,40.999999997927581,-2.1498174864865103,-2002.1498174864864,-2.1498174864865103,-5.1601174431263228,-5.1601174431263228
30.000000,144.99999999267064,41.999999997877033,-1.9507185133866456,-2001.9507185133866,-1.9507185133866456,-4.9610184700264579,-4.9610184700264579
30.000000,144.99999999267064,42.999999997826492,-1.7576000176076423,-2001.7576000176077,-1.7576000176076423,-4.7678999742474542,-4.7678999742474542
30.000000,144.99999999267064,43.999999997775944,-1.5702826355829975,-2001.570282635583,-1.5702826355829975,-4.5805825922228092,-4.5805825922228092
30.000000,144.99999999267064,44.999999997725396,-1.3886023176730553,-2001.3886023176731,-1.3886023176730553,-4.3989022743128672,-4.3989022743128672
30.000000,144.99999999267064,45.999999997674855,-1.2124089370062154,-2001.2124089370061,-1.2124089370062154,-4.2227088936460273,-4.2227088936460273
30.000000,144.99999999267064,46.999999997624307,-1.0415650438098734,-2001.0415650438099,-1.0415650438098734,-4.0518650004496859,-4.0518650004496859
30.000000,144.99999999267064,47.999999997573767,-0.87594474703838943,-2000.8759447470384,-0.87594474703838943,-3.8862447036782015,-3.8862447036782015
30.000000,144.99999999267064,48.999999997523219,-0.71543270773595924,-2000.715432707736,-0.71543270773595924,-3.7257326643757711,-3.7257326643757711
30.000000,144.99999999267064,49.999999997472678,-0.55992323077701822,-2000.559923230777,-0.55992323077701822,-3.5702231874168304,-3.5702231874168304
30.000000,144.99999999267064,50.99999999742213,-0.40931944348230337,-2000.4093194434822,-0.40931944348230337,-3.4196194001221154,-3.4196194001221154
30.000000,144.99999999267064,51.999999997371589,-0.26353255117485674,-2000.2635325511749,-0.26353255117485674,-3.2738325078146691,-3.2738325078146691
30.000000,144.99999999267064,52.999999997321041,-0.1224811610678664,-2000.1224811610678,-0.1224811610678664,-3.1327811177076783,-3.1327811177076783
30.000000,144.99999999267064,53.9999999972705,0.013909332995200356,-1999.9860906670049,0.013909332995200356,-2.9963906236446118,-2.9963906236446118
30.000000,144.99999999267064,54.999999997219952,0.14570731146507562,-1999.854292688535,0.14570731146507562,-2.8645926451747363,-2.8645926451747363
30.000000,144.99999999267064,55.999999997169411,0.27297544136892304,-1999.727024558631,0.27297544136892304,-2.7373245152708892,-2.7373245152708892
30.000000,144.99999999267064,56.999999997118863,0.3957711449366183,-1999.6042288550634,0.3957711449366183,-2.614528811703194,-2.614528811703194
30.000000,144.99999999267064,57.999999997068315,0.51414702894883668,-1999.4858529710511,0.51414702894883668,-2.4961529276909755,-2.4961529276909755
30.000000,144.99999999267064,58.999999997017767,0.62815127865962639,-1999.3718487213405,0.62815127865962639,-2.3821486779801857,-2.3821486779801857
30.000000,144.99999999267064,59.999999996967219,0.73782801969144485,-1999.2621719803085,0.73782801969144485,-2.2724719369483672,-2.2724719369483672
30.000000,144.99999999267064,60.999999996916664,0.84321765090638212,-1999.1567823490936,0.84321765090638212,-2.1670823057334299,-2.1670823057334299
30.000000,144.99999999267064,61.999999996866116,0.94435715091389349,-1999.0556428490861,0.94435715091389349,-2.0659428057259186,-2.0659428057259186
30.000000,144.99999999267064,62.999999996815561,1.0412803605761247,-1998.9587196394239,1.0412803605761247,-1.9690195960636874,-1.9690195960636874
30.000000,144.99999999267064,63.999999996765013,1.1340182436101185,-1998.8659817563898,1.1340182436101185,-1.8762817130296936,-1.8762817130296936
30.000000,144.99999999267064,64.999999996714465,1.2225991271566381,-1998.7774008728434,1.2225991271566381,-1.787700829483174,-1.787700829483174
30.000000,144.99999999267064,65.999999996663917,1.3070489239838845,-1998.692951076016,1.3070489239838845,-1.7032510326559276,-1.7032510326559276
30.000000,144.99999999267064,66.999999996613354,1.3873913378166023,-1998.6126086621834,1.3873913378166023,-1.6229086188232098,-1.6229086188232098
30.000000,144.99999999267064,67.999999996562806,1.4636480531244291,-1998.5363519468756,1.4636480531244291,-1.546651903515383,-1.546651903515383
30.000000,144.99999999267064,68.999999996512258,1.5358389105644519,-1998.4641610894355,1.5358389105644519,-1.4744610460753602,-1.4744610460753602
30.000000,144.99999999267064,69.99999999646171,1.6039820691499573,-1998.3960179308501,1.6039820691499573,-1.4063178874898548,-1.4063178874898548
30.000000,144.99999999267064,70.999999996411148,1.6680941561077849,-1998.3319058438922,1.6680941561077849,-1.3422058005320272,-1.3422058005320272
30.000000,144.99999999267064,71.9999999963606,1.7281904052891817,-1998.2718095947109,1.7281904052891817,-1.2821095513506304,-1.2821095513506304
30.000000,144.99999999267064,72.999999996310052,1.784284784911832,-1998.2157152150883,1.784284784911832,-1.2260151717279801,-1.2260151717279801
30.000000,144.99999999267064,73.999999996259504,1.8363901153325175,-1998.1636098846675,1.8363901153325175,-1.1739098413072946,-1.1739098413072946
30.000000,144.99999999267064,74.999999996208956,1.8845181774798145,-1998.1154818225202,1.8845181774798145,-1.1257817791599976,-1.1257817791599976
30.000000,144.99999999267064,75.999999996158394,1.928679812512798,-1998.0713201874871,1.928679812512798,-1.0816201441270141,-1.0816201441270141
30.000000,144.99999999267064,76.999999996107846,1.9688850132147218,-1998.0311149867853,1.9688850132147218,-1.0414149434250903,-1.0414149434250903
30.000000,144.99999999267064,77.999999996057298,2.0051430075787069,-1997.9948569924213,2.0051430075787069,-1.0051569490611052,-1.0051569490611052
30.000000,144.99999999267064,78.99999999600675,2.0374623349954408,-1997.9625376650044,2.0374623349954408,-0.97283762164437126,-0.97283762164437126
30.000000,144.99999999267064,79.999999995956202,2.0658509154098921,-1997.9341490845902,2.0658509154098921,-0.94444904122992002,-0.94444904122992002
30.000000,144.99999999267064,80.99999999590564,2.0903161117744702,-1997.9096838882256,2.0903161117744702,-0.9199838448653419,-0.9199838448653419
30.000000,144.99999999267064,81.999999995855092,2.1108647860901,-1997.8891352139099,2.1108647860901,-0.89943517054971212,-0.89943517054971212
30.000000,144.99999999267064,82.999999995804544,2.1275033492929181,-1997.872496650707,2.1275033492929181,-0.88279660734689402,-0.88279660734689402
30.000000,144.99999999267064,83.999999995753996,2.1402378052133133,-1997.8597621947868,2.1402378052133133,-0.87006215142649879,-0.87006215142649879
30.000000,144.99999999267064,84.999999995703433,2.1490737888050218,-1997.850926211195,2.1490737888050218,-0.86122616783479033,-0.86122616783479033
30.000000,144.99999999267064,85.999999995652885,2.154016598814648,-1997.8459834011853,2.154016598814648,-0.85628335782516407,-0.85628335782516407
30.000000,144.99999999267064,86.999999995602337,2.1550712250363242,-1997.8449287749636,2.1550712250363242,-0.85522873160348789,-0.85522873160348789
30.000000,144.99999999267064,87.999999995551789,2.1522423702717224,-1997.8477576297282,2.1522423702717224,-0.85805758636808971,-0.85805758636808971
30.000000,144.99999999267064,88.999999995501241,2.1455344670922445,-1997.8544655329079,2.1455344670922445,-0.8647654895475676,-0.8647654895475676
30.000000,144.99999999267064,89.999999995450679,2.1349516894776119,-1997.8650483105223,2.1349516894776119,-0.87534826716220016,-0.87534826716220016
30.000000,149.99999999241791,0,-999.99000000000001,-2999.9899999999998,-999.99000000000001,-1003.0002999566398,-1003.0002999566398
30.000000,149.99999999241791,0.99999999994945232,-34.383566057366146,-2034.3835660573661,-34.383566057366146,-37.393866014005958,-37.393866014005958
30.000000,149.99999999241791,1.9999999998989046,-28.362661395492509,-2028.3626613954925,-28.362661395492509,-31.372961352132322,-31.372961352132322
30.000000,149.99999999241791,2.9999999998483573,-24.840331284217825,-2024.8403312842179,-24.840331284217825,-27.850631240857638,-27.850631240857638
30.000000,149.99999999241791,3.9999999997978093,-22.34085591141627,-2022.3408559114164,-22.34085591141627,-25.351155868056082,-25.351155868056082
30.000000,149.99999999241791,4.9999999997472617,-20.401765549389907,-2020.4017655493899,-20.401765549389907,-23.41206550602972,-23.41206550602972
30.000000,149.99999999241791,5.9999999996967137,-18.817069082494438,-2018.8170690824945,-18.817069082494438,-21.827369039134251,-21.827369039134251
30.000000,149.99999999241791,6.9999999996461657,-17.476890071804608,-2017.4768900718045,-17.476890071804608,-20.48719002844442,-20.48719002844442
30.000000,149.99999999241791,7.9999999995956186,-16.315647752827982,-2016.315647752828,-16.315647752827982,-19.325947709467794,-19.325947709467794
30.000000,149.99999999241791,8.9999999995450715,-15.291046994024061,-2015.2910469940241,-15.291046994024061,-18.301346950663874,-18.301346950663874
30.000000,149.99999999241791,9.9999999994945235,-14.374214872112475,-2014.3742148721126,-14.374214872112475,-17.384514828752287,-17.384514828752287
30.000000,149.99999999241791,10.999999999443975,-13.544563461584143,-2013.5445634615842,-13.544563461584143,-16.554863418223956,-16.554863418223956
30.000000,149.99999999241791,11.999999999393427,-12.786897391854431,-2012.7868973918544,-12.786897391854431,-15.797197348494244,-15.797197348494244
30.000000,149.99999999241791,12.999999999342879,-12.089683140982467,-2012.0896831409825,-12.089683140982467,-15.09998309762228,-15.09998309762228
30.000000,149.99999999241791,13.999999999292331,-11.443961532122653,-2011.4439615321226,-11.443961532122653,-14.454261488762466,-14.454261488762466
30.000000,149.99999999241791,14.999999999241785,-10.842636318685297,-2010.8426363186852,-10.842636318685297,-13.85293627532511,-13.85293627532511
30.000000,149.99999999241791,15.999999999191237,-10.279992824813791,-2010.2799928248137,-10.279992824813791,-13.290292781453603,-13.290292781453603
30.000000,149.99999999241791,16.999999999140691,-9.7513627599945565,-2009.7513627599947,-9.7513627599945565,-12.761662716634369,-12.761662716634369
30.000000,149.99999999241791,17.999999999090143,-9.2528849728933373,-2009.2528849728933,-9.2528849728933373,-12.26318492953315,-12.26318492953315
30.000000,149.99999999241791,18.999999999039595,-8.7813309640903192,-2008.7813309640903,-8.7813309640903192,-11.791630920730132,-11.791630920730132
30.000000,149.99999999241791,19.999999998989047,-8.3339751947745597,-2008.3339751947747,-8.3339751947745597,-11.344275151414372,-11.344275151414372
30.000000,149.99999999241791,20.999999998938499,-7.9084970583907399,-2007.9084970583908,-7.9084970583907399,-10.918797015030552,-10.918797015030552
30.000000,149.99999999241791,21.999999998887951,-7.5029056656199984,-2007.5029056656199,-7.5029056656199984,-10.513205622259811,-10.513205622259811
30.000000,149.99999999241791,22.999999998837403,-7.1154813506869585,-2007.1154813506869,-7.1154813506869585,-10.12578130732677,-10.12578130732677
30.000000,149.99999999241791,23.999999998786855,-6.7447296242718018,-2006.7447296242717,-6.7447296242718018,-9.7550295809116143,-9.7550295809116143
30.000000,149.99999999241791,24.999999998736307,-6.3893445212932418,-2006.3893445212932,-6.3893445212932418,-9.3996444779330535,-9.3996444779330535
30.000000,149.99999999241791,25.999999998685759,-6.0481791306006558,-2006.0481791306006,-6.0481791306006558,-9.0584790872404675,-9.0584790872404675
30.000000,149.99999999241791,26.999999998635211,-5.7202216788485218,-2005.7202216788485,-5.7202216788485218,-8.7305216354883335,-8.7305216354883335
30.000000,149.99999999241791,27.999999998584663,-5.4045759556107056,-2005.4045759556107,-5.4045759556107056,-8.4148759122505172,-8.4148759122505172
30.000000,149.99999999241791,28.999999998534115,-5.1004451650186269,-2005.1004451650185,-5.1004451650186269,-8.1107451216584394,-8.1107451216584394
30.000000,149.99999999241791,29.99999999848357,-4.8071185064765674,-2004.8071185064766,-4.8071185064765674,-7.817418463116379,-7.817418463116379
30.000000,149.99999999241791,30.999999998433026,-4.5239599472338989,-2004.5239599472338,-4.5239599472338989,-7.5342599038737106,-7.5342599038737106
30.000000,149.99999999241791,31.999999998382481,-4.2503987690913263,-2004.2503987690914,-4.2503987690913263,-7.2606987257311388,-7.2606987257311388
30.000000,149.99999999241791,32.999999998331937,-3.9859215615762897,-2003.9859215615763,-3.9859215615762897,-6.9962215182161014,-6.9962215182161014
30.000000,149.99999999241791,33.999999998281389,-3.7300654024562903,-2003.7300654024564,-3.7300654024562903,-6.7403653590961028,-6.7403653590961028
30.000000,149.99999999241791,34.999999998230848,-3.4824120190889758,-2003.482412019089,-3.4824120190889758,-6.4927119757287883,-6.4927119757287883
30.000000,149.99999999241791,35.9999999981803,-3.2425827648678611,-2003.2425827648678,-3.2425827648678611,-6.2528827215076728,-6.2528827215076728
30.000000,149.99999999241791,36.999999998129759,-3.0102342768427754,-2003.0102342768428,-3.0102342768427754,-6.0205342334825875,-6.0205342334825875
30.000000,149.99999999241791,37.999999998079211,-2.7850547056206358,-2002.7850547056207,-2.7850547056206358,-5.7953546622604479,-5.7953546622604479
30.000000,149.99999999241791,38.99999999802867,-2.5667604284744745,-2002.5667604284745,-2.5667604284744745,-5.5770603851142866,-5.5770603851142866
30.000000,149.99999999241791,39.999999997978122,-2.3550931723934374,-2002.3550931723935,-2.3550931723934374,-5.3653931290332491,-5.3653931290332491
30.000000,149.99999999241791,40.999999997927581,-2.1498174864865103,-2002.1498174864864,-2.1498174864865103,-5.1601174431263228,-5.1601174431263228
30.000000,149.99999999241791,41.999999997877033,-1.9507185133866456,-2001.9507185133866,-1.9507185133866456,-4.9610184700264579,-4.9610184700264579
30.000000,149.99999999241791,42.999999997826492,-1.7576000176076423,-2001.7576000176077,-1.7576000176076423,-4.7678999742474542,-4.7678999742474542
30.000000,149.99999999241791,43.999999997775944,-1.5702826355829975,-2001.570282635583,-1.5702826355829975,-4.5805825922228092,-4.5805825922228092
30.000000,149.99999999241791,44.999999997725396,-1.3886023176730553,-2001.3886023176731,-1.3886023176730553,-4.3989022743128672,-4.3989022743128672
30.000000,149.99999999241791,45.999999997674855,-1.2124089370062154,-2001.2124089370061,-1.2124089370062154,-4.2227088936460273,-4.2227088936460273
30.000000,149.99999999241791,46.999999997624307,-1.0415650438098734,-2001.0415650438099,-1.0415650438098734,-4.0518650004496859,-4.0518650004496859
30.000000,149.99999999241791,47.999999997573767,-0.87594474703838943,-2000.8759447470384,-0.87594474703838943,-3.8862447036782015,-3.8862447036782015
30.000000,149.99999999241791,48.999999997523219,-0.71543270773595924,-2000.715432707736,-0.71543270773595924,-3.7257326643757711,-3.7257326643757711
30.000000,149.99999999241791,49.999999997472678,-0.55992323077701822,-2000.559923230777,-0.55992323077701822,-3.5702231874168304,-3.5702231874168304
30.000000,149.99999999241791,50.99999999742213,-0.40931944348230337,-2000.4093194434822,-0.40931944348230337,-3.4196194001221154,-3.4196194001221154
30.000000,149.99999999241791,51.999999997371589,-0.26353255117485674,-2000.2635325511749,-0.26353255117485674,-3.2738325078146691,-3.2738325078146691
30.000000,149.99999999241791,52.999999997321041,-0.1224811610678664,-2000.1224811610678,-0.1224811610678664,-3.1327811177076783,-3.1327811177076783
30.000000,149.99999999241791,53.9999999972705,0.013909332995200356,-1999.9860906670049,0.013909332995200356,-2.9963906236446118,-2.9963906236446118
30.000000,149.99999999241791,54.999999997219952,0.14570731146507562,-1999.854292688535,0.14570731146507562,-2.8645926451747363,-2.8645926451747363
30.000000,149.99999999241791,55.999999997169411,0.27297544136892304,-1999.727024558631,0.27297544136892304,-2.7373245152708892,-2.7373245152708892
30.000000,149.99999999241791,56.999999997118863,0.3957711449366183,-1999.6042288550634,0.3957711449366183,-2.614528811703194,-2.614528811703194
30.000000,149.99999999241791,57.999999997068315,0.51414702894883668,-1999.4858529710511,0.51414702894883668,-2.4961529276909755,-2.4961529276909755
30.000000,149.99999999241791,58.999999997017767,0.62815127865962639,-1999.3718487213405,0.62815127865962639,-2.3821486779801857,-2.3821486779801857
30.000000,149.99999999241791,59.999999996967219,0.73782801969144485,-1999.2621719803085,0.73782801969144485,-2.2724719369483672,-2.2724719369483672
30.000000,149.99999999241791,60.999999996916664,0.84321765090638212,-1999.1567823490936,0.84321765090638212,-2.1670823057334299,-2.1670823057334299
30.000000,149.99999999241791,61.999999996866116,0.94435715091389349,-1999.0556428490861,0.94435715091389349,-2.0659428057259186,-2.0659428057259186
30.000000,149.99999999241791,62.999999996815561,1.0412803605761247,-1998.9587196394239,1.0412803605761247,-1.9690195960636874,-1.9690195960636874
30.000000,149.99999999241791,63.999999996765013,1.1340182436101185,-1998.8659817563898,1.1340182436101185,-1.8762817130296936,-1.8762817130296936
30.000000,149.99999999241791,64.999999996714465,1.2225991271566381,-1998.7774008728434,1.2225991271566381,-1.787700829483174,-1.787700829483174
30.000000,149.99999999241791,65.999999996663917,1.3070489239838845,-1998.692951076016,1.3070489239838845,-1.7032510326559276,-1.7032510326559276
30.000000,149.99999999241791,66.999999996613354,1.3873913378166023,-1998.6126086621834,1.3873913378166023,-1.6229086188232098,-1.6229086188232098
30.000000,149.99999999241791,67.999999996562806,1.4636480531244291,-1998.5363519468756,1.4636480531244291,-1.546651903515383,-1.546651903515383
30.000000,149.99999999241791,68.999999996512258,1.5358389105644519,-1998.4641610894355,1.5358389105644519,-1.4744610460753602,-1.4744610460753602
30.000000,149.99999999241791,69.99999999646171,1.6039820691499573,-1998.3960179308501,1.6039820691499573,-1.4063178874898548,-1.4063178874898548
30.000000,149.99999999241791,70.999999996411148,1.6680941561077849,-1998.3319058438922,1.6680941561077849,-1.3422058005320272,-1.3422058005320272
30.000000,149.99999999241791,71.9999999963606,1.7281904052891817,-1998.2718095947109,1.7281904052891817,-1.2821095513506304,-1.2821095513506304
30.000000,149.99999999241791,72.999999996310052,1.784284784911832,-1998.2157152150883,1.784284784911832,-1.2260151717279801,-1.2260151717279801
30.000000,149.99999999241791,73.999999996259504,1.8363901153325175,-1998.1636098846675,1.8363901153325175,-1.1739098413072946,-1.1739098413072946
30.000000,149.99999999241791,74.999999996208956,1.8845181774798145,-1998.1154818225202,1.8845181774798145,-1.1257817791599976,-1.1257817791599976
30.000000,149.99999999241791,75.999999996158394,1.928679812512798,-1998.0713201874871,1.928679812512798,-1.0816201441270141,-1.0816201441270141
30.000000,149.99999999241791,76.999999996107846,1.9688850132147218,-1998.0311149867853,1.9688850132147218,-1.0414149434250903,-1.0414149434250903
30.000000,149.99999999241791,77.999999996057298,2.0051430075787069,-1997.9948569924213,2.0051430075787069,-1.0051569490611052,-1.0051569490611052
30.000000,149.99999999241791,78.99999999600675,2.0374623349954408,-1997.9625376650044,2.0374623349954408,-0.97283762164437126,-0.97283762164437126
30.000000,149.99999999241791,79.999999995956202,2.0658509154098921,-1997.9341490845902,2.0658509154098921,-0.94444904122992002,-0.94444904122992002
30.000000,149.99999999241791,80.99999999590564,2.0903161117744702,-1997.9096838882256,2.0903161117744702,-0.9199838448653419,-0.9199838448653419
30.000000,149.99999999241791,81.999999995855092,2.1108647860901,-1997.8891352139099,2.1108647860901,-0.89943517054971212,-0.89943517054971212
30.000000,149.99999999241791,82.999999995804544,2.1275033492929181,-1997.872496650707,2.1275033492929181,-0.88279660734689402,-0.88279660734689402
30.000000,149.99999999241791,83.999999995753996,2.1402378052133133,-1997.8597621947868,2.1402378052133133,-0.87006215142649879,-0.87006215142649879
30.000000,149.99999999241791,84.999999995703433,2.1490737888050218,-1997.850926211195,2.1490737888050218,-0.86122616783479033,-0.86122616783479033
30.000000,149.99999999241791,85.999999995652885,2.154016598814648,-1997.8459834011853,2.154016598814648,-0.85628335782516407,-0.85628335782516407
30.000000,149.99999999241791,86.999999995602337,2.1550712250363242,-1997.8449287749636,2.1550712250363242,-0.85522873160348789,-0.85522873160348789
30.000000,149.99999999241791,87.999999995551789,2.1522423702717224,-1997.8477576297282,2.1522423702717224,-0.85805758636808971,-0.85805758636808971
30.000000,149.99999999241791,88.999999995501241,2.1455344670922445,-1997.8544655329079,2.1455344670922445,-0.8647654895475676,-0.8647654895475676
30.000000,149.99999999241791,89.999999995450679,2.1349516894776119,-1997.8650483105223,2.1349516894776119,-0.87534826716220016,-0.87534826716220016
30.000000,154.99999999216516,0,-999.99000000000001,-2999.9899999999998,-999.99000000000001,-1003.0002999566398,-1003.0002999566398
30.000000,154.99999999216516,0.99999999994945232,-34.383566057366146,-2034.3835660573661,-34.383566057366146,-37.393866014005958,-37.393866014005958
30.000000,154.99999999216516,1.9999999998989046,-28.362661395492509,-2028.3626613954925,-28.362661395492509,-31.372961352132322,-31.372961352132322
30.000000,154.99999999216516,2.9999999998483573,-24.840331284217825,-2024.8403312842179,-24.840331284217825,-27.850631240857638,-27.850631240857638
30.000000,154.99999999216516,3.9999999997978093,-22.34085591141627,-2022.3408559114164,-22.34085591141627,-25.351155868056082,-25.351155868056082
30.000000,154.99999999216516,4.9999999997472617,-20.401765549389907,-2020.4017655493899,-20.401765549389907,-23.41206550602972,-23.41206550602972
30.000000,154.99999999216516,5.9999999996967137,-18.817069082494438,-2018.8170690824945,-18.817069082494438,-21.827369039134251,-21.827369039134251
30.000000,154.99999999216516,6.9999999996461657,-17.476890071804608,-2017.4768900718045,-17.476890071804608,-20.48719002844442,-20.48719002844442
30.000000,154.99999999216516,7.9999999995956186,-16.315647752827982,-2016.315647752828,-16.315647752827982,-19.325947709467794,-19.325947709467794
30.000000,154.99999999216516,8.9999999995450715,-15.291046994024061,-2015.2910469940241,-15.291046994024061,-18.301346950663874,-18.301346950663874
30.000000,154.99999999216516,9.9999999994945235,-14.374214872112475,-2014.3742148721126,-14.374214872112475,-17.384514828752287,-17.384514828752287
30.000000,154.99999999216516,10.999999999443975,-13.544563461584143,-2013.5445634615842,-13.544563461584143,-16.554863418223956,-16.554863418223956
30.000000,154.99999999216516,11.999999999393427,-12.786897391854431,-2012.7868973918544,-12.786897391854431,-15.797197348494244,-15.797197348494244
30.000000,154.99999999216516,12.999999999342879,-12.089683140982467,-2012.0896831409825,-12.089683140982467,-15.09998309762228,-15.09998309762228
30.000000,154.99999999216516,13.999999999292331,-11.443961532122653,-2011.4439615321226,-11.443961532122653,-14.454261488762466,-14.454261488762466
30.000000,154.99999999216516,14.999999999241785,-10.842636318685297,-2010.8426363186852,-10.842636318685297,-13.85293627532511,-13.85293627532511
30.000000,154.99999999216516,15.999999999191237,-10.279992824813791,-2010.2799928248137,-10.279992824813791,-13.290292781453603,-13.290292781453603
30.000000,154.99999999216516,16.999999999140691,-9.7513627599945565,-2009.7513627599947,-9.7513627599945565,-12.761662716634369,-12.761662716634369
30.000000,154.99999999216516,17.999999999090143,-9.2528849728933373,-2009.2528849728933,-9.2528849728933373,-12.26318492953315,-12.26318492953315
30.000000,154.99999999216516,18.999999999039595,-8.7813309640903192,-2008.7813309640903,-8.7813309640903192,-11.791630920730132,-11.791630920730132
30.000000,154.99999999216516,19.999999998989047,-8.3339751947745597,-2008.3339751947747,-8.3339751947745597,-11.344275151414372,-11.344275151414372
30.000000,154.99999999216516,20.999999998938499,-7.9084970583907399,-2007.9084970583908,-7.9084970583907399,-10.918797015030552,-10.918797015030552
30.000000,154.99999999216516,21.999999998887951,-7.5029056656199984,-2007.5029056656199,-7.5029056656199984,-10.513205622259811,-10.513205622259811
30.000000,154.99999999216516,22.999999998837403,-7.1154813506869585,-2007.1154813506869,-7.1154813506869585,-10.12578130732677,-10.12578130732677
30.000000,154.99999999216516,23.999999998786855,-6.7447296242718018,-2006.7447296242717,-6.7447296242718018,-9.7550295809116143,-9.7550295809116143
30.000000,154.99999999216516,24.999999998736307,-6.3893445212932418,-2006.3893445212932,-6.3893445212932418,-9.3996444779330535,-9.3996444779330535
30.000000,154.99999999216516,25.999999998685759,-6.0481791306006558,-2006.0481791306006,-6.0481791306006558,-9.0584790872404675,-9.0584790872404675
30.000000,154.99999999216516,26.999999998635211,-5.7202216788485218,-2005.7202216788485,-5.7202216788485218,-8.7305216354883335,-8.7305216354883335
30.000000,154.99999999216516,27.999999998584663,-5.4045759556107056,-2005.4045759556107,-5.4045759556107056,-8.4148759122505172,-8.4148759122505172
30.000000,154.99999999216516,28.999999998534115,-5.1004451650186269,-2005.1004451650185,-5.1004451650186269,-8.1107451216584394,-8.1107451216584394
30.000000,154.99999999216516,29.99999999848357,-4.8071185064765674,-2004.8071185064766,-4.8071185064765674,-7.817418463116379,-7.817418463116379
30.000000,154.99999999216516,30.999999998433026,-4.5239599472338989,-2004.5239599472338,-4.5239599472338989,-7.5342599038737106,-7.5342599038737106
30.000000,154.99999999216516,31.999999998382481,-4.2503987690913263,-2004.2503987690914,-4.2503987690913263,-7.2606987257311388,-7.2606987257311388
30.000000,154.99999999216516,32.999999998331937,-3.9859215615762897,-2003.9859215615763,-3.9859215615762897,-6.9962215182161014,-6.9962215182161014
30.000000,154.99999999216516,33.999999998281389,-3.7300654024562903,-2003.7300654024564,-3.7300654024562903,-6.7403653590961028,-6.7403653590961028
30.000000,154.99999999216516,34.999999998230848,-3.4824120190889758,-2003.482412019089,-3.4824120190889758,-6.4927119757287883,-6.4927119757287883
30.000000,154.99999999216516,35.9999999981803,-3.2425827648678611,-2003.2425827648678,-3.2425827648678611,-6.2528827215076728,-6.2528827215076728
30.000000,154.99999999216516,36.999999998129759,-3.0102342768427754,-2003.0102342768428,-3.0102342768427754,-6.0205342334825875,-6.0205342334825875
30.000000,154.99999999216516,37.999999998079211,-2.7850547056206358,-2002.7850547056207,-2.7850547056206358,-5.7953546622604479,-5.7953546622604479
30.000000,154.99999999216516,38.99999999802867,-2.5667604284744745,-2002.5667604284745,-2.5667604284744745,-5.5770603851142866,-5.5770603851142866
30.000000,154.99999999216516,39.999999997978122,-2.3550931723934374,-2002.3550931723935,-2.3550931723934374,-5.3653931290332491,-5.3653931290332491
30.000000,154.99999999216516,40.999999997927581,-2.1498174864865103,-2002.1498174864864,-2.1498174864865103,-5.1601174431263228,-5.1601174431263228
30.000000,154.99999999216516,41.999999997877033,-1.9507185133866456,-2001.9507185133866,-1.9507185133866456,-4.9610184700264579,-4.9610184700264579
30.000000,154.99999999216516,42.999999997826492,-1.7576000176076423,-2001.7576000176077,-1.7576000176076423,-4.7678999742474542,-4.7678999742474542
30.000000,154.99999999216516,43.999999997775944,-1.5702826355829975,-2001.570282635583,-1.5702826355829975,-4.5805825922228092,-4.5805825922228092
30.000000,154.99999999216516,44.999999997725396,-1.3886023176730553,-2001.3886023176731,-1.3886023176730553,-4.3989022743128672,-4.3989022743128672
30.000000,154.99999999216516,45.999999997674855,-1.2124089370062154,-2001.2124089370061,-1.2124089370062154,-4.2227088936460273,-4.2227088936460273
30.000000,154.99999999216516,46.999999997624307,-1.0415650438098734,-2001.0415650438099,-1.0415650438098734,-4.0518650004496859,-4.0518650004496859
30.000000,154.99999999216516,47.999999997573767,-0.87594474703838943,-2000.8759447470384,-0.87594474703838943,-3.8862447036782015,-3.8862447036782015
30.000000,154.99999999216516,48.999999997523219,-0.71543270773595924,-2000.715432707736,-0.71543270773595924,-3.7257326643757711,-3.7257326643757711
30.000000,154.99999999216516,49.999999997472678,-0.55992323077701822,-2000.559923230777,-0.55992323077701822,-3.5702231874168304,-3.5702231874168304
30.000000,154.99999999216516,50.99999999742213,-0.40931944348230337,-2000.4093194434822,-0.40931944348230337,-3.4196194001221154,-3.4196194001221154
30.000000,154.99999999216516,51.999999997371589,-0.26353255117485674,-2000.2635325511749,-0.26353255117485674,-3.2738325078146691,-3.2738325078146691
30.000000,154.99999999216516,52.999999997321041,-0.1224811610678664,-2000.1224811610678,-0.1224811610678664,-3.1327811177076783,-3.1327811177076783
30.000000,154.99999999216516,53.9999999972705,0.013909332995200356,-1999.9860906670049,0.013909332995200356,-2.9963906236446118,-2.9963906236446118
30.000000,154.99999999216516,54.999999997219952,0.14570731146507562,-1999.854292688535,0.14570731146507562,-2.8645926451747363,-2.8645926451747363
30.000000,154.99999999216516,55.999999997169411,0.27297544136892304,-1999.727024558631,0.27297544136892304,-2.7373245152708892,-2.7373245152708892
30.000000,154.99999999216516,56.999999997118863,0.3957711449366183,-1999.6042288550634,0.3957711449366183,-2.614528811703194,-2.614528811703194
30.000000,154.99999999216516,57.999999997068315,0.51414702894883668,-1999.4858529710511,0.51414702894883668,-2.4961529276909755,-2.4961529276909755
30.000000,154.99999999216516,58.999999997017767,0.62815127865962639,-1999.3718487213405,0.62815127865962639,-2.3821486779801857,-2.3821486779801857
30.000000,154.99999999216516,59.999999996967219,0.73782801969144485,-1999.2621719803085,0.73782801969144485,-2.2724719369483672,-2.2724719369483672
30.000000,154.99999999216516,60.999999996916664,0.84321765090638212,-1999.1567823490936,0.84321765090638212,-2.1670823057334299,-2.1670823057334299
30.000000,154.99999999216516,61.999999996866116,0.94435715091389349,-1999.0556428490861,0.94435715091389349,-2.0659428057259186,-2.0659428057259186
30.000000,154.99999999216516,62.999999996815561,1.0412803605761247,-1998.9587196394239,1.0412803605761247,-1.9690195960636874,-1.9690195960636874
30.000000,154.99999999216516,63.999999996765013,1.1340182436101185,-1998.8659817563898,1.1340182436101185,-1.8762817130296936,-1.8762817130296936
30.000000,154.99999999216516,64.999999996714465,1.2225991271566381,-1998.7774008728434,1.2225991271566381,-1.787700829483174,-1.787700829483174
30.000000,154.99999999216516,65.999999996663917,1.3070489239838845,-1998.692951076016,1.3070489239838845,-1.7032510326559276,-1.7032510326559276
30.000000,154.99999999216516,66.999999996613354,1.3873913378166023,-1998.6126086621834,1.3873913378166023,-1.6229086188232098,-1.6229086188232098
30.000000,154.99999999216516,67.999999996562806,1.4636480531244291,-1998.5363519468756,1.4636480531244291,-1.546651903515383,-1.546651903515383
30.000000,154.99999999216516,68.999999996512258,1.5358389105644519,-1998.4641610894355,1.5358389105644519,-1.4744610460753602,-1.4744610460753602
30.000000,154.99999999216516,69.99999999646171,1.6039820691499573,-1998.3960179308501,1.6039820691499573,-1.4063178874898548,-1.4063178874898548
30.000000,154.99999999216516,70.999999996411148,1.6680941561077849,-1998.3319058438922,1.6680941561077849,-1.3422058005320272,-1.3422058005320272
30.000000,154.99999999216516,71.9999999963606,1.7281904052891817,-1998.2718095947109,1.7281904052891817,-1.2821095513506304,-1.2821095513506304
30.000000,154.99999999216516,72.999999996310052,1.784284784911832,-1998.2157152150883,1.784284784911832,-1.2260151717279801,-1.2260151717279801
30.000000,154.99999999216516,73.999999996259504,1.8363901153325175,-1998.1636098846675,1.8363901153325175,-1.1739098413072946,-1.1739098413072946
30.000000,154.99999999216516,74.999999996208956,1.8845181774798145,-1998.1154818225202,1.8845181774798145,-1.1257817791599976,-1.1257817791599976
30.000000,154.99999999216516,75.999999996158394,1.928679812512798,-1998.0713201874871,1.928679812512798,-1.0816201441270141,-1.0816201441270141
30.000000,154.99999999216516,76.999999996107846,1.9688850132147218,-1998.0311149867853,1.9688850132147218,-1.0414149434250903,-1.0414149434250903
30.000000,154.99999999216516,77.999999996057298,2.0051430075787069,-1997.9948569924213,2.0051430075787069,-1.0051569490611052,-1.0051569490611052
30.000000,154.99999999216516,78.99999999600675,2.0374623349954408,-1997.9625376650044,2.0374623349954408,-0.97283762164437126,-0.97283762164437126
30.000000,154.99999999216516,79.999999995956202,2.0658509154098921,-1997.9341490845902,2.0658509154098921,-0.94444904122992002,-0.94444904122992002
30.000000,154.99999999216516,80.99999999590564,2.0903161117744702,-1997.9096838882256,2.0903161117744702,-0.9199838448653419,-0.9199838448653419
30.000000,154.99999999216516,81.999999995855092,2.1108647860901,-1997.8891352139099,2.1108647860901,-0.89943517054971212,-0.89943517054971212
30.000000,154.99999999216516,82.999999995804544,2.1275033492929181,-1997.872496650707,2.1275033492929181,-0.88279660734689402,-0.88279660734689402
30.000000,154.99999999216516,83.999999995753996,2.1402378052133133,-1997.8597621947868,2.1402378052133133,-0.87006215142649879,-0.87006215142649879
30.000000,154.99999999216516,84.999999995703433,2.1490737888050218,-1997.850926211195,2.1490737888050218,-0.86122616783479033,-0.86122616783479033
30.000000,154.99999999216516,85.999999995652885,2.154016598814648,-1997.8459834011853,2.154016598814648,-0.85628335782516407,-0.85628335782516407
30.000000,154.99999999216516,86.999999995602337,2.1550712250363242,-1997.8449287749636,2.1550712250363242,-0.85522873160348789,-0.85522873160348789
30.000000,154.99999999216516,87.999999995551789,2.1522423702717224,-1997.8477576297282,2.1522423702717224,-0.85805758636808971,-0.85805758636808971
30.000000,154.99999999216516,88.999999995501241,2.1455344670922445,-1997.8544655329079,2.1455344670922445,-0.8647654895475676,-0.8647654895475676
30.000000,154.99999999216516,89.999999995450679,2.1349516894776119,-1997.8650483105223,2.1349516894776119,-0.87534826716220016,-0.87534826716220016
30.000000,159.99999999191243,0,-999.99000000000001,-2999.9899999999998,-999.99000000000001,-1003.0002999566398,-1003.0002999566398
30.000000,159.99999999191243,0.99999999994945232,-34.383566057366146,-2034.3835660573661,-34.383566057366146,-37.393866014005958,-37.393866014005958
30.000000,159.99999999191243,1.9999999998989046,-28.362661395492509,-2028.3626613954925,-28.362661395492509,-31.372961352132322,-31.372961352132322
30.000000,159.99999999191243,2.9999999998483573,-24.840331284217825,-2024.8403312842179,-24.840331284217825,-27.850631240857638,-27.850631240857638
30.000000,159.99999999191243,3.9999999997978093,-22.34085591141627,-2022.3408559114164,-22.34085591141627,-25.351155868056082,-25.351155868056082
30.000000,159.99999999191243,4.9999999997472617,-20.401765549389907,-2020.4017655493899,-20.401765549389907,-23.41206550602972,-23.41206550602972
30.000000,159.99999999191243,5.9999999996967137,-18.817069082494438,-2018.8170690824945,-18.817069082494438,-21.827369039134251,-21.827369039134251
30.000000,159.99999999191243,6.9999999996461657,-17.476890071804608,-2017.4768900718045,-17.476890071804608,-20.48719002844442,-20.48719002844442
30.000000,159.99999999191243,7.9999999995956186,-16.315647752827982,-2016.315647752828,-16.315647752827982,-19.325947709467794,-19.325947709467794
30.000000,159.99999999191243,8.9999999995450715,-15.291046994024061,-2015.2910469940241,-15.291046994024061,-18.301346950663874,-18.301346950663874
30.000000,159.99999999191243,9.9999999994945235,-14.374214872112475,-2014.3742148721126,-14.374214872112475,-17.384514828752287,-17.384514828752287
30.000000,159.99999999191243,10.999999999443975,-13.544563461584143,-2013.5445634615842,-13.544563461584143,-16.554863418223956,-16.554863418223956
30.000000,159.99999999191243,11.999999999393427,-12.786897391854431,-2012.7868973918544,-12.786897391854431,-15.797197348494244,-15.797197348494244
30.000000,159.99999999191243,12.999999999342879,-12.089683140982467,-2012.0896831409825,-12.089683140982467,-15.09998309762228,-15.09998309762228
30.000000,159.99999999191243,13.999999999292331,-11.443961532122653,-2011.4439615321226,-11.443961532122653,-14.454261488762466,-14.454261488762466
30.000000,159.99999999191243,14.999999999241785,-10.842636318685297,-2010.8426363186852,-10.842636318685297,-13.85293627532511,-13.85293627532511
30.000000,159.99999999191243,15.999999999191237,-10.279992824813791,-2010.2799928248137,-10.279992824813791,-13.290292781453603,-13.290292781453603
30.000000,159.99999999191243,16.999999999140691,-9.7513627599945565,-2009.7513627599947,-9.7513627599945565,-12.761662716634369,-12.761662716634369
30.000000,159.99999999191243,17.999999999090143,-9.2528849728933373,-2009.2528849728933,-9.2528849728933373,-12.26318492953315,-12.26318492953315
30.000000,159.99999999191243,18.999999999039595,-8.7813309640903192,-2008.7813309640903,-8.7813309640903192,-11.791630920730132,-11.791630920730132
30.000000,159.99999999191243,19.999999998989047,-8.3339751947745597,-2008.3339751947747,-8.3339751947745597,-11.344275151414372,-11.344275151414372
30.000000,159.99999999191243,20.999999998938499,-7.9084970583907399,-2007.9084970583908,-7.9084970583907399,-10.918797015030552,-10.918797015030552
30.000000,159.99999999191243,21.999999998887951,-7.5029056656199984,-2007.5029056656199,-7.5029056656199984,-10.513205622259811,-10.513205622259811
30.000000,159.99999999191243,22.999999998837403,-7.1154813506869585,-2007.1154813506869,-7.1154813506869585,-10.12578130732677,-10.12578130732677
30.000000,159.99999999191243,23.999999998786855,-6.7447296242718018,-2006.7447296242717,-6.7447296242718018,-9.7550295809116143,-9.7550295809116143
30.000000,159.99999999191243,24.999999998736307,-6.3893445212932418,-2006.3893445212932,-6.3893445212932418,-9.3996444779330535,-9.3996444779330535
30.000000,159.99999999191243,25.999999998685759,-6.0481791306006558,-2006.0481791306006,-6.0481791306006558,-9.0584790872404675,-9.0584790872404675
30.000000,159.99999999191243,26.999999998635211,-5.7202216788485218,-2005.7202216788485,-5.7202216788485218,-8.7305216354883335,-8.7305216354883335
30.000000,159.99999999191243,27.999999998584663,-5.4045759556107056,-2005.4045759556107,-5.4045759556107056,-8.4148759122505172,-8.4148759122505172
30.000000,159.99999999191243,28.999999998534115,-5.1004451650186269,-2005.1004451650185,-5.1004451650186269,-8.1107451216584394,-8.1107451216584394
30.000000,159.99999999191243,29.99999999848357,-4.8071185064765674,-2004.8071185064766,-4.8071185064765674,-7.817418463116379,-7.817418463116379
30.000000,159.99999999191243,30.999999998433026,-4.5239599472338989,-2004.5239599472338,-4.5239599472338989,-7.5342599038737106,-7.5342599038737106
30.000000,159.99999999191243,31.999999998382481,-4.2503987690913263,-2004.2503987690914,-4.2503987690913263,-7.2606987257311388,-7.2606987257311388
30.000000,159.99999999191243,32.999999998331937,-3.9859215615762897,-2003.9859215615763,-3.9859215615762897,-6.9962215182161014,-6.9962215182161014
30.000000,159.99999999191243,33.999999998281389,-3.7300654024562903,-2003.7300654024564,-3.7300654024562903,-6.7403653590961028,-6.7403653590961028
30.000000,159.99999999191243,34.999999998230848,-3.4824120190889758,-2003.482412019089,-3.4824120190889758,-6.4927119757287883,-6.4927119757287883
30.000000,159.99999999191243,35.9999999981803,-3.2425827648678611,-2003.2425827648678,-3.2425827648678611,-6.2528827215076728,-6.2528827215076728
30.000000,159.99999999191243,36.999999998129759,-3.0102342768427754,-2003.0102342768428,-3.0102342768427754,-6.0205342334825875,-6.0205342334825875
30.000000,159.99999999191243,37.999999998079211,-2.7850547056206358,-2002.7850547056207,-2.7850547056206358,-5.7953546622604479,-5.7953546622604479
30.000000,159.99999999191243,38.99999999802867,-2.5667604284744745,-2002.5667604284745,-2.5667604284744745,-5.5770603851142866,-5.5770603851142866
30.000000,159.99999999191243,39.999999997978122,-2.3550931723934374,-2002.3550931723935,-2.3550931723934374,-5.3653931290332491,-5.3653931290332491
30.000000,159.99999999191243,40.999999997927581,-2.1498174864865103,-2002.1498174864864,-2.1498174864865103,-5.1601174431263228,-5.1601174431263228
30.000000,159.99999999191243,41.999999997877033,-1.9507185133866456,-2001.9507185133866,-1.9507185133866456,-4.9610184700264579,-4.9610184700264579
30.000000,159.99999999191243,42.999999997826492,-1.7576000176076423,-2001.7576000176077,-1.7576000176076423,-4.7678999742474542,-4.7678999742474542
30.000000,159.99999999191243,43.999999997775944,-1.5702826355829975,-2001.570282635583,-1.5702826355829975,-4.5805825922228092,-4.5805825922228092
30.000000,159.99999999191243,44.999999997725396,-1.3886023176730553,-2001.3886023176731,-1.3886023176730553,-4.3989022743128672,-4.3989022743128672
30.000000,159.99999999191243,45.999999997674855,-1.2124089370062154,-2001.2124089370061,-1.2124089370062154,-4.2227088936460273,-4.2227088936460273
30.000000,159.99999999191243,46.999999997624307,-1.0415650438098734,-2001.0415650438099,-1.0415650438098734,-4.0518650004496859,-4.0518650004496859
30.000000,159.99999999191243,47.999999997573767,-0.87594474703838943,-2000.8759447470384,-0.87594474703838943,-3.8862447036782015,-3.8862447036782015
30.000000,159.99999999191243,48.999999997523219,-0.71543270773595924,-2000.715432707736,-0.71543270773595924,-3.7257326643757711,-3.7257326643757711
30.000000,159.99999999191243,49.999999997472678,-0.55992323077701822,-2000.559923230777,-0.55992323077701822,-3.5702231874168304,-3.5702231874168304
30.000000,159.99999999191243,50.99999999742213,-0.40931944348230337,-2000.4093194434822,-0.40931944348230337,-3.4196194001221154,-3.4196194001221154
30.000000,159.99999999191243,51.999999997371589,-0.26353255117485674,-2000.2635325511749,-0.26353255117485674,-3.2738325078146691,-3.2738325078146691
30.000000,159.99999999191243,52.999999997321041,-0.1224811610678664,-2000.1224811610678,-0.1224811610678664,-3.1327811177076783,-3.1327811177076783
30.000000,159.99999999191243,53.9999999972705,0.013909332995200356,-1999.9860906670049,0.013909332995200356,-2.9963906236446118,-2.9963906236446118
30.000000,159.99999999191243,54.999999997219952,0.14570731146507562,-1999.854292688535,0.14570731146507562,-2.8645926451747363,-2.8645926451747363
30.000000,159.99999999191243,55.999999997169411,0.27297544136892304,-1999.727024558631,0.27297544136892304,-2.7373245152708892,-2.7373245152708892
30.000000,159.99999999191243,56.999999997118863,0.3957711449366183,-1999.6042288550634,0.3957711449366183,-2.614528811703194,-2.614528811703194
30.000000,159.99999999191243,57.999999997068315,0.51414702894883668,-1999.4858529710511,0.51414702894883668,-2.4961529276909755,-2.4961529276909755
30.000000,159.99999999191243,58.999999997017767,0.62815127865962639,-1999.3718487213405,0.62815127865962639,-2.3821486779801857,-2.3821486779801857
30.000000,159.99999999191243,59.999999996967219,0.73782801969144485,-1999.2621719803085,0.73782801969144485,-2.2724719369483672,-2.2724719369483672
30.000000,159.99999999191243,60.999999996916664,0.84321765090638212,-1999.1567823490936,0.84321765090638212,-2.1670823057334299,-2.1670823057334299
30.000000,159.99999999191243,61.999999996866116,0.94435715091389349,-1999.0556428490861,0.94435715091389349,-2.0659428057259186,-2.0659428057259186
30.000000,159.99999999191243,62.999999996815561,1.0412803605761247,-1998.9587196394239,1.0412803605761247,-1.9690195960636874,-1.9690195960636874
30.000000,159.99999999191243,63.999999996765013,1.1340182436101185,-1998.8659817563898,1.1340182436101185,-1.8762817130296936,-1.8762817130296936
30.000000,159.99999999191243,64.999999996714465,1.2225991271566381,-1998.7774008728434,1.2225991271566381,-1.787700829483174,-1.787700829483174
30.000000,159.99999999191243,65.999999996663917,1.3070489239838845,-1998.692951076016,1.3070489239838845,-1.7032510326559276,-1.7032510326559276
30.000000,159.99999999191243,66.999999996613354,1.3873913378166023,-1998.6126086621834,1.3873913378166023,-1.6229086188232098,-1.6229086188232098
30.000000,159.99999999191243,67.999999996562806,1.4636480531244291,-1998.5363519468756,1.4636480531244291,-1.546651903515383,-1.546651903515383
30.000000,159.99999999191243,68.999999996512258,1.5358389105644519,-1998.4641610894355,1.5358389105644519,-1.4744610460753602,-1.4744610460753602
30.000000,159.99999999191243,69.99999999646171,1.6039820691499573,-1998.3960179308501,1.6039820691499573,-1.4063178874898548,-1.4063178874898548
30.000000,159.99999999191243,70.999999996411148,1.6680941561077849,-1998.3319058438922,1.6680941561077849,-1.3422058005320272,-1.3422058005320272
30.000000,159.99999999191243,71.9999999963606,1.7281904052891817,-1998.2718095947109,1.7281904052891817,-1.2821095513506304,-1.2821095513506304
30.000000,159.99999999191243,72.999999996310052,1.784284784911832,-1998.2157152150883,1.784284784911832,-1.2260151717279801,-1.2260151717279801
30.000000,159.99999999191243,73.999999996259504,1.8363901153325175,-1998.1636098846675,1.8363901153325175,-1.1739098413072946,-1.1739098413072946
30.000000,159.99999999191243,74.999999996208956,1.8845181774798145,-1998.1154818225202,1.8845181774798145,-1.1257817791599976,-1.1257817791599976
30.000000,159.99999999191243,75.999999996158394,1.928679812512798,-1998.0713201874871,1.928679812512798,-1.0816201441270141,-1.0816201441270141
30.000000,159.99999999191243,76.999999996107846,1.9688850132147218,-1998.0311149867853,1.9688850132147218,-1.0414149434250903,-1.0414149434250903
30.000000,159.99999999191243,77.999999996057298,2.0051430075787069,-1997.9948569924213,2.0051430075787069,-1.0051569490611052,-1.0051569490611052
30.000000,159.99999999191243,78.99999999600675,2.0374623349954408,-1997.9625376650044,2.0374623349954408,-0.97283762164437126,-0.97283762164437126
30.000000,159.99999999191243,79.999999995956202,2.0658509154098921,-1997.9341490845902,2.0658509154098921,-0.94444904122992002,-0.94444904122992002
30.000000,159.99999999191243,80.99999999590564,2.0903161117744702,-1997.9096838882256,2.0903161117744702,-0.9199838448653419,-0.9199838448653419
30.000000,159.99999999191243,81.999999995855092,2.1108647860901,-1997.8891352139099,2.1108647860901,-0.89943517054971212,-0.89943517054971212
30.000000,159.99999999191243,82.999999995804544,2.1275033492929181,-1997.872496650707,2.1275033492929181,-0.88279660734689402,-0.88279660734689402
30.000000,159.99999999191243,83.999999995753996,2.1402378052133133,-1997.8597621947868,2.1402378052133133,-0.87006215142649879,-0.87006215142649879
30.000000,159.99999999191243,84.999999995703433,2.1490737888050218,-1997.850926211195,2.1490737888050218,-0.86122616783479033,-0.86122616783479033
30.000000,159.99999999191243,85.999999995652885,2.154016598814648,-1997.8459834011853,2.154016598814648,-0.85628335782516407,-0.85628335782516407
30.000000,159.99999999191243,86.999999995602337,2.1550712250363242,-1997.8449287749636,2.1550712250363242,-0.85522873160348789,-0.85522873160348789
30.000000,159.99999999191243,87.999999995551789,2.1522423702717224,-1997.8477576297282,2.1522423702717224,-0.85805758636808971,-0.85805758636808971
30.000000,159.99999999191243,88.999999995501241,2.1455344670922445,-1997.8544655329079,2.1455344670922445,-0.8647654895475676,-0.8647654895475676
30.000000,159.99999999191243,89.999999995450679,2.1349516894776119,-1997.8650483105223,2.1349516894776119,-0.87534826716220016,-0.87534826716220016
30.000000,164.99999999165971,0,-999.99000000000001,-2999.9899999999998,-999.99000000000001,-1003.0002999566398,-1003.0002999566398
30.000000,164.99999999165971,0.99999999994945232,-34.383566057366146,-2034.3835660573661,-34.383566057366146,-37.393866014005958,-37.393866014005958
30.000000,164.99999999165971,1.9999999998989046,-28.362661395492509,-2028.3626613954925,-28.362661395492509,-31.372961352132322,-31.372961352132322
30.000000,164.99999999165971,2.9999999998483573,-24.840331284217825,-2024.8403312842179,-24.840331284217825,-27.850631240857638,-27.850631240857638
30.000000,164.99999999165971,3.9999999997978093,-22.34085591141627,-2022.3408559114164,-22.34085591141627,-25.351155868056082,-25.351155868056082
30.000000,164.99999999165971,4.9999999997472617,-20.401765549389907,-2020.4017655493899,-20.401765549389907,-23.41206550602972,-23.41206550602972
30.000000,164.99999999165971,5.9999999996967137,-18.817069082494438,-2018.8170690824945,-18.817069082494438,-21.827369039134251,-21.827369039134251
30.000000,164.99999999165971,6.9999999996461657,-17.476890071804608,-2017.4768900718045,-17.476890071804608,-20.48719002844442,-20.48719002844442
30.000000,164.99999999165971,7.9999999995956186,-16.315647752827982,-2016.315647752828,-16.315647752827982,-19.325947709467794,-19.325947709467794
30.000000,164.99999999165971,8.9999999995450715,-15.291046994024061,-2015.2910469940241,-15.291046994024061,-18.301346950663874,-18.301346950663874
30.000000,164.99999999165971,9.9999999994945235,-14.374214872112475,-2014.3742148721126,-14.374214872112475,-17.384514828752287,-17.384514828752287
30.000000,164.99999999165971,10.999999999443975,-13.544563461584143,-2013.5445634615842,-13.544563461584143,-16.554863418223956,-16.554863418223956
30.000000,164.99999999165971,11.999999999393427,-12.786897391854431,-2012.7868973918544,-12.786897391854431,-15.797197348494244,-15.797197348494244
30.000000,164.99999999165971,12.999999999342879,-12.089683140982467,-2012.0896831409825,-12.089683140982467,-15.09998309762228,-15.09998309762228
30.000000,164.99999999165971,13.999999999292331,-11.443961532122653,-2011.4439615321226,-11.443961532122653,-14.454261488762466,-14.454261488762466
30.000000,164.99999999165971,14.999999999241785,-10.842636318685297,-2010.8426363186852,-10.842636318685297,-13.85293627532511,-13.85293627532511
30.000000,164.99999999165971,15.999999999191237,-10.279992824813791,-2010.2799928248137,-10.279992824813791,-13.290292781453603,-13.290292781453603
30.000000,164.99999999165971,16.999999999140691,-9.7513627599945565,-2009.7513627599947,-9.7513627599945565,-12.761662716634369,-12.761662716634369
30.000000,164.99999999165971,17.999999999090143,-9.2528849728933373,-2009.2528849728933,-9.2528849728933373,-12.26318492953315,-12.26318492953315
30.000000,164.99999999165971,18.999999999039595,-8.7813309640903192,-2008.7813309640903,-8.7813309640903192,-11.791630920730132,-11.791630920730132
30.000000,164.99999999165971,19.999999998989047,-8.3339751947745597,-2008.3339751947747,-8.3339751947745597,-11.344275151414372,-11.344275151414372
30.000000,164.99999999165971,20.999999998938499,-7.9084970583907399,-2007.9084970583908,-7.9084970583907399,-10.918797015030552,-10.918797015030552
30.000000,164.99999999165971,21.999999998887951,-7.5029056656199984,-2007.5029056656199,-7.5029056656199984,-10.513205622259811,-10.513205622259811
30.000000,164.99999999165971,22.999999998837403,-7.1154813506869585,-2007.1154813506869,-7.1154813506869585,-10.12578130732677,-10.12578130732677
30.000000,164.99999999165971,23.999999998786855,-6.7447296242718018,-2006.7447296242717,-6.7447296242718018,-9.7550295809116143,-9.7550295809116143
30.000000,164.99999999165971,24.999999998736307,-6.3893445212932418,-2006.3893445212932,-6.3893445212932418,-9.3996444779330535,-9.3996444779330535
30.000000,164.99999999165971,25.999999998685759,-6.0481791306006558,-2006.0481791306006,-6.0481791306006558,-9.0584790872404675,-9.0584790872404675
30.000000,164.99999999165971,26.999999998635211,-5.7202216788485218,-2005.7202216788485,-5.7202216788485218,-8.7305216354883335,-8.7305216354883335
30.000000,164.99999999165971,27.999999998584663,-5.4045759556107056,-2005.4045759556107,-5.4045759556107056,-8.4148759122505172,-8.4148759122505172
30.000000,164.99999999165971,28.999999998534115,-5.1004451650186269,-2005.1004451650185,-5.1004451650186269,-8.1107451216584394,-8.1107451216584394
30.000000,164.99999999165971,29.99999999848357,-4.8071185064765674,-2004.8071185064766,-4.8071185064765674,-7.817418463116379,-7.817418463116379
30.000000,164.99999999165971,30.999999998433026,-4.5239599472338989,-2004.5239599472338,-4.5239599472338989,-7.5342599038737106,-7.5342599038737106
30.000000,164.99999999165971,31.999999998382481,-4.2503987690913263,-2004.2503987690914,-4.2503987690913263,-7.2606987257311388,-7.2606987257311388
30.000000,164.99999999165971,32.999999998331937,-3.9859215615762897,-2003.9859215615763,-3.9859215615762897,-6.9962215182161014,-6.9962215182161014
30.000000,164.99999999165971,33.999999998281389,-3.7300654024562903,-2003.7300654024564,-3.7300654024562903,-6.7403653590961028,-6.7403653590961028
30.000000,164.99999999165971,34.999999998230848,-3.4824120190889758,-2003.482412019089,-3.4824120190889758,-6.4927119757287883,-6.4927119757287883
30.000000,164.99999999165971,35.9999999981803,-3.2425827648678611,-2003.2425827648678,-3.2425827648678611,-6.2528827215076728,-6.2528827215076728
30.000000,164.99999999165971,36.999999998129759,-3.0102342768427754,-2003.0102342768428,-3.0102342768427754,-6.0205342334825875,-6.0205342334825875
30.000000,164.99999999165971,37.999999998079211,-2.7850547056206358,-2002.7850547056207,-2.7850547056206358,-5.7953546622604479,-5.7953546622604479
30.000000,164.99999999165971,38.99999999802867,-2.5667604284744745,-2002.5667604284745,-2.5667604284744745,-5.5770603851142866,-5.5770603851142866
30.000000,164.99999999165971,39.999999997978122,-2.3550931723934374,-2002.3550931723935,-2.3550931723934374,-5.3653931290332491,-5.3653931290332491
30.000000,164.99999999165971,40.999999997927581,-2.1498174864865103,-2002.1498174864864,-2.1498174864865103,-5.1601174431263228,-5.1601174431263228
30.000000,164.99999999165971,41.999999997877033,-1.9507185133866456,-2001.9507185133866,-1.9507185133866456,-4.9610184700264579,-4.9610184700264579
30.000000,164.99999999165971,42.999999997826492,-1.7576000176076423,-2001.7576000176077,-1.7576000176076423,-4.7678999742474542,-4.7678999742474542
30.000000,164.99999999165971,43.999999997775944,-1.5702826355829975,-2001.570282635583,-1.5702826355829975,-4.5805825922228092,-4.5805825922228092
30.000000,164.99999999165971,44.999999997725396,-1.3886023176730553,-2001.3886023176731,-1.3886023176730553,-4.3989022743128672,-4.3989022743128672
30.000000,164.99999999165971,45.999999997674855,-1.2124089370062154,-2001.2124089370061,-1.2124089370062154,-4.2227088936460273,-4.2227088936460273
30.000000,164.99999999165971,46.999999997624307,-1.0415650438098734,-2001.0415650438099,-1.0415650438098734,-4.0518650004496859,-4.0518650004496859
30.000000,164.99999999165971,47.999999997573767,-0.87594474703838943,-2000.8759447470384,-0.87594474703838943,-3.8862447036782015,-3.8862447036782015
30.000000,164.99999999165971,48.999999997523219,-0.71543270773595924,-2000.715432707736,-0.71543270773595924,-3.7257326643757711,-3.7257326643757711
30.000000,164.99999999165971,49.999999997472678,-0.55992323077701822,-2000.559923230777,-0.55992323077701822,-3.5702231874168304,-3.5702231874168304
30.000000,164.99999999165971,50.99999999742213,-0.40931944348230337,-2000.4093194434822,-0.40931944348230337,-3.4196194001221154,-3.4196194001221154
30.000000,164.99999999165971,51.999999997371589,-0.26353255117485674,-2000.2635325511749,-0.26353255117485674,-3.2738325078146691,-3.2738325078146691
30.000000,164.99999999165971,52.999999997321041,-0.1224811610678664,-2000.1224811610678,-0.1224811610678664,-3.1327811177076783,-3.1327811177076783
30.000000,164.99999999165971,53.9999999972705,0.013909332995200356,-1999.9860906670049,0.013909332995200356,-2.9963906236446118,-2.9963906236446118
30.000000,164.99999999165971,54.999999997219952,0.14570731146507562,-1999.854292688535,0.14570731146507562,-2.8645926451747363,-2.8645926451747363
30.000000,164.99999999165971,55.999999997169411,0.27297544136892304,-1999.727024558631,0.27297544136892304,-2.7373245152708892,-2.7373245152708892
30.000000,164.99999999165971,56.999999997118863,0.3957711449366183,-1999.6042288550634,0.3957711449366183,-2.614528811703194,-2.614528811703194
30.000000,164.99999999165971,57.999999997068315,0.51414702894883668,-1999.4858529710511,0.51414702894883668,-2.4961529276909755,-2.4961529276909755
30.000000,164.99999999165971,58.999999997017767,0.62815127865962639,-1999.3718487213405,0.62815127865962639,-2.3821486779801857,-2.3821486779801857
30.000000,164.99999999165971,59.999999996967219,0.73782801969144485,-1999.2621719803085,0.73782801969144485,-2.2724719369483672,-2.2724719369483672
30.000000,164.99999999165971,60.999999996916664,0.84321765090638212,-1999.1567823490936,0.84321765090638212,-2.1670823057334299,-2.1670823057334299
30.000000,164.99999999165971,61.999999996866116,0.94435715091389349,-1999.0556428490861,0.94435715091389349,-2.0659428057259186,-2.0659428057259186
30.000000,164.99999999165971,62.999999996815561,1.0412803605761247,-1998.9587196394239,1.0412803605761247,-1.9690195960636874,-1.9690195960636874
30.000000,164.99999999165971,63.999999996765013,1.1340182436101185,-1998.8659817563898,1.1340182436101185,-1.8762817130296936,-1.8762817130296936
30.000000,164.99999999165971,64.999999996714465,1.2225991271566381,-1998.7774008728434,1.2225991271566381,-1.787700829483174,-1.787700829483174
30.000000,164.99999999165971,65.999999996663917,1.3070489239838845,-1998.692951076016,1.3070489239838845,-1.7032510326559276,-1.7032510326559276
30.000000,164.99999999165971,66.999999996613354,1.3873913378166023,-1998.6126086621834,1.3873913378166023,-1.6229086188232098,-1.6229086188232098
30.000000,164.99999999165971,67.999999996562806,1.4636480531244291,-1998.5363519468756,1.4636480531244291,-1.546651903515383,-1.546651903515383
30.000000,164.99999999165971,68.999999996512258,1.5358389105644519,-1998.4641610894355,1.5358389105644519,-1.4744610460753602,-1.4744610460753602
30.000000,164.99999999165971,69.99999999646171,1.6039820691499573,-1998.3960179308501,1.6039820691499573,-1.4063178874898548,-1.4063178874898548
30.000000,164.99999999165971,70.999999996411148,1.6680941561077849,-1998.3319058438922,1.6680941561077849,-1.3422058005320272,-1.3422058005320272
30.000000,164.99999999165971,71.9999999963606,1.7281904052891817,-1998.2718095947109,1.7281904052891817,-1.2821095513506304,-1.2821095513506304
30.000000,164.99999999165971,72.999999996310052,1.784284784911832,-1998.2157152150883,1.784284784911832,-1.2260151717279801,-1.2260151717279801
30.000000,164.99999999165971,73.999999996259504,1.8363901153325175,-1998.1636098846675,1.8363901153325175,-1.1739098413072946,-1.1739098413072946
30.000000,164.99999999165971,74.999999996208956,1.8845181774798145,-1998.1154818225202,1.8845181774798145,-1.1257817791599976,-1.1257817791599976
30.000000,164.99999999165971,75.999999996158394,1.928679812512798,-1998.0713201874871,1.928679812512798,-1.0816201441270141,-1.0816201441270141
30.000000,164.99999999165971,76.999999996107846,1.9688850132147218,-1998.0311149867853,1.9688850132147218,-1.0414149434250903,-1.0414149434250903
30.000000,164.99999999165971,77.999999996057298,2.0051430075787069,-1997.9948569924213,2.0051430075787069,-1.0051569490611052,-1.0051569490611052
30.000000,164.99999999165971,78.99999999600675,2.0374623349954408,-1997.9625376650044,2.0374623349954408,-0.97283762164437126,-0.97283762164437126
30.000000,164.99999999165971,79.999999995956202,2.0658509154098921,-1997.9341490845902,2.0658509154098921,-0.94444904122992002,-0.94444904122992002
30.000000,164.99999999165971,80.99999999590564,2.0903161117744702,-1997.9096838882256,2.0903161117744702,-0.9199838448653419,-0.9199838448653419
30.000000,164.99999999165971,81.999999995855092,2.1108647860901,-1997.8891352139099,2.1108647860901,-0.89943517054971212,-0.89943517054971212
30.000000,164.99999999165971,82.999999995804544,2.1275033492929181,-1997.872496650707,2.1275033492929181,-0.88279660734689402,-0.88279660734689402
30.000000,164.99999999165971,83.999999995753996,2.1402378052133133,-1997.8597621947868,2.1402378052133133,-0.87006215142649879,-0.87006215142649879
30.000000,164.99999999165971,84.999999995703433,2.1490737888050218,-1997.850926211195,2.1490737888050218,-0.86122616783479033,-0.86122616783479033
30.000000,164.99999999165971,85.999999995652885,2.154016598814648,-1997.8459834011853,2.154016598814648,-0.85628335782516407,-0.85628335782516407
30.000000,164.99999999165971,86.999999995602337,2.1550712250363242,-1997.8449287749636,2.1550712250363242,-0.85522873160348789,-0.85522873160348789
30.000000,164.99999999165971,87.999999995551789,2.1522423702717224,-1997.8477576297282,2.1522423702717224,-0.85805758636808971,-0.85805758636808971
30.000000,164.99999999165971,88.999999995501241,2.1455344670922445,-1997.8544655329079,2.1455344670922445,-0.8647654895475676,-0.8647654895475676
30.000000,164.99999999165971,89.999999995450679,2.1349516894776119,-1997.8650483105223,2.1349516894776119,-0.87534826716220016,-0.87534826716220016
30.000000,169.99999999140698,0,-999.99000000000001,-2999.9899999999998,-999.99000000000001,-1003.0002999566398,-1003.0002999566398
30.000000,169.99999999140698,0.99999999994945232,-34.383566057366146,-2034.3835660573661,-34.383566057366146,-37.393866014005958,-37.393866014005958
30.000000,169.99999999140698,1.9999999998989046,-28.362661395492509,-2028.3626613954925,-28.362661395492509,-31.372961352132322,-31.372961352132322
30.000000,169.99999999140698,2.9999999998483573,-24.840331284217825,-2024.8403312842179,-24.840331284217825,-27.850631240857638,-27.850631240857638
30.000000,169.99999999140698,3.9999999997978093,-22.34085591141627,-2022.3408559114164,-22.34085591141627,-25.351155868056082,-25.351155868056082
30.000000,169.99999999140698,4.9999999997472617,-20.401765549389907,-2020.4017655493899,-20.401765549389907,-23.41206550602972,-23.41206550602972
30.000000,169.99999999140698,5.9999999996967137,-18.817069082494438,-2018.8170690824945,-18.817069082494438,-21.827369039134251,-21.827369039134251
30.000000,169.99999999140698,6.9999999996461657,-17.476890071804608,-2017.4768900718045,-17.476890071804608,-20.48719002844442,-20.48719002844442
30.000000,169.99999999140698,7.9999999995956186,-16.315647752827982,-2016.315647752828,-16.315647752827982,-19.325947709467794,-19.325947709467794
30.000000,169.99999999140698,8.9999999995450715,-15.291046994024061,-2015.2910469940241,-15.291046994024061,-18.301346950663874,-18.301346950663874
30.000000,169.99999999140698,9.9999999994945235,-14.374214872112475,-2014.3742148721126,-14.374214872112475,-17.384514828752287,-17.384514828752287
30.000000,169.99999999140698,10.999999999443975,-13.544563461584143,-2013.5445634615842,-13.544563461584143,-16.554863418223956,-16.554863418223956
30.000000,169.99999999140698,11.999999999393427,-12.786897391854431,-2012.7868973918544,-12.786897391854431,-15.797197348494244,-15.797197348494244
30.000000,169.99999999140698,12.999999999342879,-12.089683140982467,-2012.0896831409825,-12.089683140982467,-15.09998309762228,-15.09998309762228
30.000000,169.99999999140698,13.999999999292331,-11.443961532122653,-2011.4439615321226,-11.443961532122653,-14.454261488762466,-14.454261488762466
30.000000,169.99999999140698,14.999999999241785,-10.842636318685297,-2010.8426363186852,-10.842636318685297,-13.85293627532511,-13.85293627532511
30.000000,169.99999999140698,15.999999999191237,-10.279992824813791,-2010.2799928248137,-10.279992824813791,-13.290292781453603,-13.290292781453603
30.000000,169.99999999140698,16.999999999140691,-9.7513627599945565,-2009.7513627599947,-9.7513627599945565,-12.761662716634369,-12.761662716634369
30.000000,169.99999999140698,17.999999999090143,-9.2528849728933373,-2009.2528849728933,-9.2528849728933373,-12.26318492953315,-12.26318492953315
30.000000,169.99999999140698,18.999999999039595,-8.7813309640903192,-2008.7813309640903,-8.7813309640903192,-11.791630920730132,-11.791630920730132
30.000000,169.99999999140698,19.999999998989047,-8.3339751947745597,-2008.3339751947747,-8.3339751947745597,-11.344275151414372,-11.344275151414372
30.000000,169.99999999140698,20.999999998938499,-7.9084970583907399,-2007.9084970583908,-7.9084970583907399,-10.918797015030552,-10.918797015030552
30.000000,169.99999999140698,21.999999998887951,-7.5029056656199984,-2007.5029056656199,-7.5029056656199984,-10.513205622259811,-10.513205622259811
30.000000,169.99999999140698,22.999999998837403,-7.1154813506869585,-2007.1154813506869,-7.1154813506869585,-10.12578130732677,-10.12578130732677
30.000000,169.99999999140698,23.999999998786855,-6.7447296242718018,-2006.7447296242717,-6.7447296242718018,-9.7550295809116143,-9.7550295809116143
30.000000,169.99999999140698,24.999999998736307,-6.3893445212932418,-2006.3893445212932,-6.3893445212932418,-9.3996444779330535,-9.3996444779330535
30.000000,169.99999999140698,25.999999998685759,-6.0481791306006558,-2006.0481791306006,-6.0481791306006558,-9.0584790872404675,-9.0584790872404675
30.000000,169.99999999140698,26.999999998635211,-5.7202216788485218,-2005.7202216788485,-5.7202216788485218,-8.7305216354883335,-8.7305216354883335
30.000000,169.99999999140698,27.999999998584663,-5.4045759556107056,-2005.4045759556107,-5.4045759556107056,-8.4148759122505172,-8.4148759122505172
30.000000,169.99999999140698,28.999999998534115,-5.1004451650186269,-2005.1004451650185,-5.1004451650186269,-8.1107451216584394,-8.1107451216584394
30.000000,169.99999999140698,29.99999999848357,-4.8071185064765674,-2004.8071185064766,-4.8071185064765674,-7.817418463116379,-7.817418463116379
30.000000,169.99999999140698,30.999999998433026,-4.5239599472338989,-2004.5239599472338,-4.5239599472338989,-7.5342599038737106,-7.5342599038737106
30.000000,169.99999999140698,31.999999998382481,-4.2503987690913263,-2004.2503987690914,-4.2503987690913263,-7.2606987257311388,-7.2606987257311388
30.000000,169.99999999140698,32.999999998331937,-3.9859215615762897,-2003.9859215615763,-3.9859215615762897,-6.9962215182161014,-6.9962215182161014
30.000000,169.99999999140698,33.999999998281389,-3.7300654024562903,-2003.7300654024564,-3.7300654024562903,-6.7403653590961028,-6.7403653590961028
30.000000,169.99999999140698,34.999999998230848,-3.4824120190889758,-2003.482412019089,-3.4824120190889758,-6.4927119757287883,-6.4927119757287883
30.000000,169.99999999140698,35.9999999981803,-3.2425827648678611,-2003.2425827648678,-3.2425827648678611,-6.2528827215076728,-6.2528827215076728
30.000000,169.99999999140698,36.999999998129759,-3.0102342768427754,-2003.0102342768428,-3.0102342768427754,-6.0205342334825875,-6.0205342334825875
30.000000,169.99999999140698,37.999999998079211,-2.7850547056206358,-2002.7850547056207,-2.7850547056206358,-5.7953546622604479,-5.7953546622604479
30.000000,169.99999999140698,38.99999999802867,-2.5667604284744745,-2002.5667604284745,-2.5667604284744745,-5.5770603851142866,-5.5770603851142866
30.000000,169.99999999140698,39.999999997978122,-2.3550931723934374,-2002.3550931723935,-2.3550931723934374,-5.3653931290332491,-5.3653931290332491
30.000000,169.99999999140698,40.999999997927581,-2.1498174864865103,-2002.1498174864864,-2.1498174864865103,-5.1601174431263228,-5.1601174431263228
30.000000,169.99999999140698,41.999999997877033,-1.9507185133866456,-2001.9507185133866,-1.9507185133866456,-4.9610184700264579,-4.9610184700264579
30.000000,169.99999999140698,42.999999997826492,-1.7576000176076423,-2001.7576000176077,-1.7576000176076423,-4.7678999742474542,-4.7678999742474542
30.000000,169.99999999140698,43.999999997775944,-1.5702826355829975,-2001.570282635583,-1.5702826355829975,-4.5805825922228092,-4.5805825922228092
30.000000,169.99999999140698,44.999999997725396,-1.3886023176730553,-2001.3886023176731,-1.3886023176730553,-4.3989022743128672,-4.3989022743128672
30.000000,169.99999999140698,45.999999997674855,-1.2124089370062154,-2001.2124089370061,-1.2124089370062154,-4.2227088936460273,-4.2227088936460273
30.000000,169.99999999140698,46.999999997624307,-1.0415650438098734,-2001.0415650438099,-1.0415650438098734,-4.0518650004496859,-4.0518650004496859
30.000000,169.99999999140698,47.999999997573767,-0.87594474703838943,-2000.8759447470384,-0.87594474703838943,-3.8862447036782015,-3.8862447036782015
30.000000,169.99999999140698,48.999999997523219,-0.71543270773595924,-2000.715432707736,-0.71543270773595924,-3.7257326643757711,-3.7257326643757711
30.000000,169.99999999140698,49.999999997472678,-0.55992323077701822,-2000.559923230777,-0.55992323077701822,-3.5702231874168304,-3.5702231874168304
30.000000,169.99999999140698,50.99999999742213,-0.40931944348230337,-2000.4093194434822,-0.40931944348230337,-3.4196194001221154,-3.4196194001221154
30.000000,169.99999999140698,51.999999997371589,-0.26353255117485674,-2000.2635325511749,-0.26353255117485674,-3.2738325078146691,-3.2738325078146691
30.000000,169.99999999140698,52.999999997321041,-0.1224811610678664,-2000.1224811610678,-0.1224811610678664,-3.1327811177076783,-3.1327811177076783
30.000000,169.99999999140698,53.9999999972705,0.013909332995200356,-1999.9860906670049,0.013909332995200356,-2.9963906236446118,-2.9963906236446118
30.000000,169.99999999140698,54.999999997219952,0.14570731146507562,-1999.854292688535,0.14570731146507562,-2.8645926451747363,-2.8645926451747363
30.000000,169.99999999140698,55.999999997169411,0.27297544136892304,-1999.727024558631,0.27297544136892304,-2.7373245152708892,-2.7373245152708892
30.000000,169.99999999140698,56.999999997118863,0.3957711449366183,-1999.6042288550634,0.3957711449366183,-2.614528811703194,-2.614528811703194
30.000000,169.99999999140698,57.999999997068315,0.51414702894883668,-1999.4858529710511,0.51414702894883668,-2.4961529276909755,-2.4961529276909755
30.000000,169.99999999140698,58.999999997017767,0.62815127865962639,-1999.3718487213405,0.62815127865962639,-2.3821486779801857,-2.3821486779801857
30.000000,169.99999999140698,59.999999996967219,0.73782801969144485,-1999.2621719803085,0.73782801969144485,-2.2724719369483672,-2.2724719369483672
30.000000,169.99999999140698,60.999999996916664,0.84321765090638212,-1999.1567823490936,0.84321765090638212,-2.1670823057334299,-2.1670823057334299
30.000000,169.99999999140698,61.999999996866116,0.94435715091389349,-1999.0556428490861,0.94435715091389349,-2.0659428057259186,-2.0659428057259186
30.000000,169.99999999140698,62.999999996815561,1.0412803605761247,-1998.9587196394239,1.0412803605761247,-1.9690195960636874,-1.9690195960636874
30.000000,169.99999999140698,63.999999996765013,1.1340182436101185,-1998.8659817563898,1.1340182436101185,-1.8762817130296936,-1.8762817130296936
30.000000,169.99999999140698,64.999999996714465,1.2225991271566381,-1998.7774008728434,1.2225991271566381,-1.787700829483174,-1.787700829483174
30.000000,169.99999999140698,65.999999996663917,1.3070489239838845,-1998.692951076016,1.3070489239838845,-1.7032510326559276,-1.7032510326559276
30.000000,169.99999999140698,66.999999996613354,1.3873913378166023,-1998.6126086621834,1.3873913378166023,-1.6229086188232098,-1.6229086188232098
30.000000,169.99999999140698,67.999999996562806,1.4636480531244291,-1998.5363519468756,1.4636480531244291,-1.546651903515383,-1.546651903515383
30.000000,169.99999999140698,68.999999996512258,1.5358389105644519,-1998.4641610894355,1.5358389105644519,-1.4744610460753602,-1.4744610460753602
30.000000,169.99999999140698,69.99999999646171,1.6039820691499573,-1998.3960179308501,1.6039820691499573,-1.4063178874898548,-1.4063178874898548
30.000000,169.99999999140698,70.999999996411148,1.6680941561077849,-1998.3319058438922,1.6680941561077849,-1.3422058005320272,-1.3422058005320272
30.000000,169.99999999140698,71.9999999963606,1.7281904052891817,-1998.2718095947109,1.7281904052891817,-1.2821095513506304,-1.2821095513506304
30.000000,169.99999999140698,72.999999996310052,1.784284784911832,-1998.2157152150883,1.784284784911832,-1.2260151717279801,-1.2260151717279801
30.000000,169.99999999140698,73.999999996259504,1.8363901153325175,-1998.1636098846675,1.8363901153325175,-1.1739098413072946,-1.1739098413072946
30.000000,169.99999999140698,74.999999996208956,1.8845181774798145,-1998.1154818225202,1.8845181774798145,-1.1257817791599976,-1.1257817791599976
30.000000,169.99999999140698,75.999999996158394,1.928679812512798,-1998.0713201874871,1.928679812512798,-1.0816201441270141,-1.0816201441270141
30.000000,169.99999999140698,76.999999996107846,1.9688850132147218,-1998.0311149867853,1.9688850132147218,-1.0414149434250903,-1.0414149434250903
30.000000,169.99999999140698,77.999999996057298,2.0051430075787069,-1997.9948569924213,2.0051430075787069,-1.0051569490611052,-1.0051569490611052
30.000000,169.99999999140698,78.99999999600675,2.0374623349954408,-1997.9625376650044,2.0374623349954408,-0.97283762164437126,-0.97283762164437126
30.000000,169.99999999140698,79.999999995956202,2.0658509154098921,-1997.9341490845902,2.0658509154098921,-0.94444904122992002,-0.94444904122992002
30.000000,169.99999999140698,80.99999999590564,2.0903161117744702,-1997.9096838882256,2.0903161117744702,-0.9199838448653419,-0.9199838448653419
30.000000,169.99999999140698,81.999999995855092,2.1108647860901,-1997.8891352139099,2.1108647860901,-0.89943517054971212,-0.89943517054971212
30.000000,169.99999999140698,82.999999995804544,2.1275033492929181,-1997.872496650707,2.1275033492929181,-0.88279660734689402,-0.88279660734689402
30.000000,169.99999999140698,83.999999995753996,2.1402378052133133,-1997.8597621947868,2.1402378052133133,-0.87006215142649879,-0.87006215142649879
30.000000,169.99999999140698,84.999999995703433,2.1490737888050218,-1997.850926211195,2.1490737888050218,-0.86122616783479033,-0.86122616783479033
30.000000,169.99999999140698,85.999999995652885,2.154016598814648,-1997.8459834011853,2.154016598814648,-0.85628335782516407,-0.85628335782516407
30.000000,169.99999999140698,86.999999995602337,2.1550712250363242,-1997.8449287749636,2.1550712250363242,-0.85522873160348789,-0.85522873160348789
30.000000,169.99999999140698,87.999999995551789,2.1522423702717224,-1997.8477576297282,2.1522423702717224,-0.85805758636808971,-0.85805758636808971
30.000000,169.99999999140698,88.999999995501241,2.1455344670922445,-1997.8544655329079,2.1455344670922445,-0.8647654895475676,-0.8647654895475676
30.000000,169.99999999140698,89.999999995450679,2.1349516894776119,-1997.8650483105223,2.1349516894776119,-0.87534826716220016,-0.87534826716220016
30.000000,174.99999999115425,0,-999.99000000000001,-2999.9899999999998,-999.99000000000001,-1003.0002999566398,-1003.0002999566398
30.000000,174.99999999115425,0.99999999994945232,-34.383566057366146,-2034.3835660573661,-34.383566057366146,-37.393866014005958,-37.393866014005958
30.000000,174.99999999115425,1.9999999998989046,-28.362661395492509,-2028.3626613954925,-28.362661395492509,-31.372961352132322,-31.372961352132322
30.000000,174.99999999115425,2.9999999998483573,-24.840331284217825,-2024.8403312842179,-24.840331284217825,-27.850631240857638,-27.850631240857638
30.000000,174.99999999115425,3.9999999997978093,-22.34085591141627,-2022.3408559114164,-22.34085591141627,-25.351155868056082,-25.351155868056082
30.000000,174.99999999115425,4.9999999997472617,-20.401765549389907,-2020.4017655493899,-20.401765549389907,-23.41206550602972,-23.41206550602972
30.000000,174.99999999115425,5.9999999996967137,-18.817069082494438,-2018.8170690824945,-18.817069082494438,-21.827369039134251,-21.827369039134251
30.000000,174.99999999115425,6.9999999996461657,-17.476890071804608,-2017.4768900718045,-17.476890071804608,-20.48719002844442,-20.48719002844442
30.000000,174.99999999115425,7.9999999995956186,-16.315647752827982,-2016.315647752828,-16.315647752827982,-19.325947709467794,-19.325947709467794
30.000000,174.99999999115425,8.9999999995450715,-15.291046994024061,-2015.2910469940241,-15.291046994024061,-18.301346950663874,-18.301346950663874
30.000000,174.99999999115425,9.9999999994945235,-14.374214872112475,-2014.3742148721126,-14.374214872112475,-17.384514828752287,-17.384514828752287
30.000000,174.99999999115425,10.999999999443975,-13.544563461584143,-2013.5445634615842,-13.544563461584143,-16.554863418223956,-16.554863418223956
30.000000,174.99999999115425,11.999999999393427,-12.786897391854431,-2012.7868973918544,-12.786897391854431,-15.797197348494244,-15.797197348494244
30.000000,174.99999999115425,12.999999999342879,-12.089683140982467,-2012.0896831409825,-12.089683140982467,-15.09998309762228,-15.09998309762228
30.000000,174.99999999115425,13.999999999292331,-11.443961532122653,-2011.4439615321226,-11.443961532122653,-14.454261488762466,-14.454261488762466
30.000000,174.99999999115425,14.999999999241785,-10.842636318685297,-2010.8426363186852,-10.842636318685297,-13.85293627532511,-13.85293627532511
30.000000,174.99999999115425,15.999999999191237,-10.279992824813791,-2010.2799928248137,-10.279992824813791,-13.290292781453603,-13.290292781453603
30.000000,174.99999999115425,16.999999999140691,-9.7513627599945565,-2009.7513627599947,-9.7513627599945565,-12.761662716634369,-12.761662716634369
30.000000,174.99999999115425,17.999999999090143,-9.2528849728933373,-2009.2528849728933,-9.2528849728933373,-12.26318492953315,-12.26318492953315
30.000000,174.99999999115425,18.999999999039595,-8.7813309640903192,-2008.7813309640903,-8.7813309640903192,-11.791630920730132,-11.791630920730132
30.000000,174.99999999115425,19.999999998989047,-8.3339751947745597,-2008.3339751947747,-8.3339751947745597,-11.344275151414372,-11.344275151414372
30.000000,174.99999999115425,20.999999998938499,-7.9084970583907399,-2007.9084970583908,-7.9084970583907399,-10.918797015030552,-10.918797015030552
30.000000,174.99999999115425,21.999999998887951,-7.5029056656199984,-2007.5029056656199,-7.5029056656199984,-10.513205622259811,-10.513205622259811
30.000000,174.99999999115425,22.999999998837403,-7.1154813506869585,-2007.1154813506869,-7.1154813506869585,-10.12578130732677,-10.12578130732677
30.000000,174.99999999115425,23.999999998786855,-6.7447296242718018,-2006.7447296242717,-6.7447296242718018,-9.7550295809116143,-9.7550295809116143
30.000000,174.99999999115425,24.999999998736307,-6.3893445212932418,-2006.3893445212932,-6.3893445212932418,-9.3996444779330535,-9.3996444779330535
30.000000,174.99999999115425,25.999999998685759,-6.0481791306006558,-2006.0481791306006,-6.0481791306006558,-9.0584790872404675,-9.0584790872404675
30.000000,174.99999999115425,26.999999998635211,-5.7202216788485218,-2005.7202216788485,-5.7202216788485218,-8.7305216354883335,-8.7305216354883335
30.000000,174.99999999115425,27.999999998584663,-5.4045759556107056,-2005.4045759556107,-5.4045759556107056,-8.4148759122505172,-8.4148759122505172
30.000000,174.99999999115425,28.999999998534115,-5.1004451650186269,-2005.1004451650185,-5.1004451650186269,-8.1107451216584394,-8.1107451216584394
30.000000,174.99999999115425,29.99999999848357,-4.8071185064765674,-2004.8071185064766,-4.8071185064765674,-7.817418463116379,-7.817418463116379
30.000000,174.99999999115425,30.999999998433026,-4.5239599472338989,-2004.5239599472338,-4.5239599472338989,-7.5342599038737106,-7.5342599038737106
30.000000,174.99999999115425,31.999999998382481,-4.2503987690913263,-2004.2503987690914,-4.2503987690913263,-7.2606987257311388,-7.2606987257311388
30.000000,174.99999999115425,32.999999998331937,-3.9859215615762897,-2003.9859215615763,-3.9859215615762897,-6.9962215182161014,-6.9962215182161014
30.000000,174.99999999115425,33.999999998281389,-3.7300654024562903,-2003.7300654024564,-3.7300654024562903,-6.7403653590961028,-6.7403653590961028
30.000000,174.99999999115425,34.999999998230848,-3.4824120190889758,-2003.482412019089,-3.4824120190889758,-6.4927119757287883,-6.4927119757287883
30.000000,174.99999999115425,35.9999999981803,-3.2425827648678611,-2003.2425827648678,-3.2425827648678611,-6.2528827215076728,-6.2528827215076728
30.000000,174.99999999115425,36.999999998129759,-3.0102342768427754,-2003.0102342768428,-3.0102342768427754,-6.0205342334825875,-6.0205342334825875
30.000000,174.99999999115425,37.999999998079211,-2.7850547056206358,-2002.7850547056207,-2.7850547056206358,-5.7953546622604479,-5.7953546622604479
30.000000,174.99999999115425,38.99999999802867,-2.5667604284744745,-2002.5667604284745,-2.5667604284744745,-5.5770603851142866,-5.5770603851142866
30.000000,174.99999999115425,39.999999997978122,-2.3550931723934374,-2002.3550931723935,-2.3550931723934374,-5.3653931290332491,-5.3653931290332491
30.000000,174.99999999115425,40.999999997927581,-2.1498174864865103,-2002.1498174864864,-2.1498174864865103,-5.1601174431263228,-5.1601174431263228
30.000000,174.99999999115425,41.999999997877033,-1.9507185133866456,-2001.9507185133866,-1.9507185133866456,-4.9610184700264579,-4.9610184700264579
30.000000,174.99999999115425,42.999999997826492,-1.7576000176076423,-2001.7576000176077,-1.7576000176076423,-4.7678999742474542,-4.7678999742474542
30.000000,174.99999999115425,43.999999997775944,-1.5702826355829975,-2001.570282635583,-1.5702826355829975,-4.5805825922228092,-4.5805825922228092
30.000000,174.99999999115425,44.999999997725396,-1.3886023176730553,-2001.3886023176731,-1.3886023176730553,-4.3989022743128672,-4.3989022743128672
30.000000,174.99999999115425,45.999999997674855,-1.2124089370062154,-2001.2124089370061,-1.2124089370062154,-4.2227088936460273,-4.2227088936460273
30.000000,174.99999999115425,46.999999997624307,-1.0415650438098734,-2001.0415650438099,-1.0415650438098734,-4.0518650004496859,-4.0518650004496859
30.000000,174.99999999115425,47.999999997573767,-0.87594474703838943,-2000.8759447470384,-0.87594474703838943,-3.8862447036782015,-3.8862447036782015
30.000000,174.99999999115425,48.999999997523219,-0.71543270773595924,-2000.715432707736,-0.71543270773595924,-3.7257326643757711,-3.7257326643757711
30.000000,174.99999999115425,49.999999997472678,-0.55992323077701822,-2000.559923230777,-0.55992323077701822,-3.5702231874168304,-3.5702231874168304
30.000000,174.99999999115425,50.99999999742213,-0.40931944348230337,-2000.4093194434822,-0.40931944348230337,-3.4196194001221154,-3.4196194001221154
30.000000,174.99999999115425,51.999999997371589,-0.26353255117485674,-2000.2635325511749,-0.26353255117485674,-3.2738325078146691,-3.2738325078146691
30.000000,174.99999999115425,52.999999997321041,-0.1224811610678664,-2000.1224811610678,-0.1224811610678664,-3.1327811177076783,-3.1327811177076783
30.000000,174.99999999115425,53.9999999972705,0.013909332995200356,-1999.9860906670049,0.013909332995200356,-2.9963906236446118,-2.9963906236446118
30.000000,174.99999999115425,54.999999997219952,0.14570731146507562,-1999.854292688535,0.14570731146507562,-2.8645926451747363,-2.8645926451747363
30.000000,174.99999999115425,55.999999997169411,0.27297544136892304,-1999.727024558631,0.27297544136892304,-2.7373245152708892,-2.7373245152708892
30.000000,174.99999999115425,56.999999997118863,0.3957711449366183,-1999.6042288550634,0.3957711449366183,-2.614528811703194,-2.614528811703194
30.000000,174.99999999115425,57.999999997068315,0.51414702894883668,-1999.4858529710511,0.51414702894883668,-2.4961529276909755,-2.4961529276909755
30.000000,174.99999999115425,58.999999997017767,0.62815127865962639,-1999.3718487213405,0.62815127865962639,-2.3821486779801857,-2.3821486779801857
30.000000,174.99999999115425,59.999999996967219,0.73782801969144485,-1999.2621719803085,0.73782801969144485,-2.2724719369483672,-2.2724719369483672
30.000000,174.99999999115425,60.999999996916664,0.84321765090638212,-1999.1567823490936,0.84321765090638212,-2.1670823057334299,-2.1670823057334299
30.000000,174.99999999115425,61.999999996866116,0.94435715091389349,-1999.0556428490861,0.94435715091389349,-2.0659428057259186,-2.0659428057259186
30.000000,174.99999999115425,62.999999996815561,1.0412803605761247,-1998.9587196394239,1.0412803605761247,-1.9690195960636874,-1.9690195960636874
30.000000,174.99999999115425,63.999999996765013,1.1340182436101185,-1998.8659817563898,1.1340182436101185,-1.8762817130296936,-1.8762817130296936
30.000000,174.99999999115425,64.999999996714465,1.2225991271566381,-1998.7774008728434,1.2225991271566381,-1.787700829483174,-1.787700829483174
30.000000,174.99999999115425,65.999999996663917,1.3070489239838845,-1998.692951076016,1.3070489239838845,-1.7032510326559276,-1.7032510326559276
30.000000,174.99999999115425,66.999999996613354,1.3873913378166023,-1998.6126086621834,1.3873913378166023,-1.6229086188232098,-1.6229086188232098
30.000000,174.99999999115425,67.999999996562806,1.4636480531244291,-1998.5363519468756,1.4636480531244291,-1.546651903515383,-1.546651903515383
30.000000,174.99999999115425,68.999999996512258,1.5358389105644519,-1998.4641610894355,1.5358389105644519,-1.4744610460753602,-1.4744610460753602
30.000000,174.99999999115425,69.99999999646171,1.6039820691499573,-1998.3960179308501,1.6039820691499573,-1.4063178874898548,-1.4063178874898548
30.000000,174.99999999115425,70.999999996411148,1.6680941561077849,-1998.3319058438922,1.6680941561077849,-1.3422058005320272,-1.3422058005320272
30.000000,174.99999999115425,71.9999999963606,1.7281904052891817,-1998.2718095947109,1.7281904052891817,-1.2821095513506304,-1.2821095513506304
30.000000,174.99999999115425,72.999999996310052,1.784284784911832,-1998.2157152150883,1.784284784911832,-1.2260151717279801,-1.2260151717279801
30.000000,174.99999999115425,73.999999996259504,1.8363901153325175,-1998.1636098846675,1.8363901153325175,-1.1739098413072946,-1.1739098413072946
30.000000,174.99999999115425,74.999999996208956,1.8845181774798145,-1998.1154818225202,1.8845181774798145,-1.1257817791599976,-1.1257817791599976
30.000000,174.99999999115425,75.999999996158394,1.928679812512798,-1998.0713201874871,1.928679812512798,-1.0816201441270141,-1.0816201441270141
30.000000,174.99999999115425,76.999999996107846,1.9688850132147218,-1998.0311149867853,1.9688850132147218,-1.0414149434250903,-1.0414149434250903
30.000000,174.99999999115425,77.999999996057298,2.0051430075787069,-1997.9948569924213,2.0051430075787069,-1.0051569490611052,-1.0051569490611052
30.000000,174.99999999115425,78.99999999600675,2.0374623349954408,-1997.9625376650044,2.0374623349954408,-0.97283762164437126,-0.97283762164437126
30.000000,174.99999999115425,79.999999995956202,2.0658509154098921,-1997.9341490845902,2.0658509154098921,-0.94444904122992002,-0.94444904122992002
30.000000,174.99999999115425,80.99999999590564,2.0903161117744702,-1997.9096838882256,2.0903161117744702,-0.9199838448653419,-0.9199838448653419
30.000000,174.99999999115425,81.999999995855092,2.1108647860901,-1997.8891352139099,2.1108647860901,-0.89943517054971212,-0.89943517054971212
30.000000,174.99999999115425,82.999999995804544,2.1275033492929181,-1997.872496650707,2.1275033492929181,-0.88279660734689402,-0.88279660734689402
30.000000,174.99999999115425,83.999999995753996,2.1402378052133133,-1997.8597621947868,2.1402378052133133,-0.87006215142649879,-0.87006215142649879
30.000000,174.99999999115425,84.999999995703433,2.1490737888050218,-1997.850926211195,2.1490737888050218,-0.86122616783479033,-0.86122616783479033
30.000000,174.99999999115425,85.999999995652885,2.154016598814648,-1997.8459834011853,2.154016598814648,-0.85628335782516407,-0.85628335782516407
30.000000,174.99999999115425,86.999999995602337,2.1550712250363242,-1997.8449287749636,2.1550712250363242,-0.85522873160348789,-0.85522873160348789
30.000000,174.99999999115425,87.999999995551789,2.1522423702717224,-1997.8477576297282,2.1522423702717224,-0.85805758636808971,-0.85805758636808971
30.000000,174.99999999115425,88.999999995501241,2.1455344670922445,-1997.8544655329079,2.1455344670922445,-0.8647654895475676,-0.8647654895475676
30.000000,174.99999999115425,89.999999995450679,2.1349516894776119,-1997.8650483105223,2.1349516894776119,-0.87534826716220016,-0.87534826716220016
30.000000,179.99999999090153,0,-999.99000000000001,-2999.9899999999998,-999.99000000000001,-1003.0002999566398,-1003.0002999566398
30.000000,179.99999999090153,0.99999999994945232,-34.383566057366146,-2034.3835660573661,-34.383566057366146,-37.393866014005958,-37.393866014005958
30.000000,179.99999999090153,1.9999999998989046,-28.362661395492509,-2028.3626613954925,-28.362661395492509,-31.372961352132322,-31.372961352132322
30.000000,179.99999999090153,2.9999999998483573,-24.840331284217825,-2024.8403312842179,-24.840331284217825,-27.850631240857638,-27.850631240857638
30.000000,179.99999999090153,3.9999999997978093,-22.34085591141627,-2022.3408559114164,-22.34085591141627,-25.351155868056082,-25.351155868056082
30.000000,179.99999999090153,4.9999999997472617,-20.401765549389907,-2020.4017655493899,-20.401765549389907,-23.41206550602972,-23.41206550602972
30.000000,179.99999999090153,5.9999999996967137,-18.817069082494438,-2018.8170690824945,-18.817069082494438,-21.827369039134251,-21.827369039134251
30.000000,179.99999999090153,6.9999999996461657,-17.476890071804608,-2017.4768900718045,-17.476890071804608,-20.48719002844442,-20.48719002844442
30.000000,179.99999999090153,7.9999999995956186,-16.315647752827982,-2016.315647752828,-16.315647752827982,-19.325947709467794,-19.325947709467794
30.000000,179.99999999090153,8.9999999995450715,-15.291046994024061,-2015.2910469940241,-15.291046994024061,-18.301346950663874,-18.301346950663874
30.000000,179.99999999090153,9.9999999994945235,-14.374214872112475,-2014.3742148721126,-14.374214872112475,-17.384514828752287,-17.384514828752287
30.000000,179.99999999090153,10.999999999443975,-13.544563461584143,-2013.5445634615842,-13.544563461584143,-16.554863418223956,-16.554863418223956
30.000000,179.99999999090153,11.999999999393427,-12.786897391854431,-2012.7868973918544,-12.786897391854431,-15.797197348494244,-15.797197348494244
30.000000,179.99999999090153,12.999999999342879,-12.089683140982467,-2012.0896831409825,-12.089683140982467,-15.09998309762228,-15.09998309762228
30.000000,179.99999999090153,13.999999999292331,-11.443961532122653,-2011.4439615321226,-11.443961532122653,-14.454261488762466,-14.454261488762466
30.000000,179.99999999090153,14.999999999241785,-10.842636318685297,-2010.8426363186852,-10.842636318685297,-13.85293627532511,-13.85293627532511
30.000000,179.99999999090153,15.999999999191237,-10.279992824813791,-2010.2799928248137,-10.279992824813791,-13.290292781453603,-13.290292781453603
30.000000,179.99999999090153,16.999999999140691,-9.7513627599945565,-2009.7513627599947,-9.7513627599945565,-12.761662716634369,-12.761662716634369
30.000000,179.99999999090153,17.999999999090143,-9.2528849728933373,-2009.2528849728933,-9.2528849728933373,-12.26318492953315,-12.26318492953315
30.000000,179.99999999090153,18.999999999039595,-8.7813309640903192,-2008.7813309640903,-8.7813309640903192,-11.791630920730132,-11.791630920730132
30.000000,179.99999999090153,19.999999998989047,-8.3339751947745597,-2008.3339751947747,-8.3339751947745597,-11.344275151414372,-11.344275151414372
30.000000,179.99999999090153,20.999999998938499,-7.9084970583907399,-2007.9084970583908,-7.9084970583907399,-10.918797015030552,-10.918797015030552
30.000000,179.99999999090153,21.999999998887951,-7.5029056656199984,-2007.5029056656199,-7.5029056656199984,-10.513205622259811,-10.513205622259811
30.000000,179.99999999090153,22.999999998837403,-7.1154813506869585,-2007.1154813506869,-7.1154813506869585,-10.12578130732677,-10.12578130732677
30.000000,179.99999999090153,23.999999998786855,-6.7447296242718018,-2006.7447296242717,-6.7447296242718018,-9.7550295809116143,-9.7550295809116143
30.000000,179.99999999090153,24.999999998736307,-6.3893445212932418,-2006.3893445212932,-6.3893445212932418,-9.3996444779330535,-9.3996444779330535
30.000000,179.99999999090153,25.999999998685759,-6.0481791306006558,-2006.0481791306006,-6.0481791306006558,-9.0584790872404675,-9.0584790872404675
30.000000,179.99999999090153,26.999999998635211,-5.7202216788485218,-2005.7202216788485,-5.7202216788485218,-8.7305216354883335,-8.7305216354883335
30.000000,179.99999999090153,27.999999998584663,-5.4045759556107056,-2005.4045759556107,-5.4045759556107056,-8.4148759122505172,-8.4148759122505172
30.000000,179.99999999090153,28.999999998534115,-5.1004451650186269,-2005.1004451650185,-5.1004451650186269,-8.1107451216584394,-8.1107451216584394
30.000000,179.99999999090153,29.99999999848357,-4.8071185064765674,-2004.8071185064766,-4.8071185064765674,-7.817418463116379,-7.817418463116379
30.000000,179.99999999090153,30.999999998433026,-4.5239599472338989,-2004.5239599472338,-4.5239599472338989,-7.5342599038737106,-7.5342599038737106
30.000000,179.99999999090153,31.999999998382481,-4.2503987690913263,-2004.2503987690914,-4.2503987690913263,-7.2606987257311388,-7.2606987257311388
30.000000,179.99999999090153,32.999999998331937,-3.9859215615762897,-2003.9859215615763,-3.9859215615762897,-6.9962215182161014,-6.9962215182161014
30.000000,179.99999999090153,33.999999998281389,-3.7300654024562903,-2003.7300654024564,-3.7300654024562903,-6.7403653590961028,-6.7403653590961028
30.000000,179.99999999090153,34.999999998230848,-3.4824120190889758,-2003.482412019089,-3.4824120190889758,-6.4927119757287883,-6.4927119757287883
30.000000,179.99999999090153,35.9999999981803,-3.2425827648678611,-2003.2425827648678,-3.2425827648678611,-6.2528827215076728,-6.2528827215076728
30.000000,179.99999999090153,36.999999998129759,-3.0102342768427754,-2003.0102342768428,-3.0102342768427754,-6.0205342334825875,-6.0205342334825875
30.000000,179.99999999090153,37.999999998079211,-2.7850547056206358,-2002.7850547056207,-2.7850547056206358,-5.7953546622604479,-5.7953546622604479
30.000000,179.99999999090153,38.99999999802867,-2.5667604284744745,-2002.5667604284745,-2.5667604284744745,-5.5770603851142866,-5.5770603851142866
30.000000,179.99999999090153,39.999999997978122,-2.3550931723934374,-2002.3550931723935,-2.3550931723934374,-5.3653931290332491,-5.3653931290332491
30.000000,179.99999999090153,40.999999997927581,-2.1498174864865103,-2002.1498174864864,-2.1498174864865103,-5.1601174431263228,-5.1601174431263228
30.000000,179.99999999090153,41.999999997877033,-1.9507185133866456,-2001.9507185133866,-1.9507185133866456,-4.9610184700264579,-4.9610184700264579
30.000000,179.99999999090153,42.999999997826492,-1.7576000176076423,-2001.7576000176077,-1.7576000176076423,-4.7678999742474542,-4.7678999742474542
30.000000,179.99999999090153,43.999999997775944,-1.5702826355829975,-2001.570282635583,-1.5702826355829975,-4.5805825922228092,-4.5805825922228092
30.000000,179.99999999090153,44.999999997725396,-1.3886023176730553,-2001.3886023176731,-1.3886023176730553,-4.3989022743128672,-4.3989022743128672
30.000000,179.99999999090153,45.999999997674855,-1.2124089370062154,-2001.2124089370061,-1.2124089370062154,-4.2227088936460273,-4.2227088936460273
30.000000,179.99999999090153,46.999999997624307,-1.0415650438098734,-2001.0415650438099,-1.0415650438098734,-4.0518650004496859,-4.0518650004496859
30.000000,179.99999999090153,47.999999997573767,-0.87594474703838943,-2000.8759447470384,-0.87594474703838943,-3.8862447036782015,-3.8862447036782015
30.000000,179.99999999090153,48.999999997523219,-0.71543270773595924,-2000.715432707736,-0.71543270773595924,-3.7257326643757711,-3.7257326643757711
30.000000,179.99999999090153,49.999999997472678,-0.55992323077701822,-2000.559923230777,-0.55992323077701822,-3.5702231874168304,-3.5702231874168304
30.000000,179.99999999090153,50.99999999742213,-0.40931944348230337,-2000.4093194434822,-0.40931944348230337,-3.4196194001221154,-3.4196194001221154
30.000000,179.99999999090153,51.999999997371589,-0.26353255117485674,-2000.2635325511749,-0.26353255117485674,-3.2738325078146691,-3.2738325078146691
30.000000,179.99999999090153,52.999999997321041,-0.1224811610678664,-2000.1224811610678,-0.1224811610678664,-3.1327811177076783,-3.1327811177076783
30.000000,179.99999999090153,53.9999999972705,0.013909332995200356,-1999.9860906670049,0.013909332995200356,-2.9963906236446118,-2.9963906236446118
30.000000,179.99999999090153,54.999999997219952,0.14570731146507562,-1999.854292688535,0.14570731146507562,-2.8645926451747363,-2.8645926451747363
30.000000,179.99999999090153,55.999999997169411,0.27297544136892304,-1999.727024558631,0.27297544136892304,-2.7373245152708892,-2.7373245152708892
30.000000,179.99999999090153,56.999999997118863,0.3957711449366183,-1999.6042288550634,0.3957711449366183,-2.614528811703194,-2.614528811703194
30.000000,179.99999999090153,57.999999997068315,0.51414702894883668,-1999.4858529710511,0.51414702894883668,-2.4961529276909755,-2.4961529276909755
30.000000,179.99999999090153,58.999999997017767,0.62815127865962639,-1999.3718487213405,0.62815127865962639,-2.3821486779801857,-2.3821486779801857
30.000000,179.99999999090153,59.999999996967219,0.73782801969144485,-1999.2621719803085,0.73782801969144485,-2.2724719369483672,-2.2724719369483672
30.000000,179.99999999090153,60.999999996916664,0.84321765090638212,-1999.1567823490936,0.84321765090638212,-2.1670823057334299,-2.1670823057334299
30.000000,179.99999999090153,61.999999996866116,0.94435715091389349,-1999.0556428490861,0.94435715091389349,-2.0659428057259186,-2.0659428057259186
30.000000,179.99999999090153,62.999999996815561,1.0412803605761247,-1998.9587196394239,1.0412803605761247,-1.9690195960636874,-1.9690195960636874
30.000000,179.99999999090153,63.999999996765013,1.1340182436101185,-1998.8659817563898,1.1340182436101185,-1.8762817130296936,-1.8762817130296936
30.000000,179.99999999090153,64.999999996714465,1.2225991271566381,-1998.7774008728434,1.2225991271566381,-1.787700829483174,-1.787700829483174
30.000000,179.99999999090153,65.999999996663917,1.3070489239838845,-1998.692951076016,1.3070489239838845,-1.7032510326559276,-1.7032510326559276
30.000000,179.99999999090153,66.999999996613354,1.3873913378166023,-1998.6126086621834,1.3873913378166023,-1.6229086188232098,-1.6229086188232098
30.000000,179.99999999090153,67.999999996562806,1.4636480531244291,-1998.5363519468756,1.4636480531244291,-1.546651903515383,-1.546651903515383
30.000000,179.99999999090153,68.999999996512258,1.5358389105644519,-1998.4641610894355,1.5358389105644519,-1.4744610460753602,-1.4744610460753602
30.000000,179.99999999090153,69.99999999646171,1.6039820691499573,-1998.3960179308501,1.6039820691499573,-1.4063178874898548,-1.4063178874898548
30.000000,179.99999999090153,70.999999996411148,1.6680941561077849,-1998.3319058438922,1.6680941561077849,-1.3422058005320272,-1.3422058005320272
30.000000,179.99999999090153,71.9999999963606,1.7281904052891817,-1998.2718095947109,1.7281904052891817,-1.2821095513506304,-1.2821095513506304
30.000000,179.99999999090153,72.999999996310052,1.784284784911832,-1998.2157152150883,1.784284784911832,-1.2260151717279801,-1.2260151717279801
30.000000,179.99999999090153,73.999999996259504,1.8363901153325175,-1998.1636098846675,1.8363901153325175,-1.1739098413072946,-1.1739098413072946
30.000000,179.99999999090153,74.999999996208956,1.8845181774798145,-1998.1154818225202,1.8845181774798145,-1.1257817791599976,-1.1257817791599976
30.000000,179.99999999090153,75.999999996158394,1.928679812512798,-1998.0713201874871,1.928679812512798,-1.0816201441270141,-1.0816201441270141
30.000000,179.99999999090153,76.999999996107846,1.9688850132147218,-1998.0311149867853,1.9688850132147218,-1.0414149434250903,-1.0414149434250903
30.000000,179.99999999090153,77.999999996057298,2.0051430075787069,-1997.9948569924213,2.0051430075787069,-1.0051569490611052,-1.0051569490611052
30.000000,179.99999999090153,78.99999999600675,2.0374623349954408,-1997.9625376650044,2.0374623349954408,-0.97283762164437126,-0.97283762164437126
30.000000,179.99999999090153,79.999999995956202,2.0658509154098921,-1997.9341490845902,2.0658509154098921,-0.94444904122992002,-0.94444904122992002
30.000000,179.99999999090153,80.99999999590564,2.0903161117744702,-1997.9096838882256,2.0903161117744702,-0.9199838448653419,-0.9199838448653419
30.000000,179.99999999090153,81.999999995855092,2.1108647860901,-1997.8891352139099,2.1108647860901,-0.89943517054971212,-0.89943517054971212
30.000000,179.99999999090153,82.999999995804544,2.1275033492929181,-1997.872496650707,2.1275033492929181,-0.88279660734689402,-0.88279660734689402
30.000000,179.99999999090153,83.999999995753996,2.1402378052133133,-1997.8597621947868,2.1402378052133133,-0.87006215142649879,-0.87006215142649879
30.000000,179.99999999090153,84.999999995703433,2.1490737888050218,-1997.850926211195,2.1490737888050218,-0.86122616783479033,-0.86122616783479033
30.000000,179.99999999090153,85.999999995652885,2.154016598814648,-1997.8459834011853,2.154016598814648,-0.85628335782516407,-0.85628335782516407
30.000000,179.99999999090153,86.999999995602337,2.1550712250363242,-1997.8449287749636,2.1550712250363242,-0.85522873160348789,-0.85522873160348789
30.000000,179.99999999090153,87.999999995551789,2.1522423702717224,-1997.8477576297282,2.1522423702717224,-0.85805758636808971,-0.85805758636808971
30.000000,179.99999999090153,88.999999995501241,2.1455344670922445,-1997.8544655329079,2.1455344670922445,-0.8647654895475676,-0.8647654895475676
30.000000,179.99999999090153,89.999999995450679,2.1349516894776119,-1997.8650483105223,2.1349516894776119,-0.87534826716220016,-0.87534826716220016
30.000000,184.9999999906488,0,-999.99000000000001,-2999.9899999999998,-999.99000000000001,-1003.0002999566398,-1003.0002999566398
30.000000,184.9999999906488,0.99999999994945232,-34.383566057366146,-2034.3835660573661,-34.383566057366146,-37.393866014005958,-37.393866014005958
30.000000,184.9999999906488,1.9999999998989046,-28.362661395492509,-2028.3626613954925,-28.362661395492509,-31.372961352132322,-31.372961352132322
30.000000,184.9999999906488,2.9999999998483573,-24.840331284217825,-2024.8403312842179,-24.840331284217825,-27.850631240857638,-27.850631240857638
30.000000,184.9999999906488,3.9999999997978093,-22.34085591141627,-2022.3408559114164,-22.34085591141627,-25.351155868056082,-25.351155868056082
30.000000,184.9999999906488,4.9999999997472617,-20.401765549389907,-2020.4017655493899,-20.401765549389907,-23.41206550602972,-23.41206550602972
30.000000,184.9999999906488,5.9999999996967137,-18.817069082494438,-2018.8170690824945,-18.817069082494438,-21.827369039134251,-21.827369039134251
30.000000,184.9999999906488,6.9999999996461657,-17.476890071804608,-2017.4768900718045,-17.476890071804608,-20.48719002844442,-20.48719002844442
30.000000,184.9999999906488,7.9999999995956186,-16.315647752827982,-2016.315647752828,-16.315647752827982,-19.325947709467794,-19.325947709467794
30.000000,184.9999999906488,8.9999999995450715,-15.291046994024061,-2015.2910469940241,-15.291046994024061,-18.301346950663874,-18.301346950663874
30.000000,184.9999999906488,9.9999999994945235,-14.374214872112475,-2014.3742148721126,-14.374214872112475,-17.384514828752287,-17.384514828752287
30.000000,184.9999999906488,10.999999999443975,-13.544563461584143,-2013.5445634615842,-13.544563461584143,-16.554863418223956,-16.554863418223956
30.000000,184.9999999906488,11.999999999393427,-12.786897391854431,-2012.7868973918544,-12.786897391854431,-15.797197348494244,-15.797197348494244
30.000000,184.9999999906488,12.999999999342879,-12.089683140982467,-2012.0896831409825,-12.089683140982467,-15.09998309762228,-15.09998309762228
30.000000,184.9999999906488,13.999999999292331,-11.443961532122653,-2011.4439615321226,-11.443961532122653,-14.454261488762466,-14.454261488762466
30.000000,184.9999999906488,14.999999999241785,-10.842636318685297,-2010.8426363186852,-10.842636318685297,-13.85293627532511,-13.85293627532511
30.000000,184.9999999906488,15.999999999191237,-10.279992824813791,-2010.2799928248137,-10.279992824813791,-13.290292781453603,-13.290292781453603
30.000000,184.9999999906488,16.999999999140691,-9.7513627599945565,-2009.7513627599947,-9.7513627599945565,-12.761662716634369,-12.761662716634369
30.000000,184.9999999906488,17.999999999090143,-9.2528849728933373,-2009.2528849728933,-9.2528849728933373,-12.26318492953315,-12.26318492953315
30.000000,184.9999999906488,18.999999999039595,-8.7813309640903192,-2008.7813309640903,-8.7813309640903192,-11.791630920730132,-11.791630920730132
30.000000,184.9999999906488,19.999999998989047,-8.3339751947745597,-2008.3339751947747,-8.3339751947745597,-11.344275151414372,-11.344275151414372
30.000000,184.9999999906488,20.999999998938499,-7.9084970583907399,-2007.9084970583908,-7.9084970583907399,-10.918797015030552,-10.918797015030552
30.000000,184.9999999906488,21.999999998887951,-7.5029056656199984,-2007.5029056656199,-7.5029056656199984,-10.513205622259811,-10.513205622259811
30.000000,184.9999999906488,22.999999998837403,-7.1154813506869585,-2007.1154813506869,-7.1154813506869585,-10.12578130732677,-10.12578130732677
30.000000,184.9999999906488,23.999999998786855,-6.7447296242718018,-2006.7447296242717,-6.7447296242718018,-9.7550295809116143,-9.7550295809116143
30.000000,184.9999999906488,24.999999998736307,-6.3893445212932418,-2006.3893445212932,-6.3893445212932418,-9.3996444779330535,-9.3996444779330535
30.000000,184.9999999906488,25.999999998685759,-6.0481791306006558,-2006.0481791306006,-6.0481791306006558,-9.0584790872404675,-9.0584790872404675
30.000000,184.9999999906488,26.999999998635211,-5.7202216788485218,-2005.7202216788485,-5.7202216788485218,-8.7305216354883335,-8.7305216354883335
30.000000,184.9999999906488,27.999999998584663,-5.4045759556107056,-2005.4045759556107,-5.4045759556107056,-8.4148759122505172,-8.4148759122505172
30.000000,184.9999999906488,28.999999998534115,-5.1004451650186269,-2005.1004451650185,-5.1004451650186269,-8.1107451216584394,-8.1107451216584394
30.000000,184.9999999906488,29.99999999848357,-4.8071185064765674,-2004.8071185064766,-4.8071185064765674,-7.817418463116379,-7.817418463116379
30.000000,184.9999999906488,30.999999998433026,-4.5239599472338989,-2004.5239599472338,-4.5239599472338989,-7.5342599038737106,-7.5342599038737106
30.000000,184.9999999906488,31.999999998382481,-4.2503987690913263,-2004.2503987690914,-4.2503987690913263,-7.2606987257311388,-7.2606987257311388
30.000000,184.9999999906488,32.999999998331937,-3.9859215615762897,-2003.9859215615763,-3.9859215615762897,-6.9962215182161014,-6.9962215182161014
30.000000,184.9999999906488,33.999999998281389,-3.7300654024562903,-2003.7300654024564,-3.7300654024562903,-6.7403653590961028,-6.7403653590961028
30.000000,184.9999999906488,34.999999998230848,-3.4824120190889758,-2003.482412019089,-3.4824120190889758,-6.4927119757287883,-6.4927119757287883
30.000000,184.9999999906488,35.9999999981803,-3.2425827648678611,-2003.2425827648678,-3.2425827648678611,-6.2528827215076728,-6.2528827215076728
30.000000,184.9999999906488,36.999999998129759,-3.0102342768427754,-2003.0102342768428,-3.0102342768427754,-6.0205342334825875,-6.0205342334825875
30.000000,184.9999999906488,37.999999998079211,-2.7850547056206358,-2002.7850547056207,-2.7850547056206358,-5.7953546622604479,-5.7953546622604479
30.000000,184.9999999906488,38.99999999802867,-2.5667604284744745,-2002.5667604284745,-2.5667604284744745,-5.5770603851142866,-5.5770603851142866
30.000000,184.9999999906488,39.999999997978122,-2.3550931723934374,-2002.3550931723935,-2.3550931723934374,-5.3653931290332491,-5.3653931290332491
30.000000,184.9999999906488,40.999999997927581,-2.1498174864865103,-2002.1498174864864,-2.1498174864865103,-5.1601174431263228,-5.1601174431263228
30.000000,184.9999999906488,41.999999997877033,-1.9507185133866456,-2001.9507185133866,-1.9507185133866456,-4.9610184700264579,-4.9610184700264579
30.000000,184.9999999906488,42.999999997826492,-1.7576000176076423,-2001.7576000176077,-1.7576000176076423,-4.7678999742474542,-4.7678999742474542
30.000000,184.9999999906488,43.999999997775944,-1.5702826355829975,-2001.570282635583,-1.5702826355829975,-4.5805825922228092,-4.5805825922228092
30.000000,184.9999999906488,44.999999997725396,-1.3886023176730553,-2001.3886023176731,-1.3886023176730553,-4.3989022743128672,-4.3989022743128672
30.000000,184.9999999906488,45.999999997674855,-1.2124089370062154,-2001.2124089370061,-1.2124089370062154,-4.2227088936460273,-4.2227088936460273
30.000000,184.9999999906488,46.999999997624307,-1.0415650438098734,-2001.0415650438099,-1.0415650438098734,-4.0518650004496859,-4.0518650004496859
30.000000,184.9999999906488,47.999999997573767,-0.87594474703838943,-2000.8759447470384,-0.87594474703838943,-3.8862447036782015,-3.8862447036782015
30.000000,184.9999999906488,48.999999997523219,-0.71543270773595924,-2000.715432707736,-0.71543270773595924,-3.7257326643757711,-3.7257326643757711
30.000000,184.9999999906488,49.999999997472678,-0.55992323077701822,-2000.559923230777,-0.55992323077701822,-3.5702231874168304,-3.5702231874168304
30.000000,184.9999999906488,50.99999999742213,-0.40931944348230337,-2000.4093194434822,-0.40931944348230337,-3.4196194001221154,-3.4196194001221154
30.000000,184.9999999906488,51.999999997371589,-0.26353255117485674,-2000.2635325511749,-0.26353255117485674,-3.2738325078146691,-3.2738325078146691
30.000000,184.9999999906488,52.999999997321041,-0.1224811610678664,-2000.1224811610678,-0.1224811610678664,-3.1327811177076783,-3.1327811177076783
30.000000,184.9999999906488,53.9999999972705,0.013909332995200356,-1999.9860906670049,0.013909332995200356,-2.9963906236446118,-2.9963906236446118
30.000000,184.9999999906488,54.999999997219952,0.14570731146507562,-1999.854292688535,0.14570731146507562,-2.8645926451747363,-2.8645926451747363
30.000000,184.9999999906488,55.999999997169411,0.27297544136892304,-1999.727024558631,0.27297544136892304,-2.7373245152708892,-2.7373245152708892
30.000000,184.9999999906488,56.999999997118863,0.3957711449366183,-1999.6042288550634,0.3957711449366183,-2.614528811703194,-2.614528811703194
30.000000,184.9999999906488,57.999999997068315,0.51414702894883668,-1999.4858529710511,0.51414702894883668,-2.4961529276909755,-2.4961529276909755
30.000000,184.9999999906488,58.999999997017767,0.62815127865962639,-1999.3718487213405,0.62815127865962639,-2.3821486779801857,-2.3821486779801857
30.000000,184.9999999906488,59.999999996967219,0.73782801969144485,-1999.2621719803085,0.73782801969144485,-2.2724719369483672,-2.2724719369483672
30.000000,184.9999999906488,60.999999996916664,0.84321765090638212,-1999.1567823490936,0.84321765090638212,-2.1670823057334299,-2.1670823057334299
30.000000,184.9999999906488,61.999999996866116,0.94435715091389349,-1999.0556428490861,0.94435715091389349,-2.0659428057259186,-2.0659428057259186
30.000000,184.9999999906488,62.999999996815561,1.0412803605761247,-1998.9587196394239,1.0412803605761247,-1.9690195960636874,-1.9690195960636874
30.000000,184.9999999906488,63.999999996765013,1.1340182436101185,-1998.8659817563898,1.1340182436101185,-1.8762817130296936,-1.8762817130296936
30.000000,184.9999999906488,64.999999996714465,1.2225991271566381,-1998.7774008728434,1.2225991271566381,-1.787700829483174,-1.787700829483174
30.000000,184.9999999906488,65.999999996663917,1.3070489239838845,-1998.692951076016,1.3070489239838845,-1.7032510326559276,-1.7032510326559276
30.000000,184.9999999906488,66.999999996613354,1.3873913378166023,-1998.6126086621834,1.3873913378166023,-1.6229086188232098,-1.6229086188232098
30.000000,184.9999999906488,67.999999996562806,1.4636480531244291,-1998.5363519468756,1.4636480531244291,-1.546651903515383,-1.546651903515383
30.000000,184.9999999906488,68.999999996512258,1.5358389105644519,-1998.4641610894355,1.5358389105644519,-1.4744610460753602,-1.4744610460753602
30.000000,184.9999999906488,69.99999999646171,1.6039820691499573,-1998.3960179308501,1.6039820691499573,-1.4063178874898548,-1.4063178874898548
30.000000,184.9999999906488,70.999999996411148,1.6680941561077849,-1998.3319058438922,1.6680941561077849,-1.3422058005320272,-1.3422058005320272
30.000000,184.9999999906488,71.9999999963606,1.7281904052891817,-1998.2718095947109,1.7281904052891817,-1.2821095513506304,-1.2821095513506304
30.000000,184.9999999906488,72.999999996310052,1.784284784911832,-1998.2157152150883,1.784284784911832,-1.2260151717279801,-1.2260151717279801
30.000000,184.9999999906488,73.999999996259504,1.8363901153325175,-1998.1636098846675,1.8363901153325175,-1.1739098413072946,-1.1739098413072946
30.000000,184.9999999906488,74.999999996208956,1.8845181774798145,-1998.1154818225202,1.8845181774798145,-1.1257817791599976,-1.1257817791599976
30.000000,184.9999999906488,75.999999996158394,1.928679812512798,-1998.0713201874871,1.928679812512798,-1.0816201441270141,-1.0816201441270141
30.000000,184.9999999906488,76.999999996107846,1.9688850132147218,-1998.0311149867853,1.9688850132147218,-1.0414149434250903,-1.0414149434250903
30.000000,184.9999999906488,77.999999996057298,2.0051430075787069,-1997.9948569924213,2.0051430075787069,-1.0051569490611052,-1.0051569490611052
30.000000,184.9999999906488,78.99999999600675,2.0374623349954408,-1997.9625376650044,2.0374623349954408,-0.97283762164437126,-0.97283762164437126
30.000000,184.9999999906488,79.999999995956202,2.0658509154098921,-1997.9341490845902,2.0658509154098921,-0.94444904122992002,-0.94444904122992002
30.000000,184.9999999906488,80.99999999590564,2.0903161117744702,-1997.9096838882256,2.0903161117744702,-0.9199838448653419,-0.9199838448653419
30.000000,184.9999999906488,81.999999995855092,2.1108647860901,-1997.8891352139099,2.1108647860901,-0.89943517054971212,-0.89943517054971212
30.000000,184.9999999906488,82.999999995804544,2.1275033492929181,-1997.872496650707,2.1275033492929181,-0.88279660734689402,-0.88279660734689402
30.000000,184.9999999906488,83.999999995753996,2.1402378052133133,-1997.8597621947868,2.1402378052133133,-0.87006215142649879,-0.87006215142649879
30.000000,184.9999999906488,84.999999995703433,2.1490737888050218,-1997.850926211195,2.1490737888050218,-0.86122616783479033,-0.86122616783479033
30.000000,184.9999999906488,85.999999995652885,2.154016598814648,-1997.8459834011853,2.154016598814648,-0.85628335782516407,-0.85628335782516407
30.000000,184.9999999906488,86.999999995602337,2.1550712250363242,-1997.8449287749636,2.1550712250363242,-0.85522873160348789,-0.85522873160348789
30.000000,184.9999999906488,87.999999995551789,2.1522423702717224,-1997.8477576297282,2.1522423702717224,-0.85805758636808971,-0.85805758636808971
30.000000,184.9999999906488,88.999999995501241,2.1455344670922445,-1997.8544655329079,2.1455344670922445,-0.8647654895475676,-0.8647654895475676
30.000000,184.9999999906488,89.999999995450679,2.1349516894776119,-1997.8650483105223,2.1349516894776119,-0.87534826716220016,-0.87534826716220016
30.000000,189.99999999039605,0,-999.99000000000001,-2999.9899999999998,-999.99000000000001,-1003.0002999566398,-1003.0002999566398
30.000000,189.99999999039605,0.99999999994945232,-34.383566057366146,-2034.3835660573661,-34.383566057366146,-37.393866014005958,-37.393866014005958
30.000000,189.99999999039605,1.9999999998989046,-28.362661395492509,-2028.3626613954925,-28.362661395492509,-31.372961352132322,-31.372961352132322
30.000000,189.99999999039605,2.9999999998483573,-24.840331284217825,-2024.8403312842179,-24.840331284217825,-27.850631240857638,-27.850631240857638
30.000000,189.99999999039605,3.9999999997978093,-22.34085591141627,-2022.3408559114164,-22.34085591141627,-25.351155868056082,-25.351155868056082
30.000000,189.99999999039605,4.9999999997472617,-20.401765549389907,-2020.4017655493899,-20.401765549389907,-23.41206550602972,-23.41206550602972
30.000000,189.99999999039605,5.9999999996967137,-18.817069082494438,-2018.8170690824945,-18.817069082494438,-21.827369039134251,-21.827369039134251
30.000000,189.99999999039605,6.9999999996461657,-17.476890071804608,-2017.4768900718045,-17.476890071804608,-20.48719002844442,-20.48719002844442
30.000000,189.99999999039605,7.9999999995956186,-16.315647752827982,-2016.315647752828,-16.315647752827982,-19.325947709467794,-19.325947709467794
30.000000,189.99999999039605,8.9999999995450715,-15.291046994024061,-2015.2910469940241,-15.291046994024061,-18.301346950663874,-18.301346950663874
30.000000,189.99999999039605,9.9999999994945235,-14.374214872112475,-2014.3742148721126,-14.374214872112475,-17.384514828752287,-17.384514828752287
30.000000,189.99999999039605,10.999999999443975,-13.544563461584143,-2013.5445634615842,-13.544563461584143,-16.554863418223956,-16.554863418223956
30.000000,189.99999999039605,11.999999999393427,-12.786897391854431,-2012.7868973918544,-12.786897391854431,-15.797197348494244,-15.797197348494244
30.000000,189.99999999039605,12.999999999342879,-12.089683140982467,-2012.0896831409825,-12.089683140982467,-15.09998309762228,-15.09998309762228
30.000000,189.99999999039605,13.999999999292331,-11.443961532122653,-2011.4439615321226,-11.443961532122653,-14.454261488762466,-14.454261488762466
30.000000,189.99999999039605,14.999999999241785,-10.842636318685297,-2010.8426363186852,-10.842636318685297,-13.85293627532511,-13.85293627532511
30.000000,189.99999999039605,15.999999999191237,-10.279992824813791,-2010.2799928248137,-10.279992824813791,-13.290292781453603,-13.290292781453603
30.000000,189.99999999039605,16.999999999140691,-9.7513627599945565,-2009.7513627599947,-9.7513627599945565,-12.761662716634369,-12.761662716634369
30.000000,189.99999999039605,17.999999999090143,-9.2528849728933373,-2009.2528849728933,-9.2528849728933373,-12.26318492953315,-12.26318492953315
30.000000,189.99999999039605,18.999999999039595,-8.7813309640903192,-2008.7813309640903,-8.7813309640903192,-11.791630920730132,-11.791630920730132
30.000000,189.99999999039605,19.999999998989047,-8.3339751947745597,-2008.3339751947747,-8.3339751947745597,-11.344275151414372,-11.344275151414372
30.000000,189.99999999039605,20.999999998938499,-7.9084970583907399,-2007.9084970583908,-7.9084970583907399,-10.918797015030552,-10.918797015030552
30.000000,189.99999999039605,21.999999998887951,-7.5029056656199984,-2007.5029056656199,-7.5029056656199984,-10.513205622259811,-10.513205622259811
30.000000,189.99999999039605,22.999999998837403,-7.1154813506869585,-2007.1154813506869,-7.1154813506869585,-10.12578130732677,-10.12578130732677
30.000000,189.99999999039605,23.999999998786855,-6.7447296242718018,-2006.7447296242717,-6.7447296242718018,-9.7550295809116143,-9.7550295809116143
30.000000,189.99999999039605,24.999999998736307,-6.3893445212932418,-2006.3893445212932,-6.3893445212932418,-9.3996444779330535,-9.3996444779330535
30.000000,189.99999999039605,25.999999998685759,-6.0481791306006558,-2006.0481791306006,-6.0481791306006558,-9.0584790872404675,-9.0584790872404675
30.000000,189.99999999039605,26.999999998635211,-5.7202216788485218,-2005.7202216788485,-5.7202216788485218,-8.7305216354883335,-8.7305216354883335
30.000000,189.99999999039605,27.999999998584663,-5.4045759556107056,-2005.4045759556107,-5.4045759556107056,-8.4148759122505172,-8.4148759122505172
30.000000,189.99999999039605,28.999999998534115,-5.1004451650186269,-2005.1004451650185,-5.1004451650186269,-8.1107451216584394,-8.1107451216584394
30.000000,189.99999999039605,29.99999999848357,-4.8071185064765674,-2004.8071185064766,-4.8071185064765674,-7.817418463116379,-7.817418463116379
30.000000,189.99999999039605,30.999999998433026,-4.5239599472338989,-2004.5239599472338,-4.5239599472338989,-7.5342599038737106,-7.5342599038737106
30.000000,189.99999999039605,31.999999998382481,-4.2503987690913263,-2004.2503987690914,-4.2503987690913263,-7.2606987257311388,-7.2606987257311388
30.000000,189.99999999039605,32.999999998331937,-3.9859215615762897,-2003.9859215615763,-3.9859215615762897,-6.9962215182161014,-6.9962215182161014
30.000000,189.99999999039605,33.999999998281389,-3.7300654024562903,-2003.7300654024564,-3.7300654024562903,-6.7403653590961028,-6.7403653590961028
30.000000,189.99999999039605,34.999999998230848,-3.4824120190889758,-2003.482412019089,-3.4824120190889758,-6.4927119757287883,-6.4927119757287883
30.000000,189.99999999039605,35.9999999981803,-3.2425827648678611,-2003.2425827648678,-3.2425827648678611,-6.2528827215076728,-6.2528827215076728
30.000000,189.99999999039605,36.999999998129759,-3.0102342768427754,-2003.0102342768428,-3.0102342768427754,-6.0205342334825875,-6.0205342334825875
30.000000,189.99999999039605,37.999999998079211,-2.7850547056206358,-2002.7850547056207,-2.7850547056206358,-5.7953546622604479,-5.7953546622604479
30.000000,189.99999999039605,38.99999999802867,-2.5667604284744745,-2002.5667604284745,-2.5667604284744745,-5.5770603851142866,-5.5770603851142866
30.000000,189.99999999039605,39.999999997978122,-2.3550931723934374,-2002.3550931723935,-2.3550931723934374,-5.3653931290332491,-5.3653931290332491
30.000000,189.99999999039605,40.999999997927581,-2.1498174864865103,-2002.1498174864864,-2.1498174864865103,-5.1601174431263228,-5.1601174431263228
30.000000,189.99999999039605,41.999999997877033,-1.9507185133866456,-2001.9507185133866,-1.9507185133866456,-4.9610184700264579,-4.9610184700264579
30.000000,189.99999999039605,42.999999997826492,-1.7576000176076423,-2001.7576000176077,-1.7576000176076423,-4.7678999742474542,-4.7678999742474542
30.000000,189.99999999039605,43.999999997775944,-1.5702826355829975,-2001.570282635583,-1.5702826355829975,-4.5805825922228092,-4.5805825922228092
30.000000,189.99999999039605,44.999999997725396,-1.3886023176730553,-2001.3886023176731,-1.3886023176730553,-4.3989022743128672,-4.3989022743128672
30.000000,189.99999999039605,45.999999997674855,-1.2124089370062154,-2001.2124089370061,-1.2124089370062154,-4.2227088936460273,-4.2227088936460273
30.000000,189.99999999039605,46.999999997624307,-1.0415650438098734,-2001.0415650438099,-1.0415650438098734,-4.0518650004496859,-4.0518650004496859
30.000000,189.99999999039605,47.999999997573767,-0.87594474703838943,-2000.8759447470384,-0.87594474703838943,-3.8862447036782015,-3.8862447036782015
30.000000,189.99999999039605,48.999999997523219,-0.71543270773595924,-2000.715432707736,-0.71543270773595924,-3.7257326643757711,-3.7257326643757711
30.000000,189.99999999039605,49.999999997472678,-0.55992323077701822,-2000.559923230777,-0.55992323077701822,-3.5702231874168304,-3.5702231874168304
30.000000,189.99999999039605,50.99999999742213,-0.40931944348230337,-2000.4093194434822,-0.40931944348230337,-3.4196194001221154,-3.4196194001221154
30.000000,189.99999999039605,51.999999997371589,-0.26353255117485674,-2000.2635325511749,-0.26353255117485674,-3.2738325078146691,-3.2738325078146691
30.000000,189.99999999039605,52.999999997321041,-0.1224811610678664,-2000.1224811610678,-0.1224811610678664,-3.1327811177076783,-3.1327811177076783
30.000000,189.99999999039605,53.9999999972705,0.013909332995200356,-1999.9860906670049,0.013909332995200356,-2.9963906236446118,-2.9963906236446118
30.000000,189.99999999039605,54.999999997219952,0.14570731146507562,-1999.854292688535,0.14570731146507562,-2.8645926451747363,-2.8645926451747363
30.000000,189.99999999039605,55.999999997169411,0.27297544136892304,-1999.727024558631,0.27297544136892304,-2.7373245152708892,-2.7373245152708892
30.000000,189.99999999039605,56.999999997118863,0.3957711449366183,-1999.6042288550634,0.3957711449366183,-2.614528811703194,-2.614528811703194
30.000000,189.99999999039605,57.999999997068315,0.51414702894883668,-1999.4858529710511,0.51414702894883668,-2.4961529276909755,-2.4961529276909755
30.000000,189.99999999039605,58.999999997017767,0.62815127865962639,-1999.3718487213405,0.62815127865962639,-2.3821486779801857,-2.3821486779801857
30.000000,189.99999999039605,59.999999996967219,0.73782801969144485,-1999.2621719803085,0.73782801969144485,-2.2724719369483672,-2.2724719369483672
30.000000,189.99999999039605,60.999999996916664,0.84321765090638212,-1999.1567823490936,0.84321765090638212,-2.1670823057334299,-2.1670823057334299
30.000000,189.99999999039605,61.999999996866116,0.94435715091389349,-1999.0556428490861,0.94435715091389349,-2.0659428057259186,-2.0659428057259186
30.000000,189.99999999039605,62.999999996815561,1.0412803605761247,-1998.9587196394239,1.0412803605761247,-1.9690195960636874,-1.9690195960636874
30.000000,189.99999999039605,63.999999996765013,1.1340182436101185,-1998.8659817563898,1.1340182436101185,-1.8762817130296936,-1.8762817130296936
30.000000,189.99999999039605,64.999999996714465,1.2225991271566381,-1998.7774008728434,1.2225991271566381,-1.787700829483174,-1.787700829483174
30.000000,189.99999999039605,65.999999996663917,1.3070489239838845,-1998.692951076016,1.3070489239838845,-1.7032510326559276,-1.7032510326559276
30.000000,189.99999999039605,66.999999996613354,1.3873913378166023,-1998.6126086621834,1.3873913378166023,-1.6229086188232098,-1.6229086188232098
30.000000,189.99999999039605,67.999999996562806,1.4636480531244291,-1998.5363519468756,1.4636480531244291,-1.546651903515383,-1.546651903515383
30.000000,189.99999999039605,68.999999996512258,1.5358389105644519,-1998.4641610894355,1.5358389105644519,-1.4744610460753602,-1.4744610460753602
30.000000,189.99999999039605,69.99999999646171,1.6039820691499573,-1998.3960179308501,1.6039820691499573,-1.4063178874898548,-1.4063178874898548
30.000000,189.99999999039605,70.999999996411148,1.6680941561077849,-1998.3319058438922,1.6680941561077849,-1.3422058005320272,-1.3422058005320272
30.000000,189.99999999039605,71.9999999963606,1.7281904052891817,-1998.2718095947109,1.7281904052891817,-1.2821095513506304,-1.2821095513506304
30.000000,189.99999999039605,72.999999996310052,1.784284784911832,-1998.2157152150883,1.784284784911832,-1.2260151717279801,-1.2260151717279801
30.000000,189.99999999039605,73.999999996259504,1.8363901153325175,-1998.1636098846675,1.8363901153325175,-1.1739098413072946,-1.1739098413072946
30.000000,189.99999999039605,74.999999996208956,1.8845181774798145,-1998.1154818225202,1.8845181774798145,-1.1257817791599976,-1.1257817791599976
30.000000,189.99999999039605,75.999999996158394,1.928679812512798,-1998.0713201874871,1.928679812512798,-1.0816201441270141,-1.0816201441270141
30.000000,189.99999999039605,76.999999996107846,1.9688850132147218,-1998.0311149867853,1.9688850132147218,-1.0414149434250903,-1.0414149434250903
30.000000,189.99999999039605,77.999999996057298,2.0051430075787069,-1997.9948569924213,2.0051430075787069,-1.0051569490611052,-1.0051569490611052
30.000000,189.99999999039605,78.99999999600675,2.0374623349954408,-1997.9625376650044,2.0374623349954408,-0.97283762164437126,-0.97283762164437126
30.000000,189.99999999039605,79.999999995956202,2.0658509154098921,-1997.9341490845902,2.0658509154098921,-0.94444904122992002,-0.94444904122992002
30.000000,189.99999999039605,80.99999999590564,2.0903161117744702,-1997.9096838882256,2.0903161117744702,-0.9199838448653419,-0.9199838448653419
30.000000,189.99999999039605,81.999999995855092,2.1108647860901,-1997.8891352139099,2.1108647860901,-0.89943517054971212,-0.89943517054971212
30.000000,189.99999999039605,82.999999995804544,2.1275033492929181,-1997.872496650707,2.1275033492929181,-0.88279660734689402,-0.88279660734689402
30.000000,189.99999999039605,83.999999995753996,2.1402378052133133,-1997.8597621947868,2.1402378052133133,-0.87006215142649879,-0.87006215142649879
30.000000,189.99999999039605,84.999999995703433,2.1490737888050218,-1997.850926211195,2.1490737888050218,-0.86122616783479033,-0.86122616783479033
30.000000,189.99999999039605,85.999999995652885,2.154016598814648,-1997.8459834011853,2.154016598814648,-0.85628335782516407,-0.85628335782516407
30.000000,189.99999999039605,86.999999995602337,2.1550712250363242,-1997.8449287749636,2.1550712250363242,-0.85522873160348789,-0.85522873160348789
30.000000,189.99999999039605,87.999999995551789,2.1522423702717224,-1997.8477576297282,2.1522423702717224,-0.85805758636808971,-0.85805758636808971
30.000000,189.99999999039605,88.999999995501241,2.1455344670922445,-1997.8544655329079,2.1455344670922445,-0.8647654895475676,-0.8647654895475676
30.000000,189.99999999039605,89.999999995450679,2.1349516894776119,-1997.8650483105223,2.1349516894776119,-0.87534826716220016,-0.87534826716220016
30.000000,194.99999999014332,0,-999.99000000000001,-2999.9899999999998,-999.99000000000001,-1003.0002999566398,-1003.0002999566398
30.000000,194.99999999014332,0.99999999994945232,-34.383566057366146,-2034.3835660573661,-34.383566057366146,-37.393866014005958,-37.393866014005958
30.000000,194.99999999014332,1.9999999998989046,-28.362661395492509,-2028.3626613954925,-28.362661395492509,-31.372961352132322,-31.372961352132322
30.000000,194.99999999014332,2.9999999998483573,-24.840331284217825,-2024.8403312842179,-24.840331284217825,-27.850631240857638,-27.850631240857638
30.000000,194.99999999014332,3.9999999997978093,-22.34085591141627,-2022.3408559114164,-22.34085591141627,-25.351155868056082,-25.351155868056082
30.000000,194.99999999014332,4.9999999997472617,-20.401765549389907,-2020.4017655493899,-20.401765549389907,-23.41206550602972,-23.41206550602972
30.000000,194.99999999014332,5.9999999996967137,-18.817069082494438,-2018.8170690824945,-18.817069082494438,-21.827369039134251,-21.827369039134251
30.000000,194.99999999014332,6.9999999996461657,-17.476890071804608,-2017.4768900718045,-17.476890071804608,-20.48719002844442,-20.48719002844442
30.000000,194.99999999014332,7.9999999995956186,-16.315647752827982,-2016.315647752828,-16.315647752827982,-19.325947709467794,-19.325947709467794
30.000000,194.99999999014332,8.9999999995450715,-15.291046994024061,-2015.2910469940241,-15.291046994024061,-18.301346950663874,-18.301346950663874
30.000000,194.99999999014332,9.9999999994945235,-14.374214872112475,-2014.3742148721126,-14.374214872112475,-17.384514828752287,-17.384514828752287
30.000000,194.99999999014332,10.999999999443975,-13.544563461584143,-2013.5445634615842,-13.544563461584143,-16.554863418223956,-16.554863418223956
30.000000,194.99999999014332,11.999999999393427,-12.786897391854431,-2012.7868973918544,-12.786897391854431,-15.797197348494244,-15.797197348494244
30.000000,194.99999999014332,12.999999999342879,-12.089683140982467,-2012.0896831409825,-12.089683140982467,-15.09998309762228,-15.09998309762228
30.000000,194.99999999014332,13.999999999292331,-11.443961532122653,-2011.4439615321226,-11.443961532122653,-14.454261488762466,-14.454261488762466
30.000000,194.99999999014332,14.999999999241785,-10.842636318685297,-2010.8426363186852,-10.842636318685297,-13.85293627532511,-13.85293627532511
30.000000,194.99999999014332,15.999999999191237,-10.279992824813791,-2010.2799928248137,-10.279992824813791,-13.290292781453603,-13.290292781453603
30.000000,194.99999999014332,16.999999999140691,-9.7513627599945565,-2009.7513627599947,-9.7513627599945565,-12.761662716634369,-12.761662716634369
30.000000,194.99999999014332,17.999999999090143,-9.2528849728933373,-2009.2528849728933,-9.2528849728933373,-12.26318492953315,-12.26318492953315
30.000000,194.99999999014332,18.999999999039595,-8.7813309640903192,-2008.7813309640903,-8.7813309640903192,-11.791630920730132,-11.791630920730132
30.000000,194.99999999014332,19.999999998989047,-8.3339751947745597,-2008.3339751947747,-8.3339751947745597,-11.344275151414372,-11.344275151414372
30.000000,194.99999999014332,20.999999998938499,-7.9084970583907399,-2007.9084970583908,-7.9084970583907399,-10.918797015030552,-10.918797015030552
30.000000,194.99999999014332,21.999999998887951,-7.5029056656199984,-2007.5029056656199,-7.5029056656199984,-10.513205622259811,-10.513205622259811
30.000000,194.99999999014332,22.999999998837403,-7.1154813506869585,-2007.1154813506869,-7.1154813506869585,-10.12578130732677,-10.12578130732677
30.000000,194.99999999014332,23.999999998786855,-6.7447296242718018,-2006.7447296242717,-6.7447296242718018,-9.7550295809116143,-9.7550295809116143
30.000000,194.99999999014332,24.999999998736307,-6.3893445212932418,-2006.3893445212932,-6.3893445212932418,-9.3996444779330535,-9.3996444779330535
30.000000,194.99999999014332,25.999999998685759,-6.0481791306006558,-2006.0481791306006,-6.0481791306006558,-9.0584790872404675,-9.0584790872404675
30.000000,194.99999999014332,26.999999998635211,-5.7202216788485218,-2005.7202216788485,-5.7202216788485218,-8.7305216354883335,-8.7305216354883335
30.000000,194.99999999014332,27.999999998584663,-5.4045759556107056,-2005.4045759556107,-5.4045759556107056,-8.4148759122505172,-8.4148759122505172
30.000000,194.99999999014332,28.999999998534115,-5.1004451650186269,-2005.1004451650185,-5.1004451650186269,-8.1107451216584394,-8.1107451216584394
30.000000,194.99999999014332,29.99999999848357,-4.8071185064765674,-2004.8071185064766,-4.8071185064765674,-7.817418463116379,-7.817418463116379
30.000000,194.99999999014332,30.999999998433026,-4.5239599472338989,-2004.5239599472338,-4.5239599472338989,-7.5342599038737106,-7.5342599038737106
30.000000,194.99999999014332,31.999999998382481,-4.2503987690913263,-2004.2503987690914,-4.2503987690913263,-7.2606987257311388,-7.2606987257311388
30.000000,194.99999999014332,32.999999998331937,-3.9859215615762897,-2003.9859215615763,-3.9859215615762897,-6.9962215182161014,-6.9962215182161014
30.000000,194.99999999014332,33.999999998281389,-3.7300654024562903,-2003.7300654024564,-3.7300654024562903,-6.7403653590961028,-6.7403653590961028
30.000000,194.99999999014332,34.999999998230848,-3.4824120190889758,-2003.482412019089,-3.4824120190889758,-6.4927119757287883,-6.4927119757287883
30.000000,194.99999999014332,35.9999999981803,-3.2425827648678611,-2003.2425827648678,-3.2425827648678611,-6.2528827215076728,-6.2528827215076728
30.000000,194.99999999014332,36.999999998129759,-3.0102342768427754,-2003.0102342768428,-3.0102342768427754,-6.0205342334825875,-6.0205342334825875
30.000000,194.99999999014332,37.999999998079211,-2.7850547056206358,-2002.7850547056207,-2.7850547056206358,-5.7953546622604479,-5.7953546622604479
30.000000,194.99999999014332,38.99999999802867,-2.5667604284744745,-2002.5667604284745,-2.5667604284744745,-5.5770603851142866,-5.5770603851142866
30.000000,194.99999999014332,39.999999997978122,-2.3550931723934374,-2002.3550931723935,-2.3550931723934374,-5.3653931290332491,-5.3653931290332491
30.000000,194.99999999014332,40.999999997927581,-2.1498174864865103,-2002.1498174864864,-2.1498174864865103,-5.1601174431263228,-5.1601174431263228
30.000000,194.99999999014332,41.999999997877033,-1.9507185133866456,-2001.9507185133866,-1.9507185133866456,-4.9610184700264579,-4.9610184700264579
30.000000,194.99999999014332,42.999999997826492,-1.7576000176076423,-2001.7576000176077,-1.7576000176076423,-4.7678999742474542,-4.7678999742474542
30.000000,194.99999999014332,43.999999997775944,-1.5702826355829975,-2001.570282635583,-1.5702826355829975,-4.5805825922228092,-4.5805825922228092
30.000000,194.99999999014332,44.999999997725396,-1.3886023176730553,-2001.3886023176731,-1.3886023176730553,-4.3989022743128672,-4.3989022743128672
30.000000,194.99999999014332,45.999999997674855,-1.2124089370062154,-2001.2124089370061,-1.2124089370062154,-4.2227088936460273,-4.2227088936460273
30.000000,194.99999999014332,46.999999997624307,-1.0415650438098734,-2001.0415650438099,-1.0415650438098734,-4.0518650004496859,-4.0518650004496859
30.000000,194.99999999014332,47.999999997573767,-0.87594474703838943,-2000.8759447470384,-0.87594474703838943,-3.8862447036782015,-3.8862447036782015
30.000000,194.99999999014332,48.999999997523219,-0.71543270773595924,-2000.715432707736,-0.71543270773595924,-3.7257326643757711,-3.7257326643757711
30.000000,194.99999999014332,49.999999997472678,-0.55992323077701822,-2000.559923230777,-0.55992323077701822,-3.5702231874168304,-3.5702231874168304
30.000000,194.99999999014332,50.99999999742213,-0.40931944348230337,-2000.4093194434822,-0.40931944348230337,-3.4196194001221154,-3.4196194001221154
30.000000,194.99999999014332,51.999999997371589,-0.26353255117485674,-2000.2635325511749,-0.26353255117485674,-3.2738325078146691,-3.2738325078146691
30.000000,194.99999999014332,52.999999997321041,-0.1224811610678664,-2000.1224811610678,-0.1224811610678664,-3.1327811177076783,-3.1327811177076783
30.000000,194.99999999014332,53.9999999972705,0.013909332995200356,-1999.9860906670049,0.013909332995200356,-2.9963906236446118,-2.9963906236446118
30.000000,194.99999999014332,54.999999997219952,0.14570731146507562,-1999.854292688535,0.14570731146507562,-2.8645926451747363,-2.8645926451747363
30.000000,194.99999999014332,55.999999997169411,0.27297544136892304,-1999.727024558631,0.27297544136892304,-2.7373245152708892,-2.7373245152708892
30.000000,194.99999999014332,56.999999997118863,0.3957711449366183,-1999.6042288550634,0.3957711449366183,-2.614528811703194,-2.614528811703194
30.000000,194.99999999014332,57.999999997068315,0.51414702894883668,-1999.4858529710511,0.51414702894883668,-2.4961529276909755,-2.4961529276909755
30.000000,194.99999999014332,58.999999997017767,0.62815127865962639,-1999.3718487213405,0.62815127865962639,-2.3821486779801857,-2.3821486779801857
30.000000,194.99999999014332,59.999999996967219,0.73782801969144485,-1999.2621719803085,0.73782801969144485,-2.2724719369483672,-2.2724719369483672
30.000000,194.99999999014332,60.999999996916664,0.84321765090638212,-1999.1567823490936,0.84321765090638212,-2.1670823057334299,-2.1670823057334299
30.000000,194.99999999014332,61.999999996866116,0.94435715091389349,-1999.0556428490861,0.94435715091389349,-2.0659428057259186,-2.0659428057259186
30.000000,194.99999999014332,62.999999996815561,1.0412803605761247,-1998.9587196394239,1.0412803605761247,-1.9690195960636874,-1.9690195960636874
30.000000,194.99999999014332,63.999999996765013,1.1340182436101185,-1998.8659817563898,1.1340182436101185,-1.8762817130296936,-1.8762817130296936
30.000000,194.99999999014332,64.999999996714465,1.2225991271566381,-1998.7774008728434,1.2225991271566381,-1.787700829483174,-1.787700829483174
30.000000,194.99999999014332,65.999999996663917,1.3070489239838845,-1998.692951076016,1.3070489239838845,-1.7032510326559276,-1.7032510326559276
30.000000,194.99999999014332,66.999999996613354,1.3873913378166023,-1998.6126086621834,1.3873913378166023,-1.6229086188232098,-1.6229086188232098
30.000000,194.99999999014332,67.999999996562806,1.4636480531244291,-1998.5363519468756,1.4636480531244291,-1.546651903515383,-1.546651903515383
30.000000,194.99999999014332,68.999999996512258,1.5358389105644519,-1998.4641610894355,1.5358389105644519,-1.4744610460753602,-1.4744610460753602
30.000000,194.99999999014332,69.99999999646171,1.6039820691499573,-1998.3960179308501,1.6039820691499573,-1.4063178874898548,-1.4063178874898548
30.000000,194.99999999014332,70.999999996411148,1.6680941561077849,-1998.3319058438922,1.6680941561077849,-1.3422058005320272,-1.3422058005320272
30.000000,194.99999999014332,71.9999999963606,1.7281904052891817,-1998.2718095947109,1.7281904052891817,-1.2821095513506304,-1.2821095513506304
30.000000,194.99999999014332,72.999999996310052,1.784284784911832,-1998.2157152150883,1.784284784911832,-1.2260151717279801,-1.2260151717279801
30.000000,194.99999999014332,73.999999996259504,1.8363901153325175,-1998.1636098846675,1.8363901153325175,-1.1739098413072946,-1.1739098413072946
30.000000,194.99999999014332,74.999999996208956,1.8845181774798145,-1998.1154818225202,1.8845181774798145,-1.1257817791599976,-1.1257817791599976
30.000000,194.99999999014332,75.999999996158394,1.928679812512798,-1998.0713201874871,1.928679812512798,-1.0816201441270141,-1.0816201441270141
30.000000,194.99999999014332,76.999999996107846,1.9688850132147218,-1998.0311149867853,1.9688850132147218,-1.0414149434250903,-1.0414149434250903
30.000000,194.99999999014332,77.999999996057298,2.0051430075787069,-1997.9948569924213,2.0051430075787069,-1.0051569490611052,-1.0051569490611052
30.000000,194.99999999014332,78.99999999600675,2.0374623349954408,-1997.9625376650044,2.0374623349954408,-0.97283762164437126,-0.97283762164437126
30.000000,194.99999999014332,79.999999995956202,2.0658509154098921,-1997.9341490845902,2.0658509154098921,-0.94444904122992002,-0.94444904122992002
30.000000,194.99999999014332,80.99999999590564,2.0903161117744702,-1997.9096838882256,2.0903161117744702,-0.9199838448653419,-0.9199838448653419
30.000000,194.99999999014332,81.999999995855092,2.1108647860901,-1997.8891352139099,2.1108647860901,-0.89943517054971212,-0.89943517054971212
30.000000,194.99999999014332,82.999999995804544,2.1275033492929181,-1997.872496650707,2.1275033492929181,-0.88279660734689402,-0.88279660734689402
30.000000,194.99999999014332,83.999999995753996,2.1402378052133133,-1997.8597621947868,2.1402378052133133,-0.87006215142649879,-0.87006215142649879
30.000000,194.99999999014332,84.999999995703433,2.1490737888050218,-1997.850926211195,2.1490737888050218,-0.86122616783479033,-0.86122616783479033
30.000000,194.99999999014332,85.999999995652885,2.154016598814648,-1997.8459834011853,2.154016598814648,-0.85628335782516407,-0.85628335782516407
30.000000,194.99999999014332,86.999999995602337,2.1550712250363242,-1997.8449287749636,2.1550712250363242,-0.85522873160348789,-0.85522873160348789
30.000000,194.99999999014332,87.999999995551789,2.1522423702717224,-1997.8477576297282,2.1522423702717224,-0.85805758636808971,-0.85805758636808971
30.000000,194.99999999014332,88.999999995501241,2.1455344670922445,-1997.8544655329079,2.1455344670922445,-0.8647654895475676,-0.8647654895475676
30.000000,194.99999999014332,89.999999995450679,2.1349516894776119,-1997.8650483105223,2.1349516894776119,-0.87534826716220016,-0.87534826716220016
30.000000,199.9999999898906,0,-999.99000000000001,-2999.9899999999998,-999.99000000000001,-1003.0002999566398,-1003.0002999566398
30.000000,199.9999999898906,0.99999999994945232,-34.383566057366146,-2034.3835660573661,-34.383566057366146,-37.393866014005958,-37.393866014005958
30.000000,199.9999999898906,1.9999999998989046,-28.362661395492509,-2028.3626613954925,-28.362661395492509,-31.372961352132322,-31.372961352132322
30.000000,199.9999999898906,2.9999999998483573,-24.840331284217825,-2024.8403312842179,-24.840331284217825,-27.850631240857638,-27.850631240857638
30.000000,199.9999999898906,3.9999999997978093,-22.34085591141627,-2022.3408559114164,-22.34085591141627,-25.351155868056082,-25.351155868056082
30.000000,199.9999999898906,4.9999999997472617,-20.401765549389907,-2020.4017655493899,-20.401765549389907,-23.41206550602972,-23.41206550602972
30.000000,199.9999999898906,5.9999999996967137,-18.817069082494438,-2018.8170690824945,-18.817069082494438,-21.827369039134251,-21.827369039134251
30.000000,199.9999999898906,6.9999999996461657,-17.476890071804608,-2017.4768900718045,-17.476890071804608,-20.48719002844442,-20.48719002844442
30.000000,199.9999999898906,7.9999999995956186,-16.315647752827982,-2016.315647752828,-16.315647752827982,-19.325947709467794,-19.325947709467794
30.000000,199.9999999898906,8.9999999995450715,-15.291046994024061,-2015.2910469940241,-15.291046994024061,-18.301346950663874,-18.301346950663874
30.000000,199.9999999898906,9.9999999994945235,-14.374214872112475,-2014.3742148721126,-14.374214872112475,-17.384514828752287,-17.384514828752287
30.000000,199.9999999898906,10.999999999443975,-13.544563461584143,-2013.5445634615842,-13.544563461584143,-16.554863418223956,-16.554863418223956
30.000000,199.9999999898906,11.999999999393427,-12.786897391854431,-2012.7868973918544,-12.786897391854431,-15.797197348494244,-15.797197348494244
30.000000,199.9999999898906,12.999999999342879,-12.089683140982467,-2012.0896831409825,-12.089683140982467,-15.09998309762228,-15.09998309762228
30.000000,199.9999999898906,13.999999999292331,-11.443961532122653,-2011.4439615321226,-11.443961532122653,-14.454261488762466,-14.454261488762466
30.000000,199.9999999898906,14.999999999241785,-10.842636318685297,-2010.8426363186852,-10.842636318685297,-13.85293627532511,-13.85293627532511
30.000000,199.9999999898906,15.999999999191237,-10.279992824813791,-2010.2799928248137,-10.279992824813791,-13.290292781453603,-13.290292781453603
30.000000,199.9999999898906,16.999999999140691,-9.7513627599945565,-2009.7513627599947,-9.7513627599945565,-12.761662716634369,-12.761662716634369
30.000000,199.9999999898906,17.999999999090143,-9.2528849728933373,-2009.2528849728933,-9.2528849728933373,-12.26318492953315,-12.26318492953315
30.000000,199.9999999898906,18.999999999039595,-8.7813309640903192,-2008.7813309640903,-8.7813309640903192,-11.791630920730132,-11.791630920730132
30.000000,199.9999999898906,19.999999998989047,-8.3339751947745597,-2008.3339751947747,-8.3339751947745597,-11.344275151414372,-11.344275151414372
30.000000,199.9999999898906,20.999999998938499,-7.9084970583907399,-2007.9084970583908,-7.9084970583907399,-10.918797015030552,-10.918797015030552
30.000000,199.9999999898906,21.999999998887951,-7.5029056656199984,-2007.5029056656199,-7.5029056656199984,-10.513205622259811,-10.513205622259811
30.000000,199.9999999898906,22.999999998837403,-7.1154813506869585,-2007.1154813506869,-7.1154813506869585,-10.12578130732677,-10.12578130732677
30.000000,199.9999999898906,23.999999998786855,-6.7447296242718018,-2006.7447296242717,-6.7447296242718018,-9.7550295809116143,-9.7550295809116143
30.000000,199.9999999898906,24.999999998736307,-6.3893445212932418,-2006.3893445212932,-6.3893445212932418,-9.3996444779330535,-9.3996444779330535
30.000000,199.9999999898906,25.999999998685759,-6.0481791306006558,-2006.0481791306006,-6.0481791306006558,-9.0584790872404675,-9.0584790872404675
30.000000,199.9999999898906,26.999999998635211,-5.7202216788485218,-2005.7202216788485,-5.7202216788485218,-8.7305216354883335,-8.7305216354883335
30.000000,199.9999999898906,27.999999998584663,-5.4045759556107056,-2005.4045759556107,-5.4045759556107056,-8.4148759122505172,-8.4148759122505172
30.000000,199.9999999898906,28.999999998534115,-5.1004451650186269,-2005.1004451650185,-5.1004451650186269,-8.1107451216584394,-8.1107451216584394
30.000000,199.9999999898906,29.99999999848357,-4.8071185064765674,-2004.8071185064766,-4.8071185064765674,-7.817418463116379,-7.817418463116379
30.000000,199.9999999898906,30.999999998433026,-4.5239599472338989,-2004.5239599472338,-4.5239599472338989,-7.5342599038737106,-7.5342599038737106
30.000000,199.9999999898906,31.999999998382481,-4.2503987690913263,-2004.2503987690914,-4.2503987690913263,-7.2606987257311388,-7.2606987257311388
30.000000,199.9999999898906,32.999999998331937,-3.9859215615762897,-2003.9859215615763,-3.9859215615762897,-6.9962215182161014,-6.9962215182161014
30.000000,199.9999999898906,33.999999998281389,-3.7300654024562903,-2003.7300654024564,-3.7300654024562903,-6.7403653590961028,-6.7403653590961028
30.000000,199.9999999898906,34.999999998230848,-3.4824120190889758,-2003.482412019089,-3.4824120190889758,-6.4927119757287883,-6.4927119757287883
30.000000,199.9999999898906,35.9999999981803,-3.2425827648678611,-2003.2425827648678,-3.2425827648678611,-6.2528827215076728,-6.2528827215076728
30.000000,199.9999999898906,36.999999998129759,-3.0102342768427754,-2003.0102342768428,-3.0102342768427754,-6.0205342334825875,-6.0205342334825875
30.000000,199.9999999898906,37.999999998079211,-2.7850547056206358,-2002.7850547056207,-2.7850547056206358,-5.7953546622604479,-5.7953546622604479
30.000000,199.9999999898906,38.99999999802867,-2.5667604284744745,-2002.5667604284745,-2.5667604284744745,-5.5770603851142866,-5.5770603851142866
30.000000,199.9999999898906,39.999999997978122,-2.3550931723934374,-2002.3550931723935,-2.3550931723934374,-5.3653931290332491,-5.3653931290332491
30.000000,199.9999999898906,40.999999997927581,-2.1498174864865103,-2002.1498174864864,-2.1498174864865103,-5.1601174431263228,-5.1601174431263228
30.000000,199.9999999898906,41.999999997877033,-1.9507185133866456,-2001.9507185133866,-1.9507185133866456,-4.9610184700264579,-4.9610184700264579
30.000000,199.9999999898906,42.999999997826492,-1.7576000176076423,-2001.7576000176077,-1.7576000176076423,-4.7678999742474542,-4.7678999742474542
30.000000,199.9999999898906,43.999999997775944,-1.5702826355829975,-2001.570282635583,-1.5702826355829975,-4.5805825922228092,-4.5805825922228092
30.000000,199.9999999898906,44.999999997725396,-1.3886023176730553,-2001.3886023176731,-1.3886023176730553,-4.3989022743128672,-4.3989022743128672
30.000000,199.9999999898906,45.999999997674855,-1.2124089370062154,-2001.2124089370061,-1.2124089370062154,-4.2227088936460273,-4.2227088936460273
30.000000,199.9999999898906,46.999999997624307,-1.0415650438098734,-2001.0415650438099,-1.0415650438098734,-4.0518650004496859,-4.0518650004496859
30.000000,199.9999999898906,47.999999997573767,-0.87594474703838943,-2000.8759447470384,-0.87594474703838943,-3.8862447036782015,-3.8862447036782015
30.000000,199.9999999898906,48.999999997523219,-0.71543270773595924,-2000.715432707736,-0.71543270773595924,-3.7257326643757711,-3.7257326643757711
30.000000,199.9999999898906,49.999999997472678,-0.55992323077701822,-2000.559923230777,-0.55992323077701822,-3.5702231874168304,-3.5702231874168304
30.000000,199.9999999898906,50.99999999742213,-0.40931944348230337,-2000.4093194434822,-0.40931944348230337,-3.4196194001221154,-3.4196194001221154
30.000000,199.9999999898906,51.999999997371589,-0.26353255117485674,-2000.2635325511749,-0.26353255117485674,-3.2738325078146691,-3.2738325078146691
30.000000,199.9999999898906,52.999999997321041,-0.1224811610678664,-2000.1224811610678,-0.1224811610678664,-3.1327811177076783,-3.1327811177076783
30.000000,199.9999999898906,53.9999999972705,0.013909332995200356,-1999.9860906670049,0.013909332995200356,-2.9963906236446118,-2.9963906236446118
30.000000,199.9999999898906,54.999999997219952,0.14570731146507562,-1999.854292688535,0.14570731146507562,-2.8645926451747363,-2.8645926451747363
30.000000,199.9999999898906,55.999999997169411,0.27297544136892304,-1999.727024558631,0.27297544136892304,-2.7373245152708892,-2.7373245152708892
30.000000,199.9999999898906,56.999999997118863,0.3957711449366183,-1999.6042288550634,0.3957711449366183,-2.614528811703194,-2.614528811703194
30.000000,199.9999999898906,57.999999997068315,0.51414702894883668,-1999.4858529710511,0.51414702894883668,-2.4961529276909755,-2.4961529276909755
30.000000,199.9999999898906,58.999999997017767,0.62815127865962639,-1999.3718487213405,0.62815127865962639,-2.3821486779801857,-2.3821486779801857
30.000000,199.9999999898906,59.999999996967219,0.73782801969144485,-1999.2621719803085,0.73782801969144485,-2.2724719369483672,-2.2724719369483672
30.000000,199.9999999898906,60.999999996916664,0.84321765090638212,-1999.1567823490936,0.84321765090638212,-2.1670823057334299,-2.1670823057334299
30.000000,199.9999999898906,61.999999996866116,0.94435715091389349,-1999.0556428490861,0.94435715091389349,-2.0659428057259186,-2.0659428057259186
30.000000,199.9999999898906,62.999999996815561,1.0412803605761247,-1998.9587196394239,1.0412803605761247,-1.9690195960636874,-1.9690195960636874
30.000000,199.9999999898906,63.999999996765013,1.1340182436101185,-1998.8659817563898,1.1340182436101185,-1.8762817130296936,-1.8762817130296936
30.000000,199.9999999898906,64.999999996714465,1.2225991271566381,-1998.7774008728434,1.2225991271566381,-1.787700829483174,-1.787700829483174
30.000000,199.9999999898906,65.999999996663917,1.3070489239838845,-1998.692951076016,1.3070489239838845,-1.7032510326559276,-1.7032510326559276
30.000000,199.9999999898906,66.999999996613354,1.3873913378166023,-1998.6126086621834,1.3873913378166023,-1.6229086188232098,-1.6229086188232098
30.000000,199.9999999898906,67.999999996562806,1.4636480531244291,-1998.5363519468756,1.4636480531244291,-1.546651903515383,-1.546651903515383
30.000000,199.9999999898906,68.999999996512258,1.5358389105644519,-1998.4641610894355,1.5358389105644519,-1.4744610460753602,-1.4744610460753602
30.000000,199.9999999898906,69.99999999646171,1.6039820691499573,-1998.3960179308501,1.6039820691499573,-1.4063178874898548,-1.4063178874898548
30.000000,199.9999999898906,70.999999996411148,1.6680941561077849,-1998.3319058438922,1.6680941561077849,-1.3422058005320272,-1.3422058005320272
30.000000,199.9999999898906,71.9999999963606,1.7281904052891817,-1998.2718095947109,1.7281904052891817,-1.2821095513506304,-1.2821095513506304
30.000000,199.9999999898906,72.999999996310052,1.784284784911832,-1998.2157152150883,1.784284784911832,-1.2260151717279801,-1.2260151717279801
30.000000,199.9999999898906,73.999999996259504,1.8363901153325175,-1998.1636098846675,1.8363901153325175,-1.1739098413072946,-1.1739098413072946
30.000000,199.9999999898906,74.999999996208956,1.8845181774798145,-1998.1154818225202,1.8845181774798145,-1.1257817791599976,-1.1257817791599976
30.000000,199.9999999898906,75.999999996158394,1.928679812512798,-1998.0713201874871,1.928679812512798,-1.0816201441270141,-1.0816201441270141
30.000000,199.9999999898906,76.999999996107846,1.9688850132147218,-1998.0311149867853,1.9688850132147218,-1.0414149434250903,-1.0414149434250903
30.000000,199.9999999898906,77.999999996057298,2.0051430075787069,-1997.9948569924213,2.0051430075787069,-1.0051569490611052,-1.0051569490611052
30.000000,199.9999999898906,78.99999999600675,2.0374623349954408,-1997.9625376650044,2.0374623349954408,-0.97283762164437126,-0.97283762164437126
30.000000,199.9999999898906,79.999999995956202,2.0658509154098921,-1997.9341490845902,2.0658509154098921,-0.94444904122992002,-0.94444904122992002
30.000000,199.9999999898906,80.99999999590564,2.0903161117744702,-1997.9096838882256,2.0903161117744702,-0.9199838448653419,-0.9199838448653419
30.000000,199.9999999898906,81.999999995855092,2.1108647860901,-1997.8891352139099,2.1108647860901,-0.89943517054971212,-0.89943517054971212
30.000000,199.9999999898906,82.999999995804544,2.1275033492929181,-1997.872496650707,2.1275033492929181,-0.88279660734689402,-0.88279660734689402
30.000000,199.9999999898906,83.999999995753996,2.1402378052133133,-1997.8597621947868,2.1402378052133133,-0.87006215142649879,-0.87006215142649879
30.000000,199.9999999898906,84.999999995703433,2.1490737888050218,-1997.850926211195,2.1490737888050218,-0.86122616783479033,-0.86122616783479033
30.000000,199.9999999898906,85.999999995652885,2.154016598814648,-1997.8459834011853,2.154016598814648,-0.85628335782516407,-0.85628335782516407
30.000000,199.9999999898906,86.999999995602337,2.1550712250363242,-1997.8449287749636,2.1550712250363242,-0.85522873160348789,-0.85522873160348789
30.000000,199.9999999898906,87.999999995551789,2.1522423702717224,-1997.8477576297282,2.1522423702717224,-0.85805758636808971,-0.85805758636808971
30.000000,199.9999999898906,88.999999995501241,2.1455344670922445,-1997.8544655329079,2.1455344670922445,-0.8647654895475676,-0.8647654895475676
30.000000,199.9999999898906,89.999999995450679,2.1349516894776119,-1997.8650483105223,2.1349516894776119,-0.87534826716220016,-0.87534826716220016
30.000000,204.99999998963787,0,-999.99000000000001,-2999.9899999999998,-999.99000000000001,-1003.0002999566398,-1003.0002999566398
30.000000,204.99999998963787,0.99999999994945232,-34.383566057366146,-2034.3835660573661,-34.383566057366146,-37.393866014005958,-37.393866014005958
30.000000,204.99999998963787,1.9999999998989046,-28.362661395492509,-2028.3626613954925,-28.362661395492509,-31.372961352132322,-31.372961352132322
30.000000,204.99999998963787,2.9999999998483573,-24.840331284217825,-2024.8403312842179,-24.840331284217825,-27.850631240857638,-27.850631240857638
30.000000,204.99999998963787,3.9999999997978093,-22.34085591141627,-2022.3408559114164,-22.34085591141627,-25.351155868056082,-25.351155868056082
30.000000,204.99999998963787,4.9999999997472617,-20.401765549389907,-2020.4017655493899,-20.401765549389907,-23.41206550602972,-23.41206550602972
30.000000,204.99999998963787,5.9999999996967137,-18.817069082494438,-2018.8170690824945,-18.817069082494438,-21.827369039134251,-21.827369039134251
30.000000,204.99999998963787,6.9999999996461657,-17.476890071804608,-2017.4768900718045,-17.476890071804608,-20.48719002844442,-20.48719002844442
30.000000,204.99999998963787,7.9999999995956186,-16.315647752827982,-2016.315647752828,-16.315647752827982,-19.325947709467794,-19.325947709467794
30.000000,204.99999998963787,8.9999999995450715,-15.291046994024061,-2015.2910469940241,-15.291046994024061,-18.301346950663874,-18.301346950663874
30.000000,204.99999998963787,9.9999999994945235,-14.374214872112475,-2014.3742148721126,-14.374214872112475,-17.384514828752287,-17.384514828752287
30.000000,204.99999998963787,10.999999999443975,-13.544563461584143,-2013.5445634615842,-13.544563461584143,-16.554863418223956,-16.554863418223956
30.000000,204.99999998963787,11.999999999393427,-12.786897391854431,-2012.7868973918544,-12.786897391854431,-15.797197348494244,-15.797197348494244
30.000000,204.99999998963787,12.999999999342879,-12.089683140982467,-2012.0896831409825,-12.089683140982467,-15.09998309762228,-15.09998309762228
30.000000,204.99999998963787,13.999999999292331,-11.443961532122653,-2011.4439615321226,-11.443961532122653,-14.454261488762466,-14.454261488762466
30.000000,204.99999998963787,14.999999999241785,-10.842636318685297,-2010.8426363186852,-10.842636318685297,-13.85293627532511,-13.85293627532511
30.000000,204.99999998963787,15.999999999191237,-10.279992824813791,-2010.2799928248137,-10.279992824813791,-13.290292781453603,-13.290292781453603
30.000000,204.99999998963787,16.999999999140691,-9.7513627599945565,-2009.7513627599947,-9.7513627599945565,-12.761662716634369,-12.761662716634369
30.000000,204.99999998963787,17.999999999090143,-9.2528849728933373,-2009.2528849728933,-9.2528849728933373,-12.26318492953315,-12.26318492953315
30.000000,204.99999998963787,18.999999999039595,-8.7813309640903192,-2008.7813309640903,-8.7813309640903192,-11.791630920730132,-11.791630920730132
30.000000,204.99999998963787,19.999999998989047,-8.3339751947745597,-2008.3339751947747,-8.3339751947745597,-11.344275151414372,-11.344275151414372
30.000000,204.99999998963787,20.999999998938499,-7.9084970583907399,-2007.9084970583908,-7.9084970583907399,-10.918797015030552,-10.918797015030552
30.000000,204.99999998963787,21.999999998887951,-7.5029056656199984,-2007.5029056656199,-7.5029056656199984,-10.513205622259811,-10.513205622259811
30.000000,204.99999998963787,22.999999998837403,-7.1154813506869585,-2007.1154813506869,-7.1154813506869585,-10.12578130732677,-10.12578130732677
30.000000,204.99999998963787,23.999999998786855,-6.7447296242718018,-2006.7447296242717,-6.7447296242718018,-9.7550295809116143,-9.7550295809116143
30.000000,204.99999998963787,24.999999998736307,-6.3893445212932418,-2006.3893445212932,-6.3893445212932418,-9.3996444779330535,-9.3996444779330535
30.000000,204.99999998963787,25.999999998685759,-6.0481791306006558,-2006.0481791306006,-6.0481791306006558,-9.0584790872404675,-9.0584790872404675
30.000000,204.99999998963787,26.999999998635211,-5.7202216788485218,-2005.7202216788485,-5.7202216788485218,-8.7305216354883335,-8.7305216354883335
30.000000,204.99999998963787,27.999999998584663,-5.4045759556107056,-2005.4045759556107,-5.4045759556107056,-8.4148759122505172,-8.4148759122505172
30.000000,204.99999998963787,28.999999998534115,-5.1004451650186269,-2005.1004451650185,-5.1004451650186269,-8.1107451216584394,-8.1107451216584394
30.000000,204.99999998963787,29.99999999848357,-4.8071185064765674,-2004.8071185064766,-4.8071185064765674,-7.817418463116379,-7.817418463116379
30.000000,204.99999998963787,30.999999998433026,-4.5239599472338989,-2004.5239599472338,-4.5239599472338989,-7.5342599038737106,-7.5342599038737106
30.000000,204.99999998963787,31.999999998382481,-4.2503987690913263,-2004.2503987690914,-4.2503987690913263,-7.2606987257311388,-7.2606987257311388
30.000000,204.99999998963787,32.999999998331937,-3.9859215615762897,-2003.9859215615763,-3.9859215615762897,-6.9962215182161014,-6.9962215182161014
30.000000,204.99999998963787,33.999999998281389,-3.7300654024562903,-2003.7300654024564,-3.7300654024562903,-6.7403653590961028,-6.7403653590961028
30.000000,204.99999998963787,34.999999998230848,-3.4824120190889758,-2003.482412019089,-3.4824120190889758,-6.4927119757287883,-6.4927119757287883
30.000000,204.99999998963787,35.9999999981803,-3.2425827648678611,-2003.2425827648678,-3.2425827648678611,-6.2528827215076728,-6.2528827215076728
30.000000,204.99999998963787,36.999999998129759,-3.0102342768427754,-2003.0102342768428,-3.0102342768427754,-6.0205342334825875,-6.0205342334825875
30.000000,204.99999998963787,37.999999998079211,-2.7850547056206358,-2002.7850547056207,-2.7850547056206358,-5.7953546622604479,-5.7953546622604479
30.000000,204.99999998963787,38.99999999802867,-2.5667604284744745,-2002.5667604284745,-2.5667604284744745,-5.5770603851142866,-5.5770603851142866
30.000000,204.99999998963787,39.999999997978122,-2.3550931723934374,-2002.3550931723935,-2.3550931723934374,-5.3653931290332491,-5.3653931290332491
30.000000,204.99999998963787,40.999999997927581,-2.1498174864865103,-2002.1498174864864,-2.1498174864865103,-5.1601174431263228,-5.1601174431263228
30.000000,204.99999998963787,41.999999997877033,-1.9507185133866456,-2001.9507185133866,-1.9507185133866456,-4.9610184700264579,-4.9610184700264579
30.000000,204.99999998963787,42.999999997826492,-1.7576000176076423,-2001.7576000176077,-1.7576000176076423,-4.7678999742474542,-4.7678999742474542
30.000000,204.99999998963787,43.999999997775944,-1.5702826355829975,-2001.570282635583,-1.5702826355829975,-4.5805825922228092,-4.5805825922228092
30.000000,204.99999998963787,44.999999997725396,-1.3886023176730553,-2001.3886023176731,-1.3886023176730553,-4.3989022743128672,-4.3989022743128672
30.000000,204.99999998963787,45.999999997674855,-1.2124089370062154,-2001.2124089370061,-1.2124089370062154,-4.2227088936460273,-4.2227088936460273
30.000000,204.99999998963787,46.999999997624307,-1.0415650438098734,-2001.0415650438099,-1.0415650438098734,-4.0518650004496859,-4.0518650004496859
30.000000,204.99999998963787,47.999999997573767,-0.87594474703838943,-2000.8759447470384,-0.87594474703838943,-3.8862447036782015,-3.8862447036782015
30.000000,204.99999998963787,48.999999997523219,-0.71543270773595924,-2000.715432707736,-0.71543270773595924,-3.7257326643757711,-3.7257326643757711
30.000000,204.99999998963787,49.999999997472678,-0.55992323077701822,-2000.559923230777,-0.55992323077701822,-3.5702231874168304,-3.5702231874168304
30.000000,204.99999998963787,50.99999999742213,-0.40931944348230337,-2000.4093194434822,-0.40931944348230337,-3.4196194001221154,-3.4196194001221154
30.000000,204.99999998963787,51.999999997371589,-0.26353255117485674,-2000.2635325511749,-0.26353255117485674,-3.2738325078146691,-3.2738325078146691
30.000000,204.99999998963787,52.999999997321041,-0.1224811610678664,-2000.1224811610678,-0.1224811610678664,-3.1327811177076783,-3.1327811177076783
30.000000,204.99999998963787,53.9999999972705,0.013909332995200356,-1999.9860906670049,0.013909332995200356,-2.9963906236446118,-2.9963906236446118
30.000000,204.99999998963787,54.999999997219952,0.14570731146507562,-1999.854292688535,0.14570731146507562,-2.8645926451747363,-2.8645926451747363
30.000000,204.99999998963787,55.999999997169411,0.27297544136892304,-1999.727024558631,0.27297544136892304,-2.7373245152708892,-2.7373245152708892
30.000000,204.99999998963787,56.999999997118863,0.3957711449366183,-1999.6042288550634,0.3957711449366183,-2.614528811703194,-2.614528811703194
30.000000,204.99999998963787,57.999999997068315,0.51414702894883668,-1999.4858529710511,0.51414702894883668,-2.4961529276909755,-2.4961529276909755
30.000000,204.99999998963787,58.999999997017767,0.62815127865962639,-1999.3718487213405,0.62815127865962639,-2.3821486779801857,-2.3821486779801857
30.000000,204.99999998963787,59.999999996967219,0.73782801969144485,-1999.2621719803085,0.73782801969144485,-2.2724719369483672,-2.2724719369483672
30.000000,204.99999998963787,60.999999996916664,0.84321765090638212,-1999.1567823490936,0.84321765090638212,-2.1670823057334299,-2.1670823057334299
30.000000,204.99999998963787,61.999999996866116,0.94435715091389349,-1999.0556428490861,0.94435715091389349,-2.0659428057259186,-2.0659428057259186
30.000000,204.99999998963787,62.999999996815561,1.0412803605761247,-1998.9587196394239,1.0412803605761247,-1.9690195960636874,-1.9690195960636874
30.000000,204.99999998963787,63.999999996765013,1.1340182436101185,-1998.8659817563898,1.1340182436101185,-1.8762817130296936,-1.8762817130296936
30.000000,204.99999998963787,64.999999996714465,1.2225991271566381,-1998.7774008728434,1.2225991271566381,-1.787700829483174,-1.787700829483174
30.000000,204.99999998963787,65.999999996663917,1.3070489239838845,-1998.692951076016,1.3070489239838845,-1.7032510326559276,-1.7032510326559276
30.000000,204.99999998963787,66.999999996613354,1.3873913378166023,-1998.6126086621834,1.3873913378166023,-1.6229086188232098,-1.6229086188232098
30.000000,204.99999998963787,67.999999996562806,1.4636480531244291,-1998.5363519468756,1.4636480531244291,-1.546651903515383,-1.546651903515383
30.000000,204.99999998963787,68.999999996512258,1.5358389105644519,-1998.4641610894355,1.5358389105644519,-1.4744610460753602,-1.4744610460753602
30.000000,204.99999998963787,69.99999999646171,1.6039820691499573,-1998.3960179308501,1.6039820691499573,-1.4063178874898548,-1.4063178874898548
30.000000,204.99999998963787,70.999999996411148,1.6680941561077849,-1998.3319058438922,1.6680941561077849,-1.3422058005320272,-1.3422058005320272
30.000000,204.99999998963787,71.9999999963606,1.7281904052891817,-1998.2718095947109,1.7281904052891817,-1.2821095513506304,-1.2821095513506304
30.000000,204.99999998963787,72.999999996310052,1.784284784911832,-1998.2157152150883,1.784284784911832,-1.2260151717279801,-1.2260151717279801
30.000000,204.99999998963787,73.999999996259504,1.8363901153325175,-1998.1636098846675,1.8363901153325175,-1.1739098413072946,-1.1739098413072946
30.000000,204.99999998963787,74.999999996208956,1.8845181774798145,-1998.1154818225202,1.8845181774798145,-1.1257817791599976,-1.1257817791599976
30.000000,204.99999998963787,75.999999996158394,1.928679812512798,-1998.0713201874871,1.928679812512798,-1.0816201441270141,-1.0816201441270141
30.000000,204.99999998963787,76.999999996107846,1.9688850132147218,-1998.0311149867853,1.9688850132147218,-1.0414149434250903,-1.0414149434250903
30.000000,204.99999998963787,77.999999996057298,2.0051430075787069,-1997.9948569924213,2.0051430075787069,-1.0051569490611052,-1.0051569490611052
30.000000,204.99999998963787,78.99999999600675,2.0374623349954408,-1997.9625376650044,2.0374623349954408,-0.97283762164437126,-0.97283762164437126
30.000000,204.99999998963787,79.999999995956202,2.0658509154098921,-1997.9341490845902,2.0658509154098921,-0.94444904122992002,-0.94444904122992002
30.000000,204.99999998963787,80.99999999590564,2.0903161117744702,-1997.9096838882256,2.0903161117744702,-0.9199838448653419,-0.9199838448653419
30.000000,204.99999998963787,81.999999995855092,2.1108647860901,-1997.8891352139099,2.1108647860901,-0.89943517054971212,-0.89943517054971212
30.000000,204.99999998963787,82.999999995804544,2.1275033492929181,-1997.872496650707,2.1275033492929181,-0.88279660734689402,-0.88279660734689402
30.000000,204.99999998963787,83.999999995753996,2.1402378052133133,-1997.8597621947868,2.1402378052133133,-0.87006215142649879,-0.87006215142649879
30.000000,204.99999998963787,84.999999995703433,2.1490737888050218,-1997.850926211195,2.1490737888050218,-0.86122616783479033,-0.86122616783479033
30.000000,204.99999998963787,85.999999995652885,2.154016598814648,-1997.8459834011853,2.154016598814648,-0.85628335782516407,-0.85628335782516407
30.000000,204.99999998963787,86.999999995602337,2.1550712250363242,-1997.8449287749636,2.1550712250363242,-0.85522873160348789,-0.85522873160348789
30.000000,204.99999998963787,87.999999995551789,2.1522423702717224,-1997.8477576297282,2.1522423702717224,-0.85805758636808971,-0.85805758636808971
30.000000,204.99999998963787,88.999999995501241,2.1455344670922445,-1997.8544655329079,2.1455344670922445,-0.8647654895475676,-0.8647654895475676
30.000000,204.99999998963787,89.999999995450679,2.1349516894776119,-1997.8650483105223,2.1349516894776119,-0.87534826716220016,-0.87534826716220016
30.000000,209.99999998938515,0,-999.99000000000001,-2999.9899999999998,-999.99000000000001,-1003.0002999566398,-1003.0002999566398
30.000000,209.99999998938515,0.99999999994945232,-34.383566057366146,-2034.3835660573661,-34.383566057366146,-37.393866014005958,-37.393866014005958
30.000000,209.99999998938515,1.9999999998989046,-28.362661395492509,-2028.3626613954925,-28.362661395492509,-31.372961352132322,-31.372961352132322
30.000000,209.99999998938515,2.9999999998483573,-24.840331284217825,-2024.8403312842179,-24.840331284217825,-27.850631240857638,-27.850631240857638
30.000000,209.99999998938515,3.9999999997978093,-22.34085591141627,-2022.3408559114164,-22.34085591141627,-25.351155868056082,-25.351155868056082
30.000000,209.99999998938515,4.9999999997472617,-20.401765549389907,-2020.4017655493899,-20.401765549389907,-23.41206550602972,-23.41206550602972
30.000000,209.99999998938515,5.9999999996967137,-18.817069082494438,-2018.8170690824945,-18.817069082494438,-21.827369039134251,-21.827369039134251
30.000000,209.99999998938515,6.9999999996461657,-17.476890071804608,-2017.4768900718045,-17.476890071804608,-20.48719002844442,-20.48719002844442
30.000000,209.99999998938515,7.9999999995956186,-16.315647752827982,-2016.315647752828,-16.315647752827982,-19.325947709467794,-19.325947709467794
30.000000,209.99999998938515,8.9999999995450715,-15.291046994024061,-2015.2910469940241,-15.291046994024061,-18.301346950663874,-18.301346950663874
30.000000,209.99999998938515,9.9999999994945235,-14.374214872112475,-2014.3742148721126,-14.374214872112475,-17.384514828752287,-17.384514828752287
30.000000,209.99999998938515,10.999999999443975,-13.544563461584143,-2013.5445634615842,-13.544563461584143,-16.554863418223956,-16.554863418223956
30.000000,209.99999998938515,11.999999999393427,-12.786897391854431,-2012.7868973918544,-12.786897391854431,-15.797197348494244,-15.797197348494244
30.000000,209.99999998938515,12.999999999342879,-12.089683140982467,-2012.0896831409825,-12.089683140982467,-15.09998309762228,-15.09998309762228
30.000000,209.99999998938515,13.999999999292331,-11.443961532122653,-2011.4439615321226,-11.443961532122653,-14.454261488762466,-14.454261488762466
30.000000,209.99999998938515,14.999999999241785,-10.842636318685297,-2010.8426363186852,-10.842636318685297,-13.85293627532511,-13.85293627532511
30.000000,209.99999998938515,15.999999999191237,-10.279992824813791,-2010.2799928248137,-10.279992824813791,-13.290292781453603,-13.290292781453603
30.000000,209.99999998938515,16.999999999140691,-9.7513627599945565,-2009.7513627599947,-9.7513627599945565,-12.761662716634369,-12.761662716634369
30.000000,209.99999998938515,17.999999999090143,-9.2528849728933373,-2009.2528849728933,-9.2528849728933373,-12.26318492953315,-12.26318492953315
30.000000,209.99999998938515,18.999999999039595,-8.7813309640903192,-2008.7813309640903,-8.7813309640903192,-11.791630920730132,-11.791630920730132
30.000000,209.99999998938515,19.999999998989047,-8.3339751947745597,-2008.3339751947747,-8.3339751947745597,-11.344275151414372,-11.344275151414372
30.000000,209.99999998938515,20.999999998938499,-7.9084970583907399,-2007.9084970583908,-7.9084970583907399,-10.918797015030552,-10.918797015030552
30.000000,209.99999998938515,21.999999998887951,-7.5029056656199984,-2007.5029056656199,-7.5029056656199984,-10.513205622259811,-10.513205622259811
30.000000,209.99999998938515,22.999999998837403,-7.1154813506869585,-2007.1154813506869,-7.1154813506869585,-10.12578130732677,-10.12578130732677
30.000000,209.99999998938515,23.999999998786855,-6.7447296242718018,-2006.7447296242717,-6.7447296242718018,-9.7550295809116143,-9.7550295809116143
30.000000,209.99999998938515,24.999999998736307,-6.3893445212932418,-2006.3893445212932,-6.3893445212932418,-9.3996444779330535,-9.3996444779330535
30.000000,209.99999998938515,25.999999998685759,-6.0481791306006558,-2006.0481791306006,-6.0481791306006558,-9.0584790872404675,-9.0584790872404675
30.000000,209.99999998938515,26.999999998635211,-5.7202216788485218,-2005.7202216788485,-5.7202216788485218,-8.7305216354883335,-8.7305216354883335
30.000000,209.99999998938515,27.999999998584663,-5.4045759556107056,-2005.4045759556107,-5.4045759556107056,-8.4148759122505172,-8.4148759122505172
30.000000,209.99999998938515,28.999999998534115,-5.1004451650186269,-2005.1004451650185,-5.1004451650186269,-8.1107451216584394,-8.1107451216584394
30.000000,209.99999998938515,29.99999999848357,-4.8071185064765674,-2004.8071185064766,-4.8071185064765674,-7.817418463116379,-7.817418463116379
30.000000,209.99999998938515,30.999999998433026,-4.5239599472338989,-2004.5239599472338,-4.5239599472338989,-7.5342599038737106,-7.5342599038737106
30.000000,209.99999998938515,31.999999998382481,-4.2503987690913263,-2004.2503987690914,-4.2503987690913263,-7.2606987257311388,-7.2606987257311388
30.000000,209.99999998938515,32.999999998331937,-3.9859215615762897,-2003.9859215615763,-3.9859215615762897,-6.9962215182161014,-6.9962215182161014
30.000000,209.99999998938515,33.999999998281389,-3.7300654024562903,-2003.7300654024564,-3.7300654024562903,-6.7403653590961028,-6.7403653590961028
30.000000,209.99999998938515,34.999999998230848,-3.4824120190889758,-2003.482412019089,-3.4824120190889758,-6.4927119757287883,-6.4927119757287883
30.000000,209.99999998938515,35.9999999981803,-3.2425827648678611,-2003.2425827648678,-3.2425827648678611,-6.2528827215076728,-6.2528827215076728
30.000000,209.99999998938515,36.999999998129759,-3.0102342768427754,-2003.0102342768428,-3.0102342768427754,-6.0205342334825875,-6.0205342334825875
30.000000,209.99999998938515,37.999999998079211,-2.7850547056206358,-2002.7850547056207,-2.7850547056206358,-5.7953546622604479,-5.7953546622604479
30.000000,209.99999998938515,38.99999999802867,-2.5667604284744745,-2002.5667604284745,-2.5667604284744745,-5.5770603851142866,-5.5770603851142866
30.000000,209.99999998938515,39.999999997978122,-2.3550931723934374,-2002.3550931723935,-2.3550931723934374,-5.3653931290332491,-5.3653931290332491
30.000000,209.99999998938515,40.999999997927581,-2.1498174864865103,-2002.1498174864864,-2.1498174864865103,-5.1601174431263228,-5.1601174431263228
30.000000,209.99999998938515,41.999999997877033,-1.9507185133866456,-2001.9507185133866,-1.9507185133866456,-4.9610184700264579,-4.9610184700264579
30.000000,209.99999998938515,42.999999997826492,-1.7576000176076423,-2001.7576000176077,-1.7576000176076423,-4.7678999742474542,-4.7678999742474542
30.000000,209.99999998938515,43.999999997775944,-1.5702826355829975,-2001.570282635583,-1.5702826355829975,-4.5805825922228092,-4.5805825922228092
30.000000,209.99999998938515,44.999999997725396,-1.3886023176730553,-2001.3886023176731,-1.3886023176730553,-4.3989022743128672,-4.3989022743128672
30.000000,209.99999998938515,45.999999997674855,-1.2124089370062154,-2001.2124089370061,-1.2124089370062154,-4.2227088936460273,-4.2227088936460273
30.000000,209.99999998938515,46.999999997624307,-1.0415650438098734,-2001.0415650438099,-1.0415650438098734,-4.0518650004496859,-4.0518650004496859
30.000000,209.99999998938515,47.999999997573767,-0.87594474703838943,-2000.8759447470384,-0.87594474703838943,-3.8862447036782015,-3.8862447036782015
30.000000,209.99999998938515,48.999999997523219,-0.71543270773595924,-2000.715432707736,-0.71543270773595924,-3.7257326643757711,-3.7257326643757711
30.000000,209.99999998938515,49.999999997472678,-0.55992323077701822,-2000.559923230777,-0.55992323077701822,-3.5702231874168304,-3.5702231874168304
30.000000,209.99999998938515,50.99999999742213,-0.40931944348230337,-2000.4093194434822,-0.40931944348230337,-3.4196194001221154,-3.4196194001221154
30.000000,209.99999998938515,51.999999997371589,-0.26353255117485674,-2000.2635325511749,-0.26353255117485674,-3.2738325078146691,-3.2738325078146691
30.000000,209.99999998938515,52.999999997321041,-0.1224811610678664,-2000.1224811610678,-0.1224811610678664,-3.1327811177076783,-3.1327811177076783
30.000000,209.99999998938515,53.9999999972705,0.013909332995200356,-1999.9860906670049,0.013909332995200356,-2.9963906236446118,-2.9963906236446118
30.000000,209.99999998938515,54.999999997219952,0.14570731146507562,-1999.854292688535,0.14570731146507562,-2.8645926451747363,-2.8645926451747363
30.000000,209.99999998938515,55.999999997169411,0.27297544136892304,-1999.727024558631,0.27297544136892304,-2.7373245152708892,-2.7373245152708892
30.000000,209.99999998938515,56.999999997118863,0.3957711449366183,-1999.6042288550634,0.3957711449366183,-2.614528811703194,-2.614528811703194
30.000000,209.99999998938515,57.999999997068315,0.51414702894883668,-1999.4858529710511,0.51414702894883668,-2.4961529276909755,-2.4961529276909755
30.000000,209.99999998938515,58.999999997017767,0.62815127865962639,-1999.3718487213405,0.62815127865962639,-2.3821486779801857,-2.3821486779801857
30.000000,209.99999998938515,59.999999996967219,0.73782801969144485,-1999.2621719803085,0.73782801969144485,-2.2724719369483672,-2.2724719369483672
30.000000,209.99999998938515,60.999999996916664,0.84321765090638212,-1999.1567823490936,0.84321765090638212,-2.1670823057334299,-2.1670823057334299
30.000000,209.99999998938515,61.999999996866116,0.94435715091389349,-1999.0556428490861,0.94435715091389349,-2.0659428057259186,-2.0659428057259186
30.000000,209.99999998938515,62.999999996815561,1.0412803605761247,-1998.9587196394239,1.0412803605761247,-1.9690195960636874,-1.9690195960636874
30.000000,209.99999998938515,63.999999996765013,1.1340182436101185,-1998.8659817563898,1.1340182436101185,-1.8762817130296936,-1.8762817130296936
30.000000,209.99999998938515,64.999999996714465,1.2225991271566381,-1998.7774008728434,1.2225991271566381,-1.787700829483174,-1.787700829483174
30.000000,209.99999998938515,65.999999996663917,1.3070489239838845,-1998.692951076016,1.3070489239838845,-1.7032510326559276,-1.7032510326559276
30.000000,209.99999998938515,66.999999996613354,1.3873913378166023,-1998.6126086621834,1.3873913378166023,-1.6229086188232098,-1.6229086188232098
30.000000,209.99999998938515,67.999999996562806,1.4636480531244291,-1998.5363519468756,1.4636480531244291,-1.546651903515383,-1.546651903515383
30.000000,209.99999998938515,68.999999996512258,1.5358389105644519,-1998.4641610894355,1.5358389105644519,-1.4744610460753602,-1.4744610460753602
30.000000,209.99999998938515,69.99999999646171,1.6039820691499573,-1998.3960179308501,1.6039820691499573,-1.4063178874898548,-1.4063178874898548
30.000000,209.99999998938515,70.999999996411148,1.6680941561077849,-1998.3319058438922,1.6680941561077849,-1.3422058005320272,-1.3422058005320272
30.000000,209.99999998938515,71.9999999963606,1.7281904052891817,-1998.2718095947109,1.7281904052891817,-1.2821095513506304,-1.2821095513506304
30.000000,209.99999998938515,72.999999996310052,1.784284784911832,-1998.2157152150883,1.784284784911832,-1.2260151717279801,-1.2260151717279801
30.000000,209.99999998938515,73.999999996259504,1.8363901153325175,-1998.1636098846675,1.8363901153325175,-1.1739098413072946,-1.1739098413072946
30.000000,209.99999998938515,74.999999996208956,1.8845181774798145,-1998.1154818225202,1.8845181774798145,-1.1257817791599976,-1.1257817791599976
30.000000,209.99999998938515,75.999999996158394,1.928679812512798,-1998.0713201874871,1.928679812512798,-1.0816201441270141,-1.0816201441270141
30.000000,209.99999998938515,76.999999996107846,1.9688850132147218,-1998.0311149867853,1.9688850132147218,-1.0414149434250903,-1.0414149434250903
30.000000,209.99999998938515,77.999999996057298,2.0051430075787069,-1997.9948569924213,2.0051430075787069,-1.0051569490611052,-1.0051569490611052
30.000000,209.99999998938515,78.99999999600675,2.0374623349954408,-1997.9625376650044,2.0374623349954408,-0.97283762164437126,-0.97283762164437126
30.000000,209.99999998938515,79.999999995956202,2.0658509154098921,-1997.9341490845902,2.0658509154098921,-0.94444904122992002,-0.94444904122992002
30.000000,209.99999998938515,80.99999999590564,2.0903161117744702,-1997.9096838882256,2.0903161117744702,-0.9199838448653419,-0.9199838448653419
30.000000,209.99999998938515,81.999999995855092,2.1108647860901,-1997.8891352139099,2.1108647860901,-0.89943517054971212,-0.89943517054971212
30.000000,209.99999998938515,82.999999995804544,2.1275033492929181,-1997.872496650707,2.1275033492929181,-0.88279660734689402,-0.88279660734689402
30.000000,209.99999998938515,83.999999995753996,2.1402378052133133,-1997.8597621947868,2.1402378052133133,-0.87006215142649879,-0.87006215142649879
30.000000,209.99999998938515,84.999999995703433,2.1490737888050218,-1997.850926211195,2.1490737888050218,-0.86122616783479033,-0.86122616783479033
30.000000,209.99999998938515,85.999999995652885,2.154016598814648,-1997.8459834011853,2.154016598814648,-0.85628335782516407,-0.85628335782516407
30.000000,209.99999998938515,86.999999995602337,2.1550712250363242,-1997.8449287749636,2.1550712250363242,-0.85522873160348789,-0.85522873160348789
30.000000,209.99999998938515,87.999999995551789,2.1522423702717224,-1997.8477576297282,2.1522423702717224,-0.85805758636808971,-0.85805758636808971
30.000000,209.99999998938515,88.999999995501241,2.1455344670922445,-1997.8544655329079,2.1455344670922445,-0.8647654895475676,-0.8647654895475676
30.000000,209.99999998938515,89.999999995450679,2.1349516894776119,-1997.8650483105223,2.1349516894776119,-0.87534826716220016,-0.87534826716220016
30.000000,214.99999998913242,0,-999.99000000000001,-2999.9899999999998,-999.99000000000001,-1003.0002999566398,-1003.0002999566398
30.000000,214.99999998913242,0.99999999994945232,-34.383566057366146,-2034.3835660573661,-34.383566057366146,-37.393866014005958,-37.393866014005958
30.000000,214.99999998913242,1.9999999998989046,-28.362661395492509,-2028.3626613954925,-28.362661395492509,-31.372961352132322,-31.372961352132322
30.000000,214.99999998913242,2.9999999998483573,-24.840331284217825,-2024.8403312842179,-24.840331284217825,-27.850631240857638,-27.850631240857638
30.000000,214.99999998913242,3.9999999997978093,-22.34085591141627,-2022.3408559114164,-22.34085591141627,-25.351155868056082,-25.351155868056082
30.000000,214.99999998913242,4.9999999997472617,-20.401765549389907,-2020.4017655493899,-20.401765549389907,-23.41206550602972,-23.41206550602972
30.000000,214.99999998913242,5.9999999996967137,-18.817069082494438,-2018.8170690824945,-18.817069082494438,-21.827369039134251,-21.827369039134251
30.000000,214.99999998913242,6.9999999996461657,-17.476890071804608,-2017.4768900718045,-17.476890071804608,-20.48719002844442,-20.48719002844442
30.000000,214.99999998913242,7.9999999995956186,-16.315647752827982,-2016.315647752828,-16.315647752827982,-19.325947709467794,-19.325947709467794
30.000000,214.99999998913242,8.9999999995450715,-15.291046994024061,-2015.2910469940241,-15.291046994024061,-18.301346950663874,-18.301346950663874
30.000000,214.99999998913242,9.9999999994945235,-14.374214872112475,-2014.3742148721126,-14.374214872112475,-17.384514828752287,-17.384514828752287
30.000000,214.99999998913242,10.999999999443975,-13.544563461584143,-2013.5445634615842,-13.544563461584143,-16.554863418223956,-16.554863418223956
30.000000,214.99999998913242,11.999999999393427,-12.786897391854431,-2012.7868973918544,-12.786897391854431,-15.797197348494244,-15.797197348494244
30.000000,214.99999998913242,12.999999999342879,-12.089683140982467,-2012.0896831409825,-12.089683140982467,-15.09998309762228,-15.09998309762228
30.000000,214.99999998913242,13.999999999292331,-11.443961532122653,-2011.4439615321226,-11.443961532122653,-14.454261488762466,-14.454261488762466
30.000000,214.99999998913242,14.999999999241785,-10.842636318685297,-2010.8426363186852,-10.842636318685297,-13.85293627532511,-13.85293627532511
30.000000,214.99999998913242,15.999999999191237,-10.279992824813791,-2010.2799928248137,-10.279992824813791,-13.290292781453603,-13.290292781453603
30.000000,214.99999998913242,16.999999999140691,-9.7513627599945565,-2009.7513627599947,-9.7513627599945565,-12.761662716634369,-12.761662716634369
30.000000,214.99999998913242,17.999999999090143,-9.2528849728933373,-2009.2528849728933,-9.2528849728933373,-12.26318492953315,-12.26318492953315
30.000000,214.99999998913242,18.999999999039595,-8.7813309640903192,-2008.7813309640903,-8.7813309640903192,-11.791630920730132,-11.791630920730132
30.000000,214.99999998913242,19.999999998989047,-8.3339751947745597,-2008.3339751947747,-8.3339751947745597,-11.344275151414372,-11.344275151414372
30.000000,214.99999998913242,20.999999998938499,-7.9084970583907399,-2007.9084970583908,-7.9084970583907399,-10.918797015030552,-10.918797015030552
30.000000,214.99999998913242,21.999999998887951,-7.5029056656199984,-2007.5029056656199,-7.5029056656199984,-10.513205622259811,-10.513205622259811
30.000000,214.99999998913242,22.999999998837403,-7.1154813506869585,-2007.1154813506869,-7.1154813506869585,-10.12578130732677,-10.12578130732677
30.000000,214.99999998913242,23.999999998786855,-6.7447296242718018,-2006.7447296242717,-6.7447296242718018,-9.7550295809116143,-9.7550295809116143
30.000000,214.99999998913242,24.999999998736307,-6.3893445212932418,-2006.3893445212932,-6.3893445212932418,-9.3996444779330535,-9.3996444779330535
30.000000,214.99999998913242,25.999999998685759,-6.0481791306006558,-2006.0481791306006,-6.0481791306006558,-9.0584790872404675,-9.0584790872404675
30.000000,214.99999998913242,26.999999998635211,-5.7202216788485218,-2005.7202216788485,-5.7202216788485218,-8.7305216354883335,-8.7305216354883335
30.000000,214.99999998913242,27.999999998584663,-5.4045759556107056,-2005.4045759556107,-5.4045759556107056,-8.4148759122505172,-8.4148759122505172
30.000000,214.99999998913242,28.999999998534115,-5.1004451650186269,-2005.1004451650185,-5.1004451650186269,-8.1107451216584394,-8.1107451216584394
30.000000,214.99999998913242,29.99999999848357,-4.8071185064765674,-2004.8071185064766,-4.8071185064765674,-7.817418463116379,-7.817418463116379
30.000000,214.99999998913242,30.999999998433026,-4.5239599472338989,-2004.5239599472338,-4.5239599472338989,-7.5342599038737106,-7.5342599038737106
30.000000,214.99999998913242,31.999999998382481,-4.2503987690913263,-2004.2503987690914,-4.2503987690913263,-7.2606987257311388,-7.2606987257311388
30.000000,214.99999998913242,32.999999998331937,-3.9859215615762897,-2003.9859215615763,-3.9859215615762897,-6.9962215182161014,-6.9962215182161014
30.000000,214.99999998913242,33.999999998281389,-3.7300654024562903,-2003.7300654024564,-3.7300654024562903,-6.7403653590961028,-6.7403653590961028
30.000000,214.99999998913242,34.999999998230848,-3.4824120190889758,-2003.482412019089,-3.4824120190889758,-6.4927119757287883,-6.4927119757287883
30.000000,214.99999998913242,35.9999999981803,-3.2425827648678611,-2003.2425827648678,-3.2425827648678611,-6.2528827215076728,-6.2528827215076728
30.000000,214.99999998913242,36.999999998129759,-3.0102342768427754,-2003.0102342768428,-3.0102342768427754,-6.0205342334825875,-6.0205342334825875
30.000000,214.99999998913242,37.999999998079211,-2.7850547056206358,-2002.7850547056207,-2.7850547056206358,-5.7953546622604479,-5.7953546622604479
30.000000,214.99999998913242,38.99999999802867,-2.5667604284744745,-2002.5667604284745,-2.5667604284744745,-5.5770603851142866,-5.5770603851142866
30.000000,214.99999998913242,39.999999997978122,-2.3550931723934374,-2002.3550931723935,-2.3550931723934374,-5.3653931290332491,-5.3653931290332491
30.000000,214.99999998913242,40.999999997927581,-2.1498174864865103,-2002.1498174864864,-2.1498174864865103,-5.1601174431263228,-5.1601174431263228
30.000000,214.99999998913242,41.999999997877033,-1.9507185133866456,-2001.9507185133866,-1.9507185133866456,-4.9610184700264579,-4.9610184700264579
30.000000,214.99999998913242,42.999999997826492,-1.7576000176076423,-2001.7576000176077,-1.7576000176076423,-4.7678999742474542,-4.7678999742474542
30.000000,214.99999998913242,43.999999997775944,-1.5702826355829975,-2001.570282635583,-1.5702826355829975,-4.5805825922228092,-4.5805825922228092
30.000000,214.99999998913242,44.999999997725396,-1.3886023176730553,-2001.3886023176731,-1.3886023176730553,-4.3989022743128672,-4.3989022743128672
30.000000,214.99999998913242,45.999999997674855,-1.2124089370062154,-2001.2124089370061,-1.2124089370062154,-4.2227088936460273,-4.2227088936460273
30.000000,214.99999998913242,46.999999997624307,-1.0415650438098734,-2001.0415650438099,-1.0415650438098734,-4.0518650004496859,-4.0518650004496859
30.000000,214.99999998913242,47.999999997573767,-0.87594474703838943,-2000.8759447470384,-0.87594474703838943,-3.8862447036782015,-3.8862447036782015
30.000000,214.99999998913242,48.999999997523219,-0.71543270773595924,-2000.715432707736,-0.71543270773595924,-3.7257326643757711,-3.7257326643757711
30.000000,214.99999998913242,49.999999997472678,-0.55992323077701822,-2000.559923230777,-0.55992323077701822,-3.5702231874168304,-3.5702231874168304
30.000000,214.99999998913242,50.99999999742213,-0.40931944348230337,-2000.4093194434822,-0.40931944348230337,-3.4196194001221154,-3.4196194001221154
30.000000,214.99999998913242,51.999999997371589,-0.26353255117485674,-2000.2635325511749,-0.26353255117485674,-3.2738325078146691,-3.2738325078146691
30.000000,214.99999998913242,52.999999997321041,-0.1224811610678664,-2000.1224811610678,-0.1224811610678664,-3.1327811177076783,-3.1327811177076783
30.000000,214.99999998913242,53.9999999972705,0.013909332995200356,-1999.9860906670049,0.013909332995200356,-2.9963906236446118,-2.9963906236446118
30.000000,214.99999998913242,54.999999997219952,0.14570731146507562,-1999.854292688535,0.14570731146507562,-2.8645926451747363,-2.8645926451747363
30.000000,214.99999998913242,55.999999997169411,0.27297544136892304,-1999.727024558631,0.27297544136892304,-2.7373245152708892,-2.7373245152708892
30.000000,214.99999998913242,56.999999997118863,0.3957711449366183,-1999.6042288550634,0.3957711449366183,-2.614528811703194,-2.614528811703194
30.000000,214.99999998913242,57.999999997068315,0.51414702894883668,-1999.4858529710511,0.51414702894883668,-2.4961529276909755,-2.4961529276909755
30.000000,214.99999998913242,58.999999997017767,0.62815127865962639,-1999.3718487213405,0.62815127865962639,-2.3821486779801857,-2.3821486779801857
30.000000,214.99999998913242,59.999999996967219,0.73782801969144485,-1999.2621719803085,0.73782801969144485,-2.2724719369483672,-2.2724719369483672
30.000000,214.99999998913242,60.999999996916664,0.84321765090638212,-1999.1567823490936,0.84321765090638212,-2.1670823057334299,-2.1670823057334299
30.000000,214.99999998913242,61.999999996866116,0.94435715091389349,-1999.0556428490861,0.94435715091389349,-2.0659428057259186,-2.0659428057259186
30.000000,214.99999998913242,62.999999996815561,1.0412803605761247,-1998.9587196394239,1.0412803605761247,-1.9690195960636874,-1.9690195960636874
30.000000,214.99999998913242,63.999999996765013,1.1340182436101185,-1998.8659817563898,1.1340182436101185,-1.8762817130296936,-1.8762817130296936
30.000000,214.99999998913242,64.999999996714465,1.2225991271566381,-1998.7774008728434,1.2225991271566381,-1.787700829483174,-1.787700829483174
30.000000,214.99999998913242,65.999999996663917,1.3070489239838845,-1998.692951076016,1.3070489239838845,-1.7032510326559276,-1.7032510326559276
30.000000,214.99999998913242,66.999999996613354,1.3873913378166023,-1998.6126086621834,1.3873913378166023,-1.6229086188232098,-1.6229086188232098
30.000000,214.99999998913242,67.999999996562806,1.4636480531244291,-1998.5363519468756,1.4636480531244291,-1.546651903515383,-1.546651903515383
30.000000,214.99999998913242,68.999999996512258,1.5358389105644519,-1998.4641610894355,1.5358389105644519,-1.4744610460753602,-1.4744610460753602
30.000000,214.99999998913242,69.99999999646171,1.6039820691499573,-1998.3960179308501,1.6039820691499573,-1.4063178874898548,-1.4063178874898548
30.000000,214.99999998913242,70.999999996411148,1.6680941561077849,-1998.3319058438922,1.6680941561077849,-1.3422058005320272,-1.3422058005320272
30.000000,214.99999998913242,71.9999999963606,1.7281904052891817,-1998.2718095947109,1.7281904052891817,-1.2821095513506304,-1.2821095513506304
30.000000,214.99999998913242,72.999999996310052,1.784284784911832,-1998.2157152150883,1.784284784911832,-1.2260151717279801,-1.2260151717279801
30.000000,214.99999998913242,73.999999996259504,1.8363901153325175,-1998.1636098846675,1.8363901153325175,-1.1739098413072946,-1.1739098413072946
30.000000,214.99999998913242,74.999999996208956,1.8845181774798145,-1998.1154818225202,1.8845181774798145,-1.1257817791599976,-1.1257817791599976
30.000000,214.99999998913242,75.999999996158394,1.928679812512798,-1998.0713201874871,1.928679812512798,-1.0816201441270141,-1.0816201441270141
30.000000,214.99999998913242,76.999999996107846,1.9688850132147218,-1998.0311149867853,1.9688850132147218,-1.0414149434250903,-1.0414149434250903
30.000000,214.99999998913242,77.999999996057298,2.0051430075787069,-1997.9948569924213,2.0051430075787069,-1.0051569490611052,-1.0051569490611052
30.000000,214.99999998913242,78.99999999600675,2.0374623349954408,-1997.9625376650044,2.0374623349954408,-0.97283762164437126,-0.97283762164437126
30.000000,214.99999998913242,79.999999995956202,2.0658509154098921,-1997.9341490845902,2.0658509154098921,-0.94444904122992002,-0.94444904122992002
30.000000,214.99999998913242,80.99999999590564,2.0903161117744702,-1997.9096838882256,2.0903161117744702,-0.9199838448653419,-0.9199838448653419
30.000000,214.99999998913242,81.999999995855092,2.1108647860901,-1997.8891352139099,2.1108647860901,-0.89943517054971212,-0.89943517054971212
30.000000,214.99999998913242,82.999999995804544,2.1275033492929181,-1997.872496650707,2.1275033492929181,-0.88279660734689402,-0.88279660734689402
30.000000,214.99999998913242,83.999999995753996,2.1402378052133133,-1997.8597621947868,2.1402378052133133,-0.87006215142649879,-0.87006215142649879
30.000000,214.99999998913242,84.999999995703433,2.1490737888050218,-1997.850926211195,2.1490737888050218,-0.86122616783479033,-0.86122616783479033
30.000000,214.99999998913242,85.999999995652885,2.154016598814648,-1997.8459834011853,2.154016598814648,-0.85628335782516407,-0.85628335782516407
30.000000,214.99999998913242,86.999999995602337,2.1550712250363242,-1997.8449287749636,2.1550712250363242,-0.85522873160348789,-0.85522873160348789
30.000000,214.99999998913242,87.999999995551789,2.1522423702717224,-1997.8477576297282,2.1522423702717224,-0.85805758636808971,-0.85805758636808971
30.000000,214.99999998913242,88.999999995501241,2.1455344670922445,-1997.8544655329079,2.1455344670922445,-0.8647654895475676,-0.8647654895475676
30.000000,214.99999998913242,89.999999995450679,2.1349516894776119,-1997.8650483105223,2.1349516894776119,-0.87534826716220016,-0.87534826716220016
30.000000,219.99999998887969,0,-999.99000000000001,-2999.9899999999998,-999.99000000000001,-1003.0002999566398,-1003.0002999566398
30.000000,219.99999998887969,0.99999999994945232,-34.383566057366146,-2034.3835660573661,-34.383566057366146,-37.393866014005958,-37.393866014005958
30.000000,219.99999998887969,1.9999999998989046,-28.362661395492509,-2028.3626613954925,-28.362661395492509,-31.372961352132322,-31.372961352132322
30.000000,219.99999998887969,2.9999999998483573,-24.840331284217825,-2024.8403312842179,-24.840331284217825,-27.850631240857638,-27.850631240857638
30.000000,219.99999998887969,3.9999999997978093,-22.34085591141627,-2022.3408559114164,-22.34085591141627,-25.351155868056082,-25.351155868056082
30.000000,219.99999998887969,4.9999999997472617,-20.401765549389907,-2020.4017655493899,-20.401765549389907,-23.41206550602972,-23.41206550602972
30.000000,219.99999998887969,5.9999999996967137,-18.817069082494438,-2018.8170690824945,-18.817069082494438,-21.827369039134251,-21.827369039134251
30.000000,219.99999998887969,6.9999999996461657,-17.476890071804608,-2017.4768900718045,-17.476890071804608,-20.48719002844442,-20.48719002844442
30.000000,219.99999998887969,7.9999999995956186,-16.315647752827982,-2016.315647752828,-16.315647752827982,-19.325947709467794,-19.325947709467794
30.000000,219.99999998887969,8.9999999995450715,-15.291046994024061,-2015.2910469940241,-15.291046994024061,-18.301346950663874,-18.301346950663874
30.000000,219.99999998887969,9.9999999994945235,-14.374214872112475,-2014.3742148721126,-14.374214872112475,-17.384514828752287,-17.384514828752287
30.000000,219.99999998887969,10.999999999443975,-13.544563461584143,-2013.5445634615842,-13.544563461584143,-16.554863418223956,-16.554863418223956
30.000000,219.99999998887969,11.999999999393427,-12.786897391854431,-2012.7868973918544,-12.786897391854431,-15.797197348494244,-15.797197348494244
30.000000,219.99999998887969,12.999999999342879,-12.089683140982467,-2012.0896831409825,-12.089683140982467,-15.09998309762228,-15.09998309762228
30.000000,219.99999998887969,13.999999999292331,-11.443961532122653,-2011.4439615321226,-11.443961532122653,-14.454261488762466,-14.454261488762466
30.000000,219.99999998887969,14.999999999241785,-10.842636318685297,-2010.8426363186852,-10.842636318685297,-13.85293627532511,-13.85293627532511
30.000000,219.99999998887969,15.999999999191237,-10.279992824813791,-2010.2799928248137,-10.279992824813791,-13.290292781453603,-13.290292781453603
30.000000,219.99999998887969,16.999999999140691,-9.7513627599945565,-2009.7513627599947,-9.7513627599945565,-12.761662716634369,-12.761662716634369
30.000000,219.99999998887969,17.999999999090143,-9.2528849728933373,-2009.2528849728933,-9.2528849728933373,-12.26318492953315,-12.26318492953315
30.000000,219.99999998887969,18.999999999039595,-8.7813309640903192,-2008.7813309640903,-8.7813309640903192,-11.791630920730132,-11.791630920730132
30.000000,219.99999998887969,19.999999998989047,-8.3339751947745597,-2008.3339751947747,-8.3339751947745597,-11.344275151414372,-11.344275151414372
30.000000,219.99999998887969,20.999999998938499,-7.9084970583907399,-2007.9084970583908,-7.9084970583907399,-10.918797015030552,-10.918797015030552
30.000000,219.99999998887969,21.999999998887951,-7.5029056656199984,-2007.5029056656199,-7.5029056656199984,-10.513205622259811,-10.513205622259811
30.000000,219.99999998887969,22.999999998837403,-7.1154813506869585,-2007.1154813506869,-7.1154813506869585,-10.12578130732677,-10.12578130732677
30.000000,219.99999998887969,23.999999998786855,-6.7447296242718018,-2006.7447296242717,-6.7447296242718018,-9.7550295809116143,-9.7550295809116143
30.000000,219.99999998887969,24.999999998736307,-6.3893445212932418,-2006.3893445212932,-6.3893445212932418,-9.3996444779330535,-9.3996444779330535
30.000000,219.99999998887969,25.999999998685759,-6.0481791306006558,-2006.0481791306006,-6.0481791306006558,-9.0584790872404675,-9.0584790872404675
30.000000,219.99999998887969,26.999999998635211,-5.7202216788485218,-2005.7202216788485,-5.7202216788485218,-8.7305216354883335,-8.7305216354883335
30.000000,219.99999998887969,27.999999998584663,-5.4045759556107056,-2005.4045759556107,-5.4045759556107056,-8.4148759122505172,-8.4148759122505172
30.000000,219.99999998887969,28.999999998534115,-5.1004451650186269,-2005.1004451650185,-5.1004451650186269,-8.1107451216584394,-8.1107451216584394
30.000000,219.99999998887969,29.99999999848357,-4.8071185064765674,-2004.8071185064766,-4.8071185064765674,-7.817418463116379,-7.817418463116379
30.000000,219.99999998887969,30.999999998433026,-4.5239599472338989,-2004.5239599472338,-4.5239599472338989,-7.5342599038737106,-7.5342599038737106
30.000000,219.99999998887969,31.999999998382481,-4.2503987690913263,-2004.2503987690914,-4.2503987690913263,-7.2606987257311388,-7.2606987257311388
30.000000,219.99999998887969,32.999999998331937,-3.9859215615762897,-2003.9859215615763,-3.9859215615762897,-6.9962215182161014,-6.9962215182161014
30.000000,219.99999998887969,33.999999998281389,-3.7300654024562903,-2003.7300654024564,-3.7300654024562903,-6.7403653590961028,-6.7403653590961028
30.000000,219.99999998887969,34.999999998230848,-3.4824120190889758,-2003.482412019089,-3.4824120190889758,-6.4927119757287883,-6.4927119757287883
30.000000,219.99999998887969,35.9999999981803,-3.2425827648678611,-2003.2425827648678,-3.2425827648678611,-6.2528827215076728,-6.2528827215076728
30.000000,219.99999998887969,36.999999998129759,-3.0102342768427754,-2003.0102342768428,-3.0102342768427754,-6.0205342334825875,-6.0205342334825875
30.000000,219.99999998887969,37.999999998079211,-2.7850547056206358,-2002.7850547056207,-2.7850547056206358,-5.7953546622604479,-5.7953546622604479
30.000000,219.99999998887969,38.99999999802867,-2.5667604284744745,-2002.5667604284745,-2.5667604284744745,-5.5770603851142866,-5.5770603851142866
30.000000,219.99999998887969,39.999999997978122,-2.3550931723934374,-2002.3550931723935,-2.3550931723934374,-5.3653931290332491,-5.3653931290332491
30.000000,219.99999998887969,40.999999997927581,-2.1498174864865103,-2002.1498174864864,-2.1498174864865103,-5.1601174431263228,-5.1601174431263228
30.000000,219.99999998887969,41.999999997877033,-1.9507185133866456,-2001.9507185133866,-1.9507185133866456,-4.9610184700264579,-4.9610184700264579
30.000000,219.99999998887969,42.999999997826492,-1.7576000176076423,-2001.7576000176077,-1.7576000176076423,-4.7678999742474542,-4.7678999742474542
30.000000,219.99999998887969,43.999999997775944,-1.5702826355829975,-2001.570282635583,-1.5702826355829975,-4.5805825922228092,-4.5805825922228092
30.000000,219.99999998887969,44.999999997725396,-1.3886023176730553,-2001.3886023176731,-1.3886023176730553,-4.3989022743128672,-4.3989022743128672
30.000000,219.99999998887969,45.999999997674855,-1.2124089370062154,-2001.2124089370061,-1.2124089370062154,-4.2227088936460273,-4.2227088936460273
30.000000,219.99999998887969,46.999999997624307,-1.0415650438098734,-2001.0415650438099,-1.0415650438098734,-4.0518650004496859,-4.0518650004496859
30.000000,219.99999998887969,47.999999997573767,-0.87594474703838943,-2000.8759447470384,-0.87594474703838943,-3.8862447036782015,-3.8862447036782015
30.000000,219.99999998887969,48.999999997523219,-0.71543270773595924,-2000.715432707736,-0.71543270773595924,-3.7257326643757711,-3.7257326643757711
30.000000,219.99999998887969,49.999999997472678,-0.55992323077701822,-2000.559923230777,-0.55992323077701822,-3.5702231874168304,-3.5702231874168304
30.000000,219.99999998887969,50.99999999742213,-0.40931944348230337,-2000.4093194434822,-0.40931944348230337,-3.4196194001221154,-3.4196194001221154
30.000000,219.99999998887969,51.999999997371589,-0.26353255117485674,-2000.2635325511749,-0.26353255117485674,-3.2738325078146691,-3.2738325078146691
30.000000,219.99999998887969,52.999999997321041,-0.1224811610678664,-2000.1224811610678,-0.1224811610678664,-3.1327811177076783,-3.1327811177076783
30.000000,219.99999998887969,53.9999999972705,0.013909332995200356,-1999.9860906670049,0.013909332995200356,-2.9963906236446118,-2.9963906236446118
30.000000,219.99999998887969,54.999999997219952,0.14570731146507562,-1999.854292688535,0.14570731146507562,-2.8645926451747363,-2.8645926451747363
30.000000,219.99999998887969,55.999999997169411,0.27297544136892304,-1999.727024558631,0.27297544136892304,-2.7373245152708892,-2.7373245152708892
30.000000,219.99999998887969,56.999999997118863,0.3957711449366183,-1999.6042288550634,0.3957711449366183,-2.614528811703194,-2.614528811703194
30.000000,219.99999998887969,57.999999997068315,0.51414702894883668,-1999.4858529710511,0.51414702894883668,-2.4961529276909755,-2.4961529276909755
30.000000,219.99999998887969,58.999999997017767,0.62815127865962639,-1999.3718487213405,0.62815127865962639,-2.3821486779801857,-2.3821486779801857
30.000000,219.99999998887969,59.999999996967219,0.73782801969144485,-1999.2621719803085,0.73782801969144485,-2.2724719369483672,-2.2724719369483672
30.000000,219.99999998887969,60.999999996916664,0.84321765090638212,-1999.1567823490936,0.84321765090638212,-2.1670823057334299,-2.1670823057334299
30.000000,219.99999998887969,61.999999996866116,0.94435715091389349,-1999.0556428490861,0.94435715091389349,-2.0659428057259186,-2.0659428057259186
30.000000,219.99999998887969,62.999999996815561,1.0412803605761247,-1998.9587196394239,1.0412803605761247,-1.9690195960636874,-1.9690195960636874
30.000000,219.99999998887969,63.999999996765013,1.1340182436101185,-1998.8659817563898,1.1340182436101185,-1.8762817130296936,-1.8762817130296936
30.000000,219.99999998887969,64.999999996714465,1.2225991271566381,-1998.7774008728434,1.2225991271566381,-1.787700829483174,-1.787700829483174
30.000000,219.99999998887969,65.999999996663917,1.3070489239838845,-1998.692951076016,1.3070489239838845,-1.7032510326559276,-1.7032510326559276
30.000000,219.99999998887969,66.999999996613354,1.3873913378166023,-1998.6126086621834,1.3873913378166023,-1.6229086188232098,-1.6229086188232098
30.000000,219.99999998887969,67.999999996562806,1.4636480531244291,-1998.5363519468756,1.4636480531244291,-1.546651903515383,-1.546651903515383
30.000000,219.99999998887969,68.999999996512258,1.5358389105644519,-1998.4641610894355,1.5358389105644519,-1.4744610460753602,-1.4744610460753602
30.000000,219.99999998887969,69.99999999646171,1.6039820691499573,-1998.3960179308501,1.6039820691499573,-1.4063178874898548,-1.4063178874898548
30.000000,219.99999998887969,70.999999996411148,1.6680941561077849,-1998.3319058438922,1.6680941561077849,-1.3422058005320272,-1.3422058005320272
30.000000,219.99999998887969,71.9999999963606,1.7281904052891817,-1998.2718095947109,1.7281904052891817,-1.2821095513506304,-1.2821095513506304
30.000000,219.99999998887969,72.999999996310052,1.784284784911832,-1998.2157152150883,1.784284784911832,-1.2260151717279801,-1.2260151717279801
30.000000,219.99999998887969,73.999999996259504,1.8363901153325175,-1998.1636098846675,1.8363901153325175,-1.1739098413072946,-1.1739098413072946
30.000000,219.99999998887969,74.999999996208956,1.8845181774798145,-1998.1154818225202,1.8845181774798145,-1.1257817791599976,-1.1257817791599976
30.000000,219.99999998887969,75.999999996158394,1.928679812512798,-1998.0713201874871,1.928679812512798,-1.0816201441270141,-1.0816201441270141
30.000000,219.99999998887969,76.999999996107846,1.9688850132147218,-1998.0311149867853,1.9688850132147218,-1.0414149434250903,-1.0414149434250903
30.000000,219.99999998887969,77.999999996057298,2.0051430075787069,-1997.9948569924213,2.0051430075787069,-1.0051569490611052,-1.0051569490611052
30.000000,219.99999998887969,78.99999999600675,2.0374623349954408,-1997.9625376650044,2.0374623349954408,-0.97283762164437126,-0.97283762164437126
30.000000,219.99999998887969,79.999999995956202,2.0658509154098921,-1997.9341490845902,2.0658509154098921,-0.94444904122992002,-0.94444904122992002
30.000000,219.99999998887969,80.99999999590564,2.0903161117744702,-1997.9096838882256,2.0903161117744702,-0.9199838448653419,-0.9199838448653419
30.000000,219.99999998887969,81.999999995855092,2.1108647860901,-1997.8891352139099,2.1108647860901,-0.89943517054971212,-0.89943517054971212
30.000000,219.99999998887969,82.999999995804544,2.1275033492929181,-1997.872496650707,2.1275033492929181,-0.88279660734689402,-0.88279660734689402
30.000000,219.99999998887969,83.999999995753996,2.1402378052133133,-1997.8597621947868,2.1402378052133133,-0.87006215142649879,-0.87006215142649879
30.000000,219.99999998887969,84.999999995703433,2.1490737888050218,-1997.850926211195,2.1490737888050218,-0.86122616783479033,-0.86122616783479033
30.000000,219.99999998887969,85.999999995652885,2.154016598814648,-1997.8459834011853,2.154016598814648,-0.85628335782516407,-0.85628335782516407
30.000000,219.99999998887969,86.999999995602337,2.1550712250363242,-1997.8449287749636,2.1550712250363242,-0.85522873160348789,-0.85522873160348789
30.000000,219.99999998887969,87.999999995551789,2.1522423702717224,-1997.8477576297282,2.1522423702717224,-0.85805758636808971,-0.85805758636808971
30.000000,219.99999998887969,88.999999995501241,2.1455344670922445,-1997.8544655329079,2.1455344670922445,-0.8647654895475676,-0.8647654895475676
30.000000,219.99999998887969,89.999999995450679,2.1349516894776119,-1997.8650483105223,2.1349516894776119,-0.87534826716220016,-0.87534826716220016
30.000000,224.99999998862694,0,-999.99000000000001,-2999.9899999999998,-999.99000000000001,-1003.0002999566398,-1003.0002999566398
30.000000,224.99999998862694,0.99999999994945232,-34.383566057366146,-2034.3835660573661,-34.383566057366146,-37.393866014005958,-37.393866014005958
30.000000,224.99999998862694,1.9999999998989046,-28.362661395492509,-2028.3626613954925,-28.362661395492509,-31.372961352132322,-31.372961352132322
30.000000,224.99999998862694,2.9999999998483573,-24.840331284217825,-2024.8403312842179,-24.840331284217825,-27.850631240857638,-27.850631240857638
30.000000,224.99999998862694,3.9999999997978093,-22.34085591141627,-2022.3408559114164,-22.34085591141627,-25.351155868056082,-25.351155868056082
30.000000,224.99999998862694,4.9999999997472617,-20.401765549389907,-2020.4017655493899,-20.401765549389907,-23.41206550602972,-23.41206550602972
30.000000,224.99999998862694,5.9999999996967137,-18.817069082494438,-2018.8170690824945,-18.817069082494438,-21.827369039134251,-21.827369039134251
30.000000,224.99999998862694,6.9999999996461657,-17.476890071804608,-2017.4768900718045,-17.476890071804608,-20.48719002844442,-20.48719002844442
30.000000,224.99999998862694,7.9999999995956186,-16.315647752827982,-2016.315647752828,-16.315647752827982,-19.325947709467794,-19.325947709467794
30.000000,224.99999998862694,8.9999999995450715,-15.291046994024061,-2015.2910469940241,-15.291046994024061,-18.301346950663874,-18.301346950663874
30.000000,224.99999998862694,9.9999999994945235,-14.374214872112475,-2014.3742148721126,-14.374214872112475,-17.384514828752287,-17.384514828752287
30.000000,224.99999998862694,10.999999999443975,-13.544563461584143,-2013.5445634615842,-13.544563461584143,-16.554863418223956,-16.554863418223956
30.000000,224.99999998862694,11.999999999393427,-12.786897391854431,-2012.7868973918544,-12.786897391854431,-15.797197348494244,-15.797197348494244
30.000000,224.99999998862694,12.999999999342879,-12.089683140982467,-2012.0896831409825,-12.089683140982467,-15.09998309762228,-15.09998309762228
30.000000,224.99999998862694,13.999999999292331,-11.443961532122653,-2011.4439615321226,-11.443961532122653,-14.454261488762466,-14.454261488762466
30.000000,224.99999998862694,14.999999999241785,-10.842636318685297,-2010.8426363186852,-10.842636318685297,-13.85293627532511,-13.85293627532511
30.000000,224.99999998862694,15.999999999191237,-10.279992824813791,-2010.2799928248137,-10.279992824813791,-13.290292781453603,-13.290292781453603
30.000000,224.99999998862694,16.999999999140691,-9.7513627599945565,-2009.7513627599947,-9.7513627599945565,-12.761662716634369,-12.761662716634369
30.000000,224.99999998862694,17.999999999090143,-9.2528849728933373,-2009.2528849728933,-9.2528849728933373,-12.26318492953315,-12.26318492953315
30.000000,224.99999998862694,18.999999999039595,-8.7813309640903192,-2008.7813309640903,-8.7813309640903192,-11.791630920730132,-11.791630920730132
30.000000,224.99999998862694,19.999999998989047,-8.3339751947745597,-2008.3339751947747,-8.3339751947745597,-11.344275151414372,-11.344275151414372
30.000000,224.99999998862694,20.999999998938499,-7.9084970583907399,-2007.9084970583908,-7.9084970583907399,-10.918797015030552,-10.918797015030552
30.000000,224.99999998862694,21.999999998887951,-7.5029056656199984,-2007.5029056656199,-7.5029056656199984,-10.513205622259811,-10.513205622259811
30.000000,224.99999998862694,22.999999998837403,-7.1154813506869585,-2007.1154813506869,-7.1154813506869585,-10.12578130732677,-10.12578130732677
30.000000,224.99999998862694,23.999999998786855,-6.7447296242718018,-2006.7447296242717,-6.7447296242718018,-9.7550295809116143,-9.7550295809116143
30.000000,224.99999998862694,24.999999998736307,-6.3893445212932418,-2006.3893445212932,-6.3893445212932418,-9.3996444779330535,-9.3996444779330535
30.000000,224.99999998862694,25.999999998685759,-6.0481791306006558,-2006.0481791306006,-6.0481791306006558,-9.0584790872404675,-9.0584790872404675
30.000000,224.99999998862694,26.999999998635211,-5.7202216788485218,-2005.7202216788485,-5.7202216788485218,-8.7305216354883335,-8.7305216354883335
30.000000,224.99999998862694,27.999999998584663,-5.4045759556107056,-2005.4045759556107,-5.4045759556107056,-8.4148759122505172,-8.4148759122505172
30.000000,224.99999998862694,28.999999998534115,-5.1004451650186269,-2005.1004451650185,-5.1004451650186269,-8.1107451216584394,-8.1107451216584394
30.000000,224.99999998862694,29.99999999848357,-4.8071185064765674,-2004.8071185064766,-4.8071185064765674,-7.817418463116379,-7.817418463116379
30.000000,224.99999998862694,30.999999998433026,-4.5239599472338989,-2004.5239599472338,-4.5239599472338989,-7.5342599038737106,-7.5342599038737106
30.000000,224.99999998862694,31.999999998382481,-4.2503987690913263,-2004.2503987690914,-4.2503987690913263,-7.2606987257311388,-7.2606987257311388
30.000000,224.99999998862694,32.999999998331937,-3.9859215615762897,-2003.9859215615763,-3.9859215615762897,-6.9962215182161014,-6.9962215182161014
30.000000,224.99999998862694,33.999999998281389,-3.7300654024562903,-2003.7300654024564,-3.7300654024562903,-6.7403653590961028,-6.7403653590961028
30.000000,224.99999998862694,34.999999998230848,-3.4824120190889758,-2003.482412019089,-3.4824120190889758,-6.4927119757287883,-6.4927119757287883
30.000000,224.99999998862694,35.9999999981803,-3.2425827648678611,-2003.2425827648678,-3.2425827648678611,-6.2528827215076728,-6.2528827215076728
30.000000,224.99999998862694,36.999999998129759,-3.0102342768427754,-2003.0102342768428,-3.0102342768427754,-6.0205342334825875,-6.0205342334825875
30.000000,224.99999998862694,37.999999998079211,-2.7850547056206358,-2002.7850547056207,-2.7850547056206358,-5.7953546622604479,-5.7953546622604479
30.000000,224.99999998862694,38.99999999802867,-2.5667604284744745,-2002.5667604284745,-2.5667604284744745,-5.5770603851142866,-5.5770603851142866
30.000000,224.99999998862694,39.999999997978122,-2.3550931723934374,-2002.3550931723935,-2.3550931723934374,-5.3653931290332491,-5.3653931290332491
30.000000,224.99999998862694,40.999999997927581,-2.1498174864865103,-2002.1498174864864,-2.1498174864865103,-5.1601174431263228,-5.1601174431263228
30.000000,224.99999998862694,41.999999997877033,-1.9507185133866456,-2001.9507185133866,-1.9507185133866456,-4.9610184700264579,-4.9610184700264579
30.000000,224.99999998862694,42.999999997826492,-1.7576000176076423,-2001.7576000176077,-1.7576000176076423,-4.7678999742474542,-4.7678999742474542
30.000000,224.99999998862694,43.999999997775944,-1.5702826355829975,-2001.570282635583,-1.5702826355829975,-4.5805825922228092,-4.5805825922228092
30.000000,224.99999998862694,44.999999997725396,-1.3886023176730553,-2001.3886023176731,-1.3886023176730553,-4.3989022743128672,-4.3989022743128672
30.000000,224.99999998862694,45.999999997674855,-1.2124089370062154,-2001.2124089370061,-1.2124089370062154,-4.2227088936460273,-4.2227088936460273
30.000000,224.99999998862694,46.999999997624307,-1.0415650438098734,-2001.0415650438099,-1.0415650438098734,-4.0518650004496859,-4.0518650004496859
30.000000,224.99999998862694,47.999999997573767,-0.87594474703838943,-2000.8759447470384,-0.87594474703838943,-3.8862447036782015,-3.8862447036782015
30.000000,224.99999998862694,48.999999997523219,-0.71543270773595924,-2000.715432707736,-0.71543270773595924,-3.7257326643757711,-3.7257326643757711
30.000000,224.99999998862694,49.999999997472678,-0.55992323077701822,-2000.559923230777,-0.55992323077701822,-3.5702231874168304,-3.5702231874168304
30.000000,224.99999998862694,50.99999999742213,-0.40931944348230337,-2000.4093194434822,-0.40931944348230337,-3.4196194001221154,-3.4196194001221154
30.000000,224.99999998862694,51.999999997371589,-0.26353255117485674,-2000.2635325511749,-0.26353255117485674,-3.2738325078146691,-3.2738325078146691
30.000000,224.99999998862694,52.999999997321041,-0.1224811610678664,-2000.1224811610678,-0.1224811610678664,-3.1327811177076783,-3.1327811177076783
30.000000,224.99999998862694,53.9999999972705,0.013909332995200356,-1999.9860906670049,0.013909332995200356,-2.9963906236446118,-2.9963906236446118
30.000000,224.99999998862694,54.999999997219952,0.14570731146507562,-1999.854292688535,0.14570731146507562,-2.8645926451747363,-2.8645926451747363
30.000000,224.99999998862694,55.999999997169411,0.27297544136892304,-1999.727024558631,0.27297544136892304,-2.7373245152708892,-2.7373245152708892
30.000000,224.99999998862694,56.999999997118863,0.3957711449366183,-1999.6042288550634,0.3957711449366183,-2.614528811703194,-2.614528811703194
30.000000,224.99999998862694,57.999999997068315,0.51414702894883668,-1999.4858529710511,0.51414702894883668,-2.4961529276909755,-2.4961529276909755
30.000000,224.99999998862694,58.999999997017767,0.62815127865962639,-1999.3718487213405,0.62815127865962639,-2.3821486779801857,-2.3821486779801857
30.000000,224.99999998862694,59.999999996967219,0.73782801969144485,-1999.2621719803085,0.73782801969144485,-2.2724719369483672,-2.2724719369483672
30.000000,224.99999998862694,60.999999996916664,0.84321765090638212,-1999.1567823490936,0.84321765090638212,-2.1670823057334299,-2.1670823057334299
30.000000,224.99999998862694,61.999999996866116,0.94435715091389349,-1999.0556428490861,0.94435715091389349,-2.0659428057259186,-2.0659428057259186
30.000000,224.99999998862694,62.999999996815561,1.0412803605761247,-1998.9587196394239,1.0412803605761247,-1.9690195960636874,-1.9690195960636874
30.000000,224.99999998862694,63.999999996765013,1.1340182436101185,-1998.8659817563898,1.1340182436101185,-1.8762817130296936,-1.8762817130296936
30.000000,224.99999998862694,64.999999996714465,1.2225991271566381,-1998.7774008728434,1.2225991271566381,-1.787700829483174,-1.787700829483174
30.000000,224.99999998862694,65.999999996663917,1.3070489239838845,-1998.692951076016,1.3070489239838845,-1.7032510326559276,-1.7032510326559276
30.000000,224.99999998862694,66.999999996613354,1.3873913378166023,-1998.6126086621834,1.3873913378166023,-1.6229086188232098,-1.6229086188232098
30.000000,224.99999998862694,67.999999996562806,1.4636480531244291,-1998.5363519468756,1.4636480531244291,-1.546651903515383,-1.546651903515383
30.000000,224.99999998862694,68.999999996512258,1.5358389105644519,-1998.4641610894355,1.5358389105644519,-1.4744610460753602,-1.4744610460753602
30.000000,224.99999998862694,69.99999999646171,1.6039820691499573,-1998.3960179308501,1.6039820691499573,-1.4063178874898548,-1.4063178874898548
30.000000,224.99999998862694,70.999999996411148,1.6680941561077849,-1998.3319058438922,1.6680941561077849,-1.3422058005320272,-1.3422058005320272
30.000000,224.99999998862694,71.9999999963606,1.7281904052891817,-1998.2718095947109,1.7281904052891817,-1.2821095513506304,-1.2821095513506304
30.000000,224.99999998862694,72.999999996310052,1.784284784911832,-1998.2157152150883,1.784284784911832,-1.2260151717279801,-1.2260151717279801
30.000000,224.99999998862694,73.999999996259504,1.8363901153325175,-1998.1636098846675,1.8363901153325175,-1.1739098413072946,-1.1739098413072946
30.000000,224.99999998862694,74.999999996208956,1.8845181774798145,-1998.1154818225202,1.8845181774798145,-1.1257817791599976,-1.1257817791599976
30.000000,224.99999998862694,75.999999996158394,1.928679812512798,-1998.0713201874871,1.928679812512798,-1.0816201441270141,-1.0816201441270141
30.000000,224.99999998862694,76.999999996107846,1.9688850132147218,-1998.0311149867853,1.9688850132147218,-1.0414149434250903,-1.0414149434250903
30.000000,224.99999998862694,77.999999996057298,2.0051430075787069,-1997.9948569924213,2.0051430075787069,-1.0051569490611052,-1.0051569490611052
30.000000,224.99999998862694,78.99999999600675,2.0374623349954408,-1997.9625376650044,2.0374623349954408,-0.97283762164437126,-0.97283762164437126
30.000000,224.99999998862694,79.999999995956202,2.0658509154098921,-1997.9341490845902,2.0658509154098921,-0.94444904122992002,-0.94444904122992002
30.000000,224.99999998862694,80.99999999590564,2.0903161117744702,-1997.9096838882256,2.0903161117744702,-0.9199838448653419,-0.9199838448653419
30.000000,224.99999998862694,81.999999995855092,2.1108647860901,-1997.8891352139099,2.1108647860901,-0.89943517054971212,-0.89943517054971212
30.000000,224.99999998862694,82.999999995804544,2.1275033492929181,-1997.872496650707,2.1275033492929181,-0.88279660734689402,-0.88279660734689402
30.000000,224.99999998862694,83.999999995753996,2.1402378052133133,-1997.8597621947868,2.1402378052133133,-0.87006215142649879,-0.87006215142649879
30.000000,224.99999998862694,84.999999995703433,2.1490737888050218,-1997.850926211195,2.1490737888050218,-0.86122616783479033,-0.86122616783479033
30.000000,224.99999998862694,85.999999995652885,2.154016598814648,-1997.8459834011853,2.154016598814648,-0.85628335782516407,-0.85628335782516407
30.000000,224.99999998862694,86.999999995602337,2.1550712250363242,-1997.8449287749636,2.1550712250363242,-0.85522873160348789,-0.85522873160348789
30.000000,224.99999998862694,87.999999995551789,2.1522423702717224,-1997.8477576297282,2.1522423702717224,-0.85805758636808971,-0.85805758636808971
30.000000,224.99999998862694,88.999999995501241,2.1455344670922445,-1997.8544655329079,2.1455344670922445,-0.8647654895475676,-0.8647654895475676
30.000000,224.99999998862694,89.999999995450679,2.1349516894776119,-1997.8650483105223,2.1349516894776119,-0.87534826716220016,-0.87534826716220016
30.000000,229.99999998837421,0,-999.99000000000001,-2999.9899999999998,-999.99000000000001,-1003.0002999566398,-1003.0002999566398
30.000000,229.99999998837421,0.99999999994945232,-34.383566057366146,-2034.3835660573661,-34.383566057366146,-37.393866014005958,-37.393866014005958
30.000000,229.99999998837421,1.9999999998989046,-28.362661395492509,-2028.3626613954925,-28.362661395492509,-31.372961352132322,-31.372961352132322
30.000000,229.99999998837421,2.9999999998483573,-24.840331284217825,-2024.8403312842179,-24.840331284217825,-27.850631240857638,-27.850631240857638
30.000000,229.99999998837421,3.9999999997978093,-22.34085591141627,-2022.3408559114164,-22.34085591141627,-25.351155868056082,-25.351155868056082
30.000000,229.99999998837421,4.9999999997472617,-20.401765549389907,-2020.4017655493899,-20.401765549389907,-23.41206550602972,-23.41206550602972
30.000000,229.99999998837421,5.9999999996967137,-18.817069082494438,-2018.8170690824945,-18.817069082494438,-21.827369039134251,-21.827369039134251
30.000000,229.99999998837421,6.9999999996461657,-17.476890071804608,-2017.4768900718045,-17.476890071804608,-20.48719002844442,-20.48719002844442
30.000000,229.99999998837421,7.9999999995956186,-16.315647752827982,-2016.315647752828,-16.315647752827982,-19.325947709467794,-19.325947709467794
30.000000,229.99999998837421,8.9999999995450715,-15.291046994024061,-2015.2910469940241,-15.291046994024061,-18.301346950663874,-18.301346950663874
30.000000,229.99999998837421,9.9999999994945235,-14.374214872112475,-2014.3742148721126,-14.374214872112475,-17.384514828752287,-17.384514828752287
30.000000,229.99999998837421,10.999999999443975,-13.544563461584143,-2013.5445634615842,-13.544563461584143,-16.554863418223956,-16.554863418223956
30.000000,229.99999998837421,11.999999999393427,-12.786897391854431,-2012.7868973918544,-12.786897391854431,-15.797197348494244,-15.797197348494244
30.000000,229.99999998837421,12.999999999342879,-12.089683140982467,-2012.0896831409825,-12.089683140982467,-15.09998309762228,-15.09998309762228
30.000000,229.99999998837421,13.999999999292331,-11.443961532122653,-2011.4439615321226,-11.443961532122653,-14.454261488762466,-14.454261488762466
30.000000,229.99999998837421,14.999999999241785,-10.842636318685297,-2010.8426363186852,-10.842636318685297,-13.85293627532511,-13.85293627532511
30.000000,229.99999998837421,15.999999999191237,-10.279992824813791,-2010.2799928248137,-10.279992824813791,-13.290292781453603,-13.290292781453603
30.000000,229.99999998837421,16.999999999140691,-9.7513627599945565,-2009.7513627599947,-9.7513627599945565,-12.761662716634369,-12.761662716634369
30.000000,229.99999998837421,17.999999999090143,-9.2528849728933373,-2009.2528849728933,-9.2528849728933373,-12.26318492953315,-12.26318492953315
30.000000,229.99999998837421,18.999999999039595,-8.7813309640903192,-2008.7813309640903,-8.7813309640903192,-11.791630920730132,-11.791630920730132
30.000000,229.99999998837421,19.999999998989047,-8.3339751947745597,-2008.3339751947747,-8.3339751947745597,-11.344275151414372,-11.344275151414372
30.000000,229.99999998837421,20.999999998938499,-7.9084970583907399,-2007.9084970583908,-7.9084970583907399,-10.918797015030552,-10.918797015030552
30.000000,229.99999998837421,21.999999998887951,-7.5029056656199984,-2007.5029056656199,-7.5029056656199984,-10.513205622259811,-10.513205622259811
30.000000,229.99999998837421,22.999999998837403,-7.1154813506869585,-2007.1154813506869,-7.1154813506869585,-10.12578130732677,-10.12578130732677
30.000000,229.99999998837421,23.999999998786855,-6.7447296242718018,-2006.7447296242717,-6.7447296242718018,-9.7550295809116143,-9.7550295809116143
30.000000,229.99999998837421,24.999999998736307,-6.3893445212932418,-2006.3893445212932,-6.3893445212932418,-9.3996444779330535,-9.3996444779330535
30.000000,229.99999998837421,25.999999998685759,-6.0481791306006558,-2006.0481791306006,-6.0481791306006558,-9.0584790872404675,-9.0584790872404675
30.000000,229.99999998837421,26.999999998635211,-5.7202216788485218,-2005.7202216788485,-5.7202216788485218,-8.7305216354883335,-8.7305216354883335
30.000000,229.99999998837421,27.999999998584663,-5.4045759556107056,-2005.4045759556107,-5.4045759556107056,-8.4148759122505172,-8.4148759122505172
30.000000,229.99999998837421,28.999999998534115,-5.1004451650186269,-2005.1004451650185,-5.1004451650186269,-8.1107451216584394,-8.1107451216584394
30.000000,229.99999998837421,29.99999999848357,-4.8071185064765674,-2004.8071185064766,-4.8071185064765674,-7.817418463116379,-7.817418463116379
30.000000,229.99999998837421,30.999999998433026,-4.5239599472338989,-2004.5239599472338,-4.5239599472338989,-7.5342599038737106,-7.5342599038737106
30.000000,229.99999998837421,31.999999998382481,-4.2503987690913263,-2004.2503987690914,-4.2503987690913263,-7.2606987257311388,-7.2606987257311388
30.000000,229.99999998837421,32.999999998331937,-3.9859215615762897,-2003.9859215615763,-3.9859215615762897,-6.9962215182161014,-6.9962215182161014
30.000000,229.99999998837421,33.999999998281389,-3.7300654024562903,-2003.7300654024564,-3.7300654024562903,-6.7403653590961028,-6.7403653590961028
30.000000,229.99999998837421,34.999999998230848,-3.4824120190889758,-2003.482412019089,-3.4824120190889758,-6.4927119757287883,-6.4927119757287883
30.000000,229.99999998837421,35.9999999981803,-3.2425827648678611,-2003.2425827648678,-3.2425827648678611,-6.2528827215076728,-6.2528827215076728
30.000000,229.99999998837421,36.999999998129759,-3.0102342768427754,-2003.0102342768428,-3.0102342768427754,-6.0205342334825875,-6.0205342334825875
30.000000,229.99999998837421,37.999999998079211,-2.7850547056206358,-2002.7850547056207,-2.7850547056206358,-5.7953546622604479,-5.7953546622604479
30.000000,229.99999998837421,38.99999999802867,-2.5667604284744745,-2002.5667604284745,-2.5667604284744745,-5.5770603851142866,-5.5770603851142866
30.000000,229.99999998837421,39.999999997978122,-2.3550931723934374,-2002.3550931723935,-2.3550931723934374,-5.3653931290332491,-5.3653931290332491
30.000000,229.99999998837421,40.999999997927581,-2.1498174864865103,-2002.1498174864864,-2.1498174864865103,-5.1601174431263228,-5.1601174431263228
30.000000,229.99999998837421,41.999999997877033,-1.9507185133866456,-2001.9507185133866,-1.9507185133866456,-4.9610184700264579,-4.9610184700264579
30.000000,229.99999998837421,42.999999997826492,-1.7576000176076423,-2001.7576000176077,-1.7576000176076423,-4.7678999742474542,-4.7678999742474542
30.000000,229.99999998837421,43.999999997775944,-1.5702826355829975,-2001.570282635583,-1.5702826355829975,-4.5805825922228092,-4.5805825922228092
30.000000,229.99999998837421,44.999999997725396,-1.3886023176730553,-2001.3886023176731,-1.3886023176730553,-4.3989022743128672,-4.3989022743128672
30.000000,229.99999998837421,45.999999997674855,-1.2124089370062154,-2001.2124089370061,-1.2124089370062154,-4.2227088936460273,-4.2227088936460273
30.000000,229.99999998837421,46.999999997624307,-1.0415650438098734,-2001.0415650438099,-1.0415650438098734,-4.0518650004496859,-4.0518650004496859
30.000000,229.99999998837421,47.999999997573767,-0.87594474703838943,-2000.8759447470384,-0.87594474703838943,-3.8862447036782015,-3.8862447036782015
30.000000,229.99999998837421,48.999999997523219,-0.71543270773595924,-2000.715432707736,-0.71543270773595924,-3.7257326643757711,-3.7257326643757711
30.000000,229.99999998837421,49.999999997472678,-0.55992323077701822,-2000.559923230777,-0.55992323077701822,-3.5702231874168304,-3.5702231874168304
30.000000,229.99999998837421,50.99999999742213,-0.40931944348230337,-2000.4093194434822,-0.40931944348230337,-3.4196194001221154,-3.4196194001221154
30.000000,229.99999998837421,51.999999997371589,-0.26353255117485674,-2000.2635325511749,-0.26353255117485674,-3.2738325078146691,-3.2738325078146691
30.000000,229.99999998837421,52.999999997321041,-0.1224811610678664,-2000.1224811610678,-0.1224811610678664,-3.1327811177076783,-3.1327811177076783
30.000000,229.99999998837421,53.9999999972705,0.013909332995200356,-1999.9860906670049,0.013909332995200356,-2.9963906236446118,-2.9963906236446118
30.000000,229.99999998837421,54.999999997219952,0.14570731146507562,-1999.854292688535,0.14570731146507562,-2.8645926451747363,-2.8645926451747363
30.000000,229.99999998837421,55.999999997169411,0.27297544136892304,-1999.727024558631,0.27297544136892304,-2.7373245152708892,-2.7373245152708892
30.000000,229.99999998837421,56.999999997118863,0.3957711449366183,-1999.6042288550634,0.3957711449366183,-2.614528811703194,-2.614528811703194
30.000000,229.99999998837421,57.999999997068315,0.51414702894883668,-1999.4858529710511,0.51414702894883668,-2.4961529276909755,-2.4961529276909755
30.000000,229.99999998837421,58.999999997017767,0.62815127865962639,-1999.3718487213405,0.62815127865962639,-2.3821486779801857,-2.3821486779801857
30.000000,229.99999998837421,59.999999996967219,0.73782801969144485,-1999.2621719803085,0.73782801969144485,-2.2724719369483672,-2.2724719369483672
30.000000,229.99999998837421,60.999999996916664,0.84321765090638212,-1999.1567823490936,0.84321765090638212,-2.1670823057334299,-2.1670823057334299
30.000000,229.99999998837421,61.999999996866116,0.94435715091389349,-1999.0556428490861,0.94435715091389349,-2.0659428057259186,-2.0659428057259186
30.000000,229.99999998837421,62.999999996815561,1.0412803605761247,-1998.9587196394239,1.0412803605761247,-1.9690195960636874,-1.9690195960636874
30.000000,229.99999998837421,63.999999996765013,1.1340182436101185,-1998.8659817563898,1.1340182436101185,-1.8762817130296936,-1.8762817130296936
30.000000,229.99999998837421,64.999999996714465,1.2225991271566381,-1998.7774008728434,1.2225991271566381,-1.787700829483174,-1.787700829483174
30.000000,229.99999998837421,65.999999996663917,1.3070489239838845,-1998.692951076016,1.3070489239838845,-1.7032510326559276,-1.7032510326559276
30.000000,229.99999998837421,66.999999996613354,1.3873913378166023,-1998.6126086621834,1.3873913378166023,-1.6229086188232098,-1.6229086188232098
30.000000,229.99999998837421,67.999999996562806,1.4636480531244291,-1998.5363519468756,1.4636480531244291,-1.546651903515383,-1.546651903515383
30.000000,229.99999998837421,68.999999996512258,1.5358389105644519,-1998.4641610894355,1.5358389105644519,-1.4744610460753602,-1.4744610460753602
30.000000,229.99999998837421,69.99999999646171,1.6039820691499573,-1998.3960179308501,1.6039820691499573,-1.4063178874898548,-1.4063178874898548
30.000000,229.99999998837421,70.999999996411148,1.6680941561077849,-1998.3319058438922,1.6680941561077849,-1.3422058005320272,-1.3422058005320272
30.000000,229.99999998837421,71.9999999963606,1.7281904052891817,-1998.2718095947109,1.7281904052891817,-1.2821095513506304,-1.2821095513506304
30.000000,229.99999998837421,72.999999996310052,1.784284784911832,-1998.2157152150883,1.784284784911832,-1.2260151717279801,-1.2260151717279801
30.000000,229.99999998837421,73.999999996259504,1.8363901153325175,-1998.1636098846675,1.8363901153325175,-1.1739098413072946,-1.1739098413072946
30.000000,229.99999998837421,74.999999996208956,1.8845181774798145,-1998.1154818225202,1.8845181774798145,-1.1257817791599976,-1.1257817791599976
30.000000,229.99999998837421,75.999999996158394,1.928679812512798,-1998.0713201874871,1.928679812512798,-1.0816201441270141,-1.0816201441270141
30.000000,229.99999998837421,76.999999996107846,1.9688850132147218,-1998.0311149867853,1.9688850132147218,-1.0414149434250903,-1.0414149434250903
30.000000,229.99999998837421,77.999999996057298,2.0051430075787069,-1997.9948569924213,2.0051430075787069,-1.0051569490611052,-1.0051569490611052
30.000000,229.99999998837421,78.99999999600675,2.0374623349954408,-1997.9625376650044,2.0374623349954408,-0.97283762164437126,-0.97283762164437126
30.000000,229.99999998837421,79.999999995956202,2.0658509154098921,-1997.9341490845902,2.0658509154098921,-0.94444904122992002,-0.94444904122992002
30.000000,229.99999998837421,80.99999999590564,2.0903161117744702,-1997.9096838882256,2.0903161117744702,-0.9199838448653419,-0.9199838448653419
30.000000,229.99999998837421,81.999999995855092,2.1108647860901,-1997.8891352139099,2.1108647860901,-0.89943517054971212,-0.89943517054971212
30.000000,229.99999998837421,82.999999995804544,2.1275033492929181,-1997.872496650707,2.1275033492929181,-0.88279660734689402,-0.88279660734689402
30.000000,229.99999998837421,83.999999995753996,2.1402378052133133,-1997.8597621947868,2.1402378052133133,-0.87006215142649879,-0.87006215142649879
30.000000,229.99999998837421,84.999999995703433,2.1490737888050218,-1997.850926211195,2.1490737888050218,-0.86122616783479033,-0.86122616783479033
30.000000,229.99999998837421,85.999999995652885,2.154016598814648,-1997.8459834011853,2.154016598814648,-0.85628335782516407,-0.85628335782516407
30.000000,229.99999998837421,86.999999995602337,2.1550712250363242,-1997.8449287749636,2.1550712250363242,-0.85522873160348789,-0.85522873160348789
30.000000,229.99999998837421,87.999999995551789,2.1522423702717224,-1997.8477576297282,2.1522423702717224,-0.85805758636808971,-0.85805758636808971
30.000000,229.99999998837421,88.999999995501241,2.1455344670922445,-1997.8544655329079,2.1455344670922445,-0.8647654895475676,-0.8647654895475676
30.000000,229.99999998837421,89.999999995450679,2.1349516894776119,-1997.8650483105223,2.1349516894776119,-0.87534826716220016,-0.87534826716220016
30.000000,234.99999998812146,0,-999.99000000000001,-2999.9899999999998,-999.99000000000001,-1003.0002999566398,-1003.0002999566398
30.000000,234.99999998812146,0.99999999994945232,-34.383566057366146,-2034.3835660573661,-34.383566057366146,-37.393866014005958,-37.393866014005958
30.000000,234.99999998812146,1.9999999998989046,-28.362661395492509,-2028.3626613954925,-28.362661395492509,-31.372961352132322,-31.372961352132322
30.000000,234.99999998812146,2.9999999998483573,-24.840331284217825,-2024.8403312842179,-24.840331284217825,-27.850631240857638,-27.850631240857638
30.000000,234.99999998812146,3.9999999997978093,-22.34085591141627,-2022.3408559114164,-22.34085591141627,-25.351155868056082,-25.351155868056082
30.000000,234.99999998812146,4.9999999997472617,-20.401765549389907,-2020.4017655493899,-20.401765549389907,-23.41206550602972,-23.41206550602972
30.000000,234.99999998812146,5.9999999996967137,-18.817069082494438,-2018.8170690824945,-18.817069082494438,-21.827369039134251,-21.827369039134251
30.000000,234.99999998812146,6.9999999996461657,-17.476890071804608,-2017.4768900718045,-17.476890071804608,-20.48719002844442,-20.48719002844442
30.000000,234.99999998812146,7.9999999995956186,-16.315647752827982,-2016.315647752828,-16.315647752827982,-19.325947709467794,-19.325947709467794
30.000000,234.99999998812146,8.9999999995450715,-15.291046994024061,-2015.2910469940241,-15.291046994024061,-18.301346950663874,-18.301346950663874
30.000000,234.99999998812146,9.9999999994945235,-14.374214872112475,-2014.3742148721126,-14.374214872112475,-17.384514828752287,-17.384514828752287
30.000000,234.99999998812146,10.999999999443975,-13.544563461584143,-2013.5445634615842,-13.544563461584143,-16.554863418223956,-16.554863418223956
30.000000,234.99999998812146,11.999999999393427,-12.786897391854431,-2012.7868973918544,-12.786897391854431,-15.797197348494244,-15.797197348494244
30.000000,234.99999998812146,12.999999999342879,-12.089683140982467,-2012.0896831409825,-12.089683140982467,-15.09998309762228,-15.09998309762228
30.000000,234.99999998812146,13.999999999292331,-11.443961532122653,-2011.4439615321226,-11.443961532122653,-14.454261488762466,-14.454261488762466
30.000000,234.99999998812146,14.999999999241785,-10.842636318685297,-2010.8426363186852,-10.842636318685297,-13.85293627532511,-13.85293627532511
30.000000,234.99999998812146,15.999999999191237,-10.279992824813791,-2010.2799928248137,-10.279992824813791,-13.290292781453603,-13.290292781453603
30.000000,234.99999998812146,16.999999999140691,-9.7513627599945565,-2009.7513627599947,-9.7513627599945565,-12.761662716634369,-12.761662716634369
30.000000,234.99999998812146,17.999999999090143,-9.2528849728933373,-2009.2528849728933,-9.2528849728933373,-12.26318492953315,-12.26318492953315
30.000000,234.99999998812146,18.999999999039595,-8.7813309640903192,-2008.7813309640903,-8.7813309640903192,-11.791630920730132,-11.791630920730132
30.000000,234.99999998812146,19.999999998989047,-8.3339751947745597,-2008.3339751947747,-8.3339751947745597,-11.344275151414372,-11.344275151414372
30.000000,234.99999998812146,20.999999998938499,-7.9084970583907399,-2007.9084970583908,-7.9084970583907399,-10.918797015030552,-10.918797015030552
30.000000,234.99999998812146,21.999999998887951,-7.5029056656199984,-2007.5029056656199,-7.5029056656199984,-10.513205622259811,-10.513205622259811
30.000000,234.99999998812146,22.999999998837403,-7.1154813506869585,-2007.1154813506869,-7.1154813506869585,-10.12578130732677,-10.12578130732677
30.000000,234.99999998812146,23.999999998786855,-6.7447296242718018,-2006.7447296242717,-6.7447296242718018,-9.7550295809116143,-9.7550295809116143
30.000000,234.99999998812146,24.999999998736307,-6.3893445212932418,-2006.3893445212932,-6.3893445212932418,-9.3996444779330535,-9.3996444779330535
30.000000,234.99999998812146,25.999999998685759,-6.0481791306006558,-2006.0481791306006,-6.0481791306006558,-9.0584790872404675,-9.0584790872404675
30.000000,234.99999998812146,26.999999998635211,-5.7202216788485218,-2005.7202216788485,-5.7202216788485218,-8.7305216354883335,-8.7305216354883335
30.000000,234.99999998812146,27.999999998584663,-5.4045759556107056,-2005.4045759556107,-5.4045759556107056,-8.4148759122505172,-8.4148759122505172
30.000000,234.99999998812146,28.999999998534115,-5.1004451650186269,-2005.1004451650185,-5.1004451650186269,-8.1107451216584394,-8.1107451216584394
30.000000,234.99999998812146,29.99999999848357,-4.8071185064765674,-2004.8071185064766,-4.8071185064765674,-7.817418463116379,-7.817418463116379
30.000000,234.99999998812146,30.999999998433026,-4.5239599472338989,-2004.5239599472338,-4.5239599472338989,-7.5342599038737106,-7.5342599038737106
30.000000,234.99999998812146,31.999999998382481,-4.2503987690913263,-2004.2503987690914,-4.2503987690913263,-7.2606987257311388,-7.2606987257311388
30.000000,234.99999998812146,32.999999998331937,-3.9859215615762897,-2003.9859215615763,-3.9859215615762897,-6.9962215182161014,-6.9962215182161014
30.000000,234.99999998812146,33.999999998281389,-3.7300654024562903,-2003.7300654024564,-3.7300654024562903,-6.7403653590961028,-6.7403653590961028
30.000000,234.99999998812146,34.999999998230848,-3.4824120190889758,-2003.482412019089,-3.4824120190889758,-6.4927119757287883,-6.4927119757287883
30.000000,234.99999998812146,35.9999999981803,-3.2425827648678611,-2003.2425827648678,-3.2425827648678611,-6.2528827215076728,-6.2528827215076728
30.000000,234.99999998812146,36.999999998129759,-3.0102342768427754,-2003.0102342768428,-3.0102342768427754,-6.0205342334825875,-6.0205342334825875
30.000000,234.99999998812146,37.999999998079211,-2.7850547056206358,-2002.7850547056207,-2.7850547056206358,-5.7953546622604479,-5.7953546622604479
30.000000,234.99999998812146,38.99999999802867,-2.5667604284744745,-2002.5667604284745,-2.5667604284744745,-5.5770603851142866,-5.5770603851142866
30.000000,234.99999998812146,39.999999997978122,-2.3550931723934374,-2002.3550931723935,-2.3550931723934374,-5.3653931290332491,-5.3653931290332491
30.000000,234.99999998812146,40.999999997927581,-2.1498174864865103,-2002.1498174864864,-2.1498174864865103,-5.1601174431263228,-5.1601174431263228
30.000000,234.99999998812146,41.999999997877033,-1.9507185133866456,-2001.9507185133866,-1.9507185133866456,-4.9610184700264579,-4.9610184700264579
30.000000,234.99999998812146,42.999999997826492,-1.7576000176076423,-2001.7576000176077,-1.7576000176076423,-4.7678999742474542,-4.7678999742474542
30.000000,234.99999998812146,43.999999997775944,-1.5702826355829975,-2001.570282635583,-1.5702826355829975,-4.5805825922228092,-4.5805825922228092
30.000000,234.99999998812146,44.999999997725396,-1.3886023176730553,-2001.3886023176731,-1.3886023176730553,-4.3989022743128672,-4.3989022743128672
30.000000,234.99999998812146,45.999999997674855,-1.2124089370062154,-2001.2124089370061,-1.2124089370062154,-4.2227088936460273,-4.2227088936460273
30.000000,234.99999998812146,46.999999997624307,-1.0415650438098734,-2001.0415650438099,-1.0415650438098734,-4.0518650004496859,-4.0518650004496859
30.000000,234.99999998812146,47.999999997573767,-0.87594474703838943,-2000.8759447470384,-0.87594474703838943,-3.8862447036782015,-3.8862447036782015
30.000000,234.99999998812146,48.999999997523219,-0.71543270773595924,-2000.715432707736,-0.71543270773595924,-3.7257326643757711,-3.7257326643757711
30.000000,234.99999998812146,49.999999997472678,-0.55992323077701822,-2000.559923230777,-0.55992323077701822,-3.5702231874168304,-3.5702231874168304
30.000000,234.99999998812146,50.99999999742213,-0.40931944348230337,-2000.4093194434822,-0.40931944348230337,-3.4196194001221154,-3.4196194001221154
30.000000,234.99999998812146,51.999999997371589,-0.26353255117485674,-2000.2635325511749,-0.26353255117485674,-3.2738325078146691,-3.2738325078146691
30.000000,234.99999998812146,52.999999997321041,-0.1224811610678664,-2000.1224811610678,-0.1224811610678664,-3.1327811177076783,-3.1327811177076783
30.000000,234.99999998812146,53.9999999972705,0.013909332995200356,-1999.9860906670049,0.013909332995200356,-2.9963906236446118,-2.9963906236446118
30.000000,234.99999998812146,54.999999997219952,0.14570731146507562,-1999.854292688535,0.14570731146507562,-2.8645926451747363,-2.8645926451747363
30.000000,234.99999998812146,55.999999997169411,0.27297544136892304,-1999.727024558631,0.27297544136892304,-2.7373245152708892,-2.7373245152708892
30.000000,234.99999998812146,56.999999997118863,0.3957711449366183,-1999.6042288550634,0.3957711449366183,-2.614528811703194,-2.614528811703194
30.000000,234.99999998812146,57.999999997068315,0.51414702894883668,-1999.4858529710511,0.51414702894883668,-2.4961529276909755,-2.4961529276909755
30.000000,234.99999998812146,58.999999997017767,0.62815127865962639,-1999.3718487213405,0.62815127865962639,-2.3821486779801857,-2.3821486779801857
30.000000,234.99999998812146,59.999999996967219,0.73782801969144485,-1999.2621719803085,0.73782801969144485,-2.2724719369483672,-2.2724719369483672
30.000000,234.99999998812146,60.999999996916664,0.84321765090638212,-1999.1567823490936,0.84321765090638212,-2.1670823057334299,-2.1670823057334299
30.000000,234.99999998812146,61.999999996866116,0.94435715091389349,-1999.0556428490861,0.94435715091389349,-2.0659428057259186,-2.0659428057259186
30.000000,234.99999998812146,62.999999996815561,1.0412803605761247,-1998.9587196394239,1.0412803605761247,-1.9690195960636874,-1.9690195960636874
30.000000,234.99999998812146,63.999999996765013,1.1340182436101185,-1998.8659817563898,1.1340182436101185,-1.8762817130296936,-1.8762817130296936
30.000000,234.99999998812146,64.999999996714465,1.2225991271566381,-1998.7774008728434,1.2225991271566381,-1.787700829483174,-1.787700829483174
30.000000,234.99999998812146,65.999999996663917,1.3070489239838845,-1998.692951076016,1.3070489239838845,-1.7032510326559276,-1.7032510326559276
30.000000,234.99999998812146,66.999999996613354,1.3873913378166023,-1998.6126086621834,1.3873913378166023,-1.6229086188232098,-1.6229086188232098
30.000000,234.99999998812146,67.999999996562806,1.4636480531244291,-1998.5363519468756,1.4636480531244291,-1.546651903515383,-1.546651903515383
30.000000,234.99999998812146,68.999999996512258,1.5358389105644519,-1998.4641610894355,1.5358389105644519,-1.4744610460753602,-1.4744610460753602
30.000000,234.99999998812146,69.99999999646171,1.6039820691499573,-1998.3960179308501,1.6039820691499573,-1.4063178874898548,-1.4063178874898548
30.000000,234.99999998812146,70.999999996411148,1.6680941561077849,-1998.3319058438922,1.6680941561077849,-1.3422058005320272,-1.3422058005320272
30.000000,234.99999998812146,71.9999999963606,1.7281904052891817,-1998.2718095947109,1.7281904052891817,-1.2821095513506304,-1.2821095513506304
30.000000,234.99999998812146,72.999999996310052,1.784284784911832,-1998.2157152150883,1.784284784911832,-1.2260151717279801,-1.2260151717279801
30.000000,234.99999998812146,73.999999996259504,1.8363901153325175,-1998.1636098846675,1.8363901153325175,-1.1739098413072946,-1.1739098413072946
30.000000,234.99999998812146,74.999999996208956,1.8845181774798145,-1998.1154818225202,1.8845181774798145,-1.1257817791599976,-1.1257817791599976
30.000000,234.99999998812146,75.999999996158394,1.928679812512798,-1998.0713201874871,1.928679812512798,-1.0816201441270141,-1.0816201441270141
30.000000,234.99999998812146,76.999999996107846,1.9688850132147218,-1998.0311149867853,1.9688850132147218,-1.0414149434250903,-1.0414149434250903
30.000000,234.99999998812146,77.999999996057298,2.0051430075787069,-1997.9948569924213,2.0051430075787069,-1.0051569490611052,-1.0051569490611052
30.000000,234.99999998812146,78.99999999600675,2.0374623349954408,-1997.9625376650044,2.0374623349954408,-0.97283762164437126,-0.97283762164437126
30.000000,234.99999998812146,79.999999995956202,2.0658509154098921,-1997.9341490845902,2.0658509154098921,-0.94444904122992002,-0.94444904122992002
30.000000,234.99999998812146,80.99999999590564,2.0903161117744702,-1997.9096838882256,2.0903161117744702,-0.9199838448653419,-0.9199838448653419
30.000000,234.99999998812146,81.999999995855092,2.1108647860901,-1997.8891352139099,2.1108647860901,-0.89943517054971212,-0.89943517054971212
30.000000,234.99999998812146,82.999999995804544,2.1275033492929181,-1997.872496650707,2.1275033492929181,-0.88279660734689402,-0.88279660734689402
30.000000,234.99999998812146,83.999999995753996,2.1402378052133133,-1997.8597621947868,2.1402378052133133,-0.87006215142649879,-0.87006215142649879
30.000000,234.99999998812146,84.999999995703433,2.1490737888050218,-1997.850926211195,2.1490737888050218,-0.86122616783479033,-0.86122616783479033
30.000000,234.99999998812146,85.999999995652885,2.154016598814648,-1997.8459834011853,2.154016598814648,-0.85628335782516407,-0.85628335782516407
30.000000,234.99999998812146,86.999999995602337,2.1550712250363242,-1997.8449287749636,2.1550712250363242,-0.85522873160348789,-0.85522873160348789
30.000000,234.99999998812146,87.999999995551789,2.1522423702717224,-1997.8477576297282,2.1522423702717224,-0.85805758636808971,-0.85805758636808971
30.000000,234.99999998812146,88.999999995501241,2.1455344670922445,-1997.8544655329079,2.1455344670922445,-0.8647654895475676,-0.8647654895475676
30.000000,234.99999998812146,89.999999995450679,2.1349516894776119,-1997.8650483105223,2.1349516894776119,-0.87534826716220016,-0.87534826716220016
30.000000,239.9999999878687,0,-999.99000000000001,-2999.9899999999998,-999.99000000000001,-1003.0002999566398,-1003.0002999566398
30.000000,239.9999999878687,0.99999999994945232,-34.383566057366146,-2034.3835660573661,-34.383566057366146,-37.393866014005958,-37.393866014005958
30.000000,239.9999999878687,1.9999999998989046,-28.362661395492509,-2028.3626613954925,-28.362661395492509,-31.372961352132322,-31.372961352132322
30.000000,239.9999999878687,2.9999999998483573,-24.840331284217825,-2024.8403312842179,-24.840331284217825,-27.850631240857638,-27.850631240857638
30.000000,239.9999999878687,3.9999999997978093,-22.34085591141627,-2022.3408559114164,-22.34085591141627,-25.351155868056082,-25.351155868056082
30.000000,239.9999999878687,4.9999999997472617,-20.401765549389907,-2020.4017655493899,-20.401765549389907,-23.41206550602972,-23.41206550602972
30.000000,239.9999999878687,5.9999999996967137,-18.817069082494438,-2018.8170690824945,-18.817069082494438,-21.827369039134251,-21.827369039134251
30.000000,239.9999999878687,6.9999999996461657,-17.476890071804608,-2017.4768900718045,-17.476890071804608,-20.48719002844442,-20.48719002844442
30.000000,239.9999999878687,7.9999999995956186,-16.315647752827982,-2016.315647752828,-16.315647752827982,-19.325947709467794,-19.325947709467794
30.000000,239.9999999878687,8.9999999995450715,-15.291046994024061,-2015.2910469940241,-15.291046994024061,-18.301346950663874,-18.301346950663874
30.000000,239.9999999878687,9.9999999994945235,-14.374214872112475,-2014.3742148721126,-14.374214872112475,-17.384514828752287,-17.384514828752287
30.000000,239.9999999878687,10.999999999443975,-13.544563461584143,-2013.5445634615842,-13.544563461584143,-16.554863418223956,-16.554863418223956
30.000000,239.9999999878687,11.999999999393427,-12.786897391854431,-2012.7868973918544,-12.786897391854431,-15.797197348494244,-15.797197348494244
30.000000,239.9999999878687,12.999999999342879,-12.089683140982467,-2012.0896831409825,-12.089683140982467,-15.09998309762228,-15.09998309762228
30.000000,239.9999999878687,13.999999999292331,-11.443961532122653,-2011.4439615321226,-11.443961532122653,-14.454261488762466,-14.454261488762466
30.000000,239.9999999878687,14.999999999241785,-10.842636318685297,-2010.8426363186852,-10.842636318685297,-13.85293627532511,-13.85293627532511
30.000000,239.9999999878687,15.999999999191237,-10.279992824813791,-2010.2799928248137,-10.279992824813791,-13.290292781453603,-13.290292781453603
30.000000,239.9999999878687,16.999999999140691,-9.7513627599945565,-2009.7513627599947,-9.7513627599945565,-12.761662716634369,-12.761662716634369
30.000000,239.9999999878687,17.999999999090143,-9.2528849728933373,-2009.2528849728933,-9.2528849728933373,-12.26318492953315,-12.26318492953315
30.000000,239.9999999878687,18.999999999039595,-8.7813309640903192,-2008.7813309640903,-8.7813309640903192,-11.791630920730132,-11.791630920730132
30.000000,239.9999999878687,19.999999998989047,-8.3339751947745597,-2008.3339751947747,-8.3339751947745597,-11.344275151414372,-11.344275151414372
30.000000,239.9999999878687,20.999999998938499,-7.9084970583907399,-2007.9084970583908,-7.9084970583907399,-10.918797015030552,-10.918797015030552
30.000000,239.9999999878687,21.999999998887951,-7.5029056656199984,-2007.5029056656199,-7.5029056656199984,-10.513205622259811,-10.513205622259811
30.000000,239.9999999878687,22.999999998837403,-7.1154813506869585,-2007.1154813506869,-7.1154813506869585,-10.12578130732677,-10.12578130732677
30.000000,239.9999999878687,23.999999998786855,-6.7447296242718018,-2006.7447296242717,-6.7447296242718018,-9.7550295809116143,-9.7550295809116143
30.000000,239.9999999878687,24.999999998736307,-6.3893445212932418,-2006.3893445212932,-6.3893445212932418,-9.3996444779330535,-9.3996444779330535
30.000000,239.9999999878687,25.999999998685759,-6.0481791306006558,-2006.0481791306006,-6.0481791306006558,-9.0584790872404675,-9.0584790872404675
30.000000,239.9999999878687,26.999999998635211,-5.7202216788485218,-2005.7202216788485,-5.7202216788485218,-8.7305216354883335,-8.7305216354883335
30.000000,239.9999999878687,27.999999998584663,-5.4045759556107056,-2005.4045759556107,-5.4045759556107056,-8.4148759122505172,-8.4148759122505172
30.000000,239.9999999878687,28.999999998534115,-5.1004451650186269,-2005.1004451650185,-5.1004451650186269,-8.1107451216584394,-8.1107451216584394
30.000000,239.9999999878687,29.99999999848357,-4.8071185064765674,-2004.8071185064766,-4.8071185064765674,-7.817418463116379,-7.817418463116379
30.000000,239.9999999878687,30.999999998433026,-4.5239599472338989,-2004.5239599472338,-4.5239599472338989,-7.5342599038737106,-7.5342599038737106
30.000000,239.9999999878687,31.999999998382481,-4.2503987690913263,-2004.2503987690914,-4.2503987690913263,-7.2606987257311388,-7.2606987257311388
30.000000,239.9999999878687,32.999999998331937,-3.9859215615762897,-2003.9859215615763,-3.9859215615762897,-6.9962215182161014,-6.9962215182161014
30.000000,239.9999999878687,33.999999998281389,-3.7300654024562903,-2003.7300654024564,-3.7300654024562903,-6.7403653590961028,-6.7403653590961028
30.000000,239.9999999878687,34.999999998230848,-3.4824120190889758,-2003.482412019089,-3.4824120190889758,-6.4927119757287883,-6.4927119757287883
30.000000,239.9999999878687,35.9999999981803,-3.2425827648678611,-2003.2425827648678,-3.2425827648678611,-6.2528827215076728,-6.2528827215076728
30.000000,239.9999999878687,36.999999998129759,-3.0102342768427754,-2003.0102342768428,-3.0102342768427754,-6.0205342334825875,-6.0205342334825875
30.000000,239.9999999878687,37.999999998079211,-2.7850547056206358,-2002.7850547056207,-2.7850547056206358,-5.7953546622604479,-5.7953546622604479
30.000000,239.9999999878687,38.99999999802867,-2.5667604284744745,-2002.5667604284745,-2.5667604284744745,-5.5770603851142866,-5.5770603851142866
30.000000,239.9999999878687,39.999999997978122,-2.3550931723934374,-2002.3550931723935,-2.3550931723934374,-5.3653931290332491,-5.3653931290332491
30.000000,239.9999999878687,40.999999997927581,-2.1498174864865103,-2002.1498174864864,-2.1498174864865103,-5.1601174431263228,-5.1601174431263228
30.000000,239.9999999878687,41.999999997877033,-1.9507185133866456,-2001.9507185133866,-1.9507185133866456,-4.9610184700264579,-4.9610184700264579
30.000000,239.9999999878687,42.999999997826492,-1.7576000176076423,-2001.7576000176077,-1.7576000176076423,-4.7678999742474542,-4.7678999742474542
30.000000,239.9999999878687,43.999999997775944,-1.5702826355829975,-2001.570282635583,-1.5702826355829975,-4.5805825922228092,-4.5805825922228092
30.000000,239.9999999878687,44.999999997725396,-1.3886023176730553,-2001.3886023176731,-1.3886023176730553,-4.3989022743128672,-4.3989022743128672
30.000000,239.9999999878687,45.999999997674855,-1.2124089370062154,-2001.2124089370061,-1.2124089370062154,-4.2227088936460273,-4.2227088936460273
30.000000,239.9999999878687,46.999999997624307,-1.0415650438098734,-2001.0415650438099,-1.0415650438098734,-4.0518650004496859,-4.0518650004496859
30.000000,239.9999999878687,47.999999997573767,-0.87594474703838943,-2000.8759447470384,-0.87594474703838943,-3.8862447036782015,-3.8862447036782015
30.000000,239.9999999878687,48.999999997523219,-0.71543270773595924,-2000.715432707736,-0.71543270773595924,-3.7257326643757711,-3.7257326643757711
30.000000,239.9999999878687,49.999999997472678,-0.55992323077701822,-2000.559923230777,-0.55992323077701822,-3.5702231874168304,-3.5702231874168304
30.000000,239.9999999878687,50.99999999742213,-0.40931944348230337,-2000.4093194434822,-0.40931944348230337,-3.4196194001221154,-3.4196194001221154
30.000000,239.9999999878687,51.999999997371589,-0.26353255117485674,-2000.2635325511749,-0.26353255117485674,-3.2738325078146691,-3.2738325078146691
30.000000,239.9999999878687,52.999999997321041,-0.1224811610678664,-2000.1224811610678,-0.1224811610678664,-3.1327811177076783,-3.1327811177076783
30.000000,239.9999999878687,53.9999999972705,0.013909332995200356,-1999.9860906670049,0.013909332995200356,-2.9963906236446118,-2.9963906236446118
30.000000,239.9999999878687,54.999999997219952,0.14570731146507562,-1999.854292688535,0.14570731146507562,-2.8645926451747363,-2.8645926451747363
30.000000,239.9999999878687,55.999999997169411,0.27297544136892304,-1999.727024558631,0.27297544136892304,-2.7373245152708892,-2.7373245152708892
30.000000,239.9999999878687,56.999999997118863,0.3957711449366183,-1999.6042288550634,0.3957711449366183,-2.614528811703194,-2.614528811703194
30.000000,239.9999999878687,57.999999997068315,0.51414702894883668,-1999.4858529710511,0.51414702894883668,-2.4961529276909755,-2.4961529276909755
30.000000,239.9999999878687,58.999999997017767,0.62815127865962639,-1999.3718487213405,0.62815127865962639,-2.3821486779801857,-2.3821486779801857
30.000000,239.9999999878687,59.999999996967219,0.73782801969144485,-1999.2621719803085,0.73782801969144485,-2.2724719369483672,-2.2724719369483672
30.000000,239.9999999878687,60.999999996916664,0.84321765090638212,-1999.1567823490936,0.84321765090638212,-2.1670823057334299,-2.1670823057334299
30.000000,239.9999999878687,61.999999996866116,0.94435715091389349,-1999.0556428490861,0.94435715091389349,-2.0659428057259186,-2.0659428057259186
30.000000,239.9999999878687,62.999999996815561,1.0412803605761247,-1998.9587196394239,1.0412803605761247,-1.9690195960636874,-1.9690195960636874
30.000000,239.9999999878687,63.999999996765013,1.1340182436101185,-1998.8659817563898,1.1340182436101185,-1.8762817130296936,-1.8762817130296936
30.000000,239.9999999878687,64.999999996714465,1.2225991271566381,-1998.7774008728434,1.2225991271566381,-1.787700829483174,-1.787700829483174
30.000000,239.9999999878687,65.999999996663917,1.3070489239838845,-1998.692951076016,1.3070489239838845,-1.7032510326559276,-1.7032510326559276
30.000000,239.9999999878687,66.999999996613354,1.3873913378166023,-1998.6126086621834,1.3873913378166023,-1.6229086188232098,-1.6229086188232098
30.000000,239.9999999878687,67.999999996562806,1.4636480531244291,-1998.5363519468756,1.4636480531244291,-1.546651903515383,-1.546651903515383
30.000000,239.9999999878687,68.999999996512258,1.5358389105644519,-1998.4641610894355,1.5358389105644519,-1.4744610460753602,-1.4744610460753602
30.000000,239.9999999878687,69.99999999646171,1.6039820691499573,-1998.3960179308501,1.6039820691499573,-1.4063178874898548,-1.4063178874898548
30.000000,239.9999999878687,70.999999996411148,1.6680941561077849,-1998.3319058438922,1.6680941561077849,-1.3422058005320272,-1.3422058005320272
30.000000,239.9999999878687,71.9999999963606,1.7281904052891817,-1998.2718095947109,1.7281904052891817,-1.2821095513506304,-1.2821095513506304
30.000000,239.9999999878687,72.999999996310052,1.784284784911832,-1998.2157152150883,1.784284784911832,-1.2260151717279801,-1.2260151717279801
30.000000,239.9999999878687,73.999999996259504,1.8363901153325175,-1998.1636098846675,1.8363901153325175,-1.1739098413072946,-1.1739098413072946
30.000000,239.9999999878687,74.999999996208956,1.8845181774798145,-1998.1154818225202,1.8845181774798145,-1.1257817791599976,-1.1257817791599976
30.000000,239.9999999878687,75.999999996158394,1.928679812512798,-1998.0713201874871,1.928679812512798,-1.0816201441270141,-1.0816201441270141
30.000000,239.9999999878687,76.999999996107846,1.9688850132147218,-1998.0311149867853,1.9688850132147218,-1.0414149434250903,-1.0414149434250903
30.000000,239.9999999878687,77.999999996057298,2.0051430075787069,-1997.9948569924213,2.0051430075787069,-1.0051569490611052,-1.0051569490611052
30.000000,239.9999999878687,78.99999999600675,2.0374623349954408,-1997.9625376650044,2.0374623349954408,-0.97283762164437126,-0.97283762164437126
30.000000,239.9999999878687,79.999999995956202,2.0658509154098921,-1997.9341490845902,2.0658509154098921,-0.94444904122992002,-0.94444904122992002
30.000000,239.9999999878687,80.99999999590564,2.0903161117744702,-1997.9096838882256,2.0903161117744702,-0.9199838448653419,-0.9199838448653419
30.000000,239.9999999878687,81.999999995855092,2.1108647860901,-1997.8891352139099,2.1108647860901,-0.89943517054971212,-0.89943517054971212
30.000000,239.9999999878687,82.999999995804544,2.1275033492929181,-1997.872496650707,2.1275033492929181,-0.88279660734689402,-0.88279660734689402
30.000000,239.9999999878687,83.999999995753996,2.1402378052133133,-1997.8597621947868,2.1402378052133133,-0.87006215142649879,-0.87006215142649879
30.000000,239.9999999878687,84.999999995703433,2.1490737888050218,-1997.850926211195,2.1490737888050218,-0.86122616783479033,-0.86122616783479033
30.000000,239.9999999878687,85.999999995652885,2.154016598814648,-1997.8459834011853,2.154016598814648,-0.85628335782516407,-0.85628335782516407
30.000000,239.9999999878687,86.999999995602337,2.1550712250363242,-1997.8449287749636,2.1550712250363242,-0.85522873160348789,-0.85522873160348789
30.000000,239.9999999878687,87.999999995551789,2.1522423702717224,-1997.8477576297282,2.1522423702717224,-0.85805758636808971,-0.85805758636808971
30.000000,239.9999999878687,88.999999995501241,2.1455344670922445,-1997.8544655329079,2.1455344670922445,-0.8647654895475676,-0.8647654895475676
30.000000,239.9999999878687,89.999999995450679,2.1349516894776119,-1997.8650483105223,2.1349516894776119,-0.87534826716220016,-0.87534826716220016
30.000000,244.99999998761595,0,-999.99000000000001,-2999.9899999999998,-999.99000000000001,-1003.0002999566398,-1003.0002999566398
30.000000,244.99999998761595,0.99999999994945232,-34.383566057366146,-2034.3835660573661,-34.383566057366146,-37.393866014005958,-37.393866014005958
30.000000,244.99999998761595,1.9999999998989046,-28.362661395492509,-2028.3626613954925,-28.362661395492509,-31.372961352132322,-31.372961352132322
30.000000,244.99999998761595,2.9999999998483573,-24.840331284217825,-2024.8403312842179,-24.840331284217825,-27.850631240857638,-27.850631240857638
30.000000,244.99999998761595,3.9999999997978093,-22.34085591141627,-2022.3408559114164,-22.34085591141627,-25.351155868056082,-25.351155868056082
30.000000,244.99999998761595,4.9999999997472617,-20.401765549389907,-2020.4017655493899,-20.401765549389907,-23.41206550602972,-23.41206550602972
30.000000,244.99999998761595,5.9999999996967137,-18.817069082494438,-2018.8170690824945,-18.817069082494438,-21.827369039134251,-21.827369039134251
30.000000,244.99999998761595,6.9999999996461657,-17.476890071804608,-2017.4768900718045,-17.476890071804608,-20.48719002844442,-20.48719002844442
30.000000,244.99999998761595,7.9999999995956186,-16.315647752827982,-2016.315647752828,-16.315647752827982,-19.325947709467794,-19.325947709467794
30.000000,244.99999998761595,8.9999999995450715,-15.291046994024061,-2015.2910469940241,-15.291046994024061,-18.301346950663874,-18.301346950663874
30.000000,244.99999998761595,9.9999999994945235,-14.374214872112475,-2014.3742148721126,-14.374214872112475,-17.384514828752287,-17.384514828752287
30.000000,244.99999998761595,10.999999999443975,-13.544563461584143,-2013.5445634615842,-13.544563461584143,-16.554863418223956,-16.554863418223956
30.000000,244.99999998761595,11.999999999393427,-12.786897391854431,-2012.7868973918544,-12.786897391854431,-15.797197348494244,-15.797197348494244
30.000000,244.99999998761595,12.999999999342879,-12.089683140982467,-2012.0896831409825,-12.089683140982467,-15.09998309762228,-15.09998309762228
30.000000,244.99999998761595,13.999999999292331,-11.443961532122653,-2011.4439615321226,-11.443961532122653,-14.454261488762466,-14.454261488762466
30.000000,244.99999998761595,14.999999999241785,-10.842636318685297,-2010.8426363186852,-10.842636318685297,-13.85293627532511,-13.85293627532511
30.000000,244.99999998761595,15.999999999191237,-10.279992824813791,-2010.2799928248137,-10.279992824813791,-13.290292781453603,-13.290292781453603
30.000000,244.99999998761595,16.999999999140691,-9.7513627599945565,-2009.7513627599947,-9.7513627599945565,-12.761662716634369,-12.761662716634369
30.000000,244.99999998761595,17.999999999090143,-9.2528849728933373,-2009.2528849728933,-9.2528849728933373,-12.26318492953315,-12.26318492953315
30.000000,244.99999998761595,18.999999999039595,-8.7813309640903192,-2008.7813309640903,-8.7813309640903192,-11.791630920730132,-11.791630920730132
30.000000,244.99999998761595,19.999999998989047,-8.3339751947745597,-2008.3339751947747,-8.3339751947745597,-11.344275151414372,-11.344275151414372
30.000000,244.99999998761595,20.999999998938499,-7.9084970583907399,-2007.9084970583908,-7.9084970583907399,-10.918797015030552,-10.918797015030552
30.000000,244.99999998761595,21.999999998887951,-7.5029056656199984,-2007.5029056656199,-7.5029056656199984,-10.513205622259811,-10.513205622259811
30.000000,244.99999998761595,22.999999998837403,-7.1154813506869585,-2007.1154813506869,-7.1154813506869585,-10.12578130732677,-10.12578130732677
30.000000,244.99999998761595,23.999999998786855,-6.7447296242718018,-2006.7447296242717,-6.7447296242718018,-9.7550295809116143,-9.7550295809116143
30.000000,244.99999998761595,24.999999998736307,-6.3893445212932418,-2006.3893445212932,-6.3893445212932418,-9.3996444779330535,-9.3996444779330535
30.000000,244.99999998761595,25.999999998685759,-6.0481791306006558,-2006.0481791306006,-6.0481791306006558,-9.0584790872404675,-9.0584790872404675
30.000000,244.99999998761595,26.999999998635211,-5.7202216788485218,-2005.7202216788485,-5.7202216788485218,-8.7305216354883335,-8.7305216354883335
30.000000,244.99999998761595,27.999999998584663,-5.4045759556107056,-2005.4045759556107,-5.4045759556107056,-8.4148759122505172,-8.4148759122505172
30.000000,244.99999998761595,28.999999998534115,-5.1004451650186269,-2005.1004451650185,-5.1004451650186269,-8.1107451216584394,-8.1107451216584394
30.000000,244.99999998761595,29.99999999848357,-4.8071185064765674,-2004.8071185064766,-4.8071185064765674,-7.817418463116379,-7.817418463116379
30.000000,244.99999998761595,30.999999998433026,-4.5239599472338989,-2004.5239599472338,-4.5239599472338989,-7.5342599038737106,-7.5342599038737106
30.000000,244.99999998761595,31.999999998382481,-4.2503987690913263,-2004.2503987690914,-4.2503987690913263,-7.2606987257311388,-7.2606987257311388
30.000000,244.99999998761595,32.999999998331937,-3.9859215615762897,-2003.9859215615763,-3.9859215615762897,-6.9962215182161014,-6.9962215182161014
30.000000,244.99999998761595,33.999999998281389,-3.7300654024562903,-2003.7300654024564,-3.7300654024562903,-6.7403653590961028,-6.7403653590961028
30.000000,244.99999998761595,34.999999998230848,-3.4824120190889758,-2003.482412019089,-3.4824120190889758,-6.4927119757287883,-6.4927119757287883
30.000000,244.99999998761595,35.9999999981803,-3.2425827648678611,-2003.2425827648678,-3.2425827648678611,-6.2528827215076728,-6.2528827215076728
30.000000,244.99999998761595,36.999999998129759,-3.0102342768427754,-2003.0102342768428,-3.0102342768427754,-6.0205342334825875,-6.0205342334825875
30.000000,244.99999998761595,37.999999998079211,-2.7850547056206358,-2002.7850547056207,-2.7850547056206358,-5.7953546622604479,-5.7953546622604479
30.000000,244.99999998761595,38.99999999802867,-2.5667604284744745,-2002.5667604284745,-2.5667604284744745,-5.5770603851142866,-5.5770603851142866
30.000000,244.99999998761595,39.999999997978122,-2.3550931723934374,-2002.3550931723935,-2.3550931723934374,-5.3653931290332491,-5.3653931290332491
30.000000,244.99999998761595,40.999999997927581,-2.1498174864865103,-2002.1498174864864,-2.1498174864865103,-5.1601174431263228,-5.1601174431263228
30.000000,244.99999998761595,41.999999997877033,-1.9507185133866456,-2001.9507185133866,-1.9507185133866456,-4.9610184700264579,-4.9610184700264579
30.000000,244.99999998761595,42.999999997826492,-1.7576000176076423,-2001.7576000176077,-1.7576000176076423,-4.7678999742474542,-4.7678999742474542
30.000000,244.99999998761595,43.999999997775944,-1.5702826355829975,-2001.570282635583,-1.5702826355829975,-4.5805825922228092,-4.5805825922228092
30.000000,244.99999998761595,44.999999997725396,-1.3886023176730553,-2001.3886023176731,-1.3886023176730553,-4.3989022743128672,-4.3989022743128672
30.000000,244.99999998761595,45.999999997674855,-1.2124089370062154,-2001.2124089370061,-1.2124089370062154,-4.2227088936460273,-4.2227088936460273
30.000000,244.99999998761595,46.999999997624307,-1.0415650438098734,-2001.0415650438099,-1.0415650438098734,-4.0518650004496859,-4.0518650004496859
30.000000,244.99999998761595,47.999999997573767,-0.87594474703838943,-2000.8759447470384,-0.87594474703838943,-3.8862447036782015,-3.8862447036782015
30.000000,244.99999998761595,48.999999997523219,-0.71543270773595924,-2000.715432707736,-0.71543270773595924,-3.7257326643757711,-3.7257326643757711
30.000000,244.99999998761595,49.999999997472678,-0.55992323077701822,-2000.559923230777,-0.55992323077701822,-3.5702231874168304,-3.5702231874168304
30.000000,244.99999998761595,50.99999999742213,-0.40931944348230337,-2000.4093194434822,-0.40931944348230337,-3.4196194001221154,-3.4196194001221154
30.000000,244.99999998761595,51.999999997371589,-0.26353255117485674,-2000.2635325511749,-0.26353255117485674,-3.2738325078146691,-3.2738325078146691
30.000000,244.99999998761595,52.999999997321041,-0.1224811610678664,-2000.1224811610678,-0.1224811610678664,-3.1327811177076783,-3.1327811177076783
30.000000,244.99999998761595,53.9999999972705,0.013909332995200356,-1999.9860906670049,0.013909332995200356,-2.9963906236446118,-2.9963906236446118
30.000000,244.99999998761595,54.999999997219952,0.14570731146507562,-1999.854292688535,0.14570731146507562,-2.8645926451747363,-2.8645926451747363
30.000000,244.99999998761595,55.999999997169411,0.27297544136892304,-1999.727024558631,0.27297544136892304,-2.7373245152708892,-2.7373245152708892
30.000000,244.99999998761595,56.999999997118863,0.3957711449366183,-1999.6042288550634,0.3957711449366183,-2.614528811703194,-2.614528811703194
30.000000,244.99999998761595,57.999999997068315,0.51414702894883668,-1999.4858529710511,0.51414702894883668,-2.4961529276909755,-2.4961529276909755
30.000000,244.99999998761595,58.999999997017767,0.62815127865962639,-1999.3718487213405,0.62815127865962639,-2.3821486779801857,-2.3821486779801857
30.000000,244.99999998761595,59.999999996967219,0.73782801969144485,-1999.2621719803085,0.73782801969144485,-2.2724719369483672,-2.2724719369483672
30.000000,244.99999998761595,60.999999996916664,0.84321765090638212,-1999.1567823490936,0.84321765090638212,-2.1670823057334299,-2.1670823057334299
30.000000,244.99999998761595,61.999999996866116,0.94435715091389349,-1999.0556428490861,0.94435715091389349,-2.0659428057259186,-2.0659428057259186
30.000000,244.99999998761595,62.999999996815561,1.0412803605761247,-1998.9587196394239,1.0412803605761247,-1.9690195960636874,-1.9690195960636874
30.000000,244.99999998761595,63.999999996765013,1.1340182436101185,-1998.8659817563898,1.1340182436101185,-1.8762817130296936,-1.8762817130296936
30.000000,244.99999998761595,64.999999996714465,1.2225991271566381,-1998.7774008728434,1.2225991271566381,-1.787700829483174,-1.787700829483174
30.000000,244.99999998761595,65.999999996663917,1.3070489239838845,-1998.692951076016,1.3070489239838845,-1.7032510326559276,-1.7032510326559276
30.000000,244.99999998761595,66.999999996613354,1.3873913378166023,-1998.6126086621834,1.3873913378166023,-1.6229086188232098,-1.6229086188232098
30.000000,244.99999998761595,67.999999996562806,1.4636480531244291,-1998.5363519468756,1.4636480531244291,-1.546651903515383,-1.546651903515383
30.000000,244.99999998761595,68.999999996512258,1.5358389105644519,-1998.4641610894355,1.5358389105644519,-1.4744610460753602,-1.4744610460753602
30.000000,244.99999998761595,69.99999999646171,1.6039820691499573,-1998.3960179308501,1.6039820691499573,-1.4063178874898548,-1.4063178874898548
30.000000,244.99999998761595,70.999999996411148,1.6680941561077849,-1998.3319058438922,1.6680941561077849,-1.3422058005320272,-1.3422058005320272
30.000000,244.99999998761595,71.9999999963606,1.7281904052891817,-1998.2718095947109,1.7281904052891817,-1.2821095513506304,-1.2821095513506304
30.000000,244.99999998761595,72.999999996310052,1.784284784911832,-1998.2157152150883,1.784284784911832,-1.2260151717279801,-1.2260151717279801
30.000000,244.99999998761595,73.999999996259504,1.8363901153325175,-1998.1636098846675,1.8363901153325175,-1.1739098413072946,-1.1739098413072946
30.000000,244.99999998761595,74.999999996208956,1.8845181774798145,-1998.1154818225202,1.8845181774798145,-1.1257817791599976,-1.1257817791599976
30.000000,244.99999998761595,75.999999996158394,1.928679812512798,-1998.0713201874871,1.928679812512798,-1.0816201441270141,-1.0816201441270141
30.000000,244.99999998761595,76.999999996107846,1.9688850132147218,-1998.0311149867853,1.9688850132147218,-1.0414149434250903,-1.0414149434250903
30.000000,244.99999998761595,77.999999996057298,2.0051430075787069,-1997.9948569924213,2.0051430075787069,-1.0051569490611052,-1.0051569490611052
30.000000,244.99999998761595,78.99999999600675,2.0374623349954408,-1997.9625376650044,2.0374623349954408,-0.97283762164437126,-0.97283762164437126
30.000000,244.99999998761595,79.999999995956202,2.0658509154098921,-1997.9341490845902,2.0658509154098921,-0.94444904122992002,-0.94444904122992002
30.000000,244.99999998761595,80.99999999590564,2.0903161117744702,-1997.9096838882256,2.0903161117744702,-0.9199838448653419,-0.9199838448653419
30.000000,244.99999998761595,81.999999995855092,2.1108647860901,-1997.8891352139099,2.1108647860901,-0.89943517054971212,-0.89943517054971212
30.000000,244.99999998761595,82.999999995804544,2.1275033492929181,-1997.872496650707,2.1275033492929181,-0.88279660734689402,-0.88279660734689402
30.000000,244.99999998761595,83.999999995753996,2.1402378052133133,-1997.8597621947868,2.1402378052133133,-0.87006215142649879,-0.87006215142649879
30.000000,244.99999998761595,84.999999995703433,2.1490737888050218,-1997.850926211195,2.1490737888050218,-0.86122616783479033,-0.86122616783479033
30.000000,244.99999998761595,85.999999995652885,2.154016598814648,-1997.8459834011853,2.154016598814648,-0.85628335782516407,-0.85628335782516407
30.000000,244.99999998761595,86.999999995602337,2.1550712250363242,-1997.8449287749636,2.1550712250363242,-0.85522873160348789,-0.85522873160348789
30.000000,244.99999998761595,87.999999995551789,2.1522423702717224,-1997.8477576297282,2.1522423702717224,-0.85805758636808971,-0.85805758636808971
30.000000,244.99999998761595,88.999999995501241,2.1455344670922445,-1997.8544655329079,2.1455344670922445,-0.8647654895475676,-0.8647654895475676
30.000000,244.99999998761595,89.999999995450679,2.1349516894776119,-1997.8650483105223,2.1349516894776119,-0.87534826716220016,-0.87534826716220016
30.000000,249.9999999873632,0,-999.99000000000001,-2999.9899999999998,-999.99000000000001,-1003.0002999566398,-1003.0002999566398
30.000000,249.9999999873632,0.99999999994945232,-34.383566057366146,-2034.3835660573661,-34.383566057366146,-37.393866014005958,-37.393866014005958
30.000000,249.9999999873632,1.9999999998989046,-28.362661395492509,-2028.3626613954925,-28.362661395492509,-31.372961352132322,-31.372961352132322
30.000000,249.9999999873632,2.9999999998483573,-24.840331284217825,-2024.8403312842179,-24.840331284217825,-27.850631240857638,-27.850631240857638
30.000000,249.9999999873632,3.9999999997978093,-22.34085591141627,-2022.3408559114164,-22.34085591141627,-25.351155868056082,-25.351155868056082
30.000000,249.9999999873632,4.9999999997472617,-20.401765549389907,-2020.4017655493899,-20.401765549389907,-23.41206550602972,-23.41206550602972
30.000000,249.9999999873632,5.9999999996967137,-18.817069082494438,-2018.8170690824945,-18.817069082494438,-21.827369039134251,-21.827369039134251
30.000000,249.9999999873632,6.9999999996461657,-17.476890071804608,-2017.4768900718045,-17.476890071804608,-20.48719002844442,-20.48719002844442
30.000000,249.9999999873632,7.9999999995956186,-16.315647752827982,-2016.315647752828,-16.315647752827982,-19.325947709467794,-19.325947709467794
30.000000,249.9999999873632,8.9999999995450715,-15.291046994024061,-2015.2910469940241,-15.291046994024061,-18.301346950663874,-18.301346950663874
30.000000,249.9999999873632,9.9999999994945235,-14.374214872112475,-2014.3742148721126,-14.374214872112475,-17.384514828752287,-17.384514828752287
30.000000,249.9999999873632,10.999999999443975,-13.544563461584143,-2013.5445634615842,-13.544563461584143,-16.554863418223956,-16.554863418223956
30.000000,249.9999999873632,11.999999999393427,-12.786897391854431,-2012.7868973918544,-12.786897391854431,-15.797197348494244,-15.797197348494244
30.000000,249.9999999873632,12.999999999342879,-12.089683140982467,-2012.0896831409825,-12.089683140982467,-15.09998309762228,-15.09998309762228
30.000000,249.9999999873632,13.999999999292331,-11.443961532122653,-2011.4439615321226,-11.443961532122653,-14.454261488762466,-14.454261488762466
30.000000,249.9999999873632,14.999999999241785,-10.842636318685297,-2010.8426363186852,-10.842636318685297,-13.85293627532511,-13.85293627532511
30.000000,249.9999999873632,15.999999999191237,-10.279992824813791,-2010.2799928248137,-10.279992824813791,-13.290292781453603,-13.290292781453603
30.000000,249.9999999873632,16.999999999140691,-9.7513627599945565,-2009.7513627599947,-9.7513627599945565,-12.761662716634369,-12.761662716634369
30.000000,249.9999999873632,17.999999999090143,-9.2528849728933373,-2009.2528849728933,-9.2528849728933373,-12.26318492953315,-12.26318492953315
30.000000,249.9999999873632,18.999999999039595,-8.7813309640903192,-2008.7813309640903,-8.7813309640903192,-11.791630920730132,-11.791630920730132
30.000000,249.9999999873632,19.999999998989047,-8.3339751947745597,-2008.3339751947747,-8.3339751947745597,-11.344275151414372,-11.344275151414372
30.000000,249.9999999873632,20.999999998938499,-7.9084970583907399,-2007.9084970583908,-7.9084970583907399,-10.918797015030552,-10.918797015030552
30.000000,249.9999999873632,21.999999998887951,-7.5029056656199984,-2007.5029056656199,-7.5029056656199984,-10.513205622259811,-10.513205622259811
30.000000,249.9999999873632,22.999999998837403,-7.1154813506869585,-2007.1154813506869,-7.1154813506869585,-10.12578130732677,-10.12578130732677
30.000000,249.9999999873632,23.999999998786855,-6.7447296242718018,-2006.7447296242717,-6.7447296242718018,-9.7550295809116143,-9.7550295809116143
30.000000,249.9999999873632,24.999999998736307,-6.3893445212932418,-2006.3893445212932,-6.3893445212932418,-9.3996444779330535,-9.3996444779330535
30.000000,249.9999999873632,25.999999998685759,-6.0481791306006558,-2006.0481791306006,-6.0481791306006558,-9.0584790872404675,-9.0584790872404675
30.000000,249.9999999873632,26.999999998635211,-5.7202216788485218,-2005.7202216788485,-5.7202216788485218,-8.7305216354883335,-8.7305216354883335
30.000000,249.9999999873632,27.999999998584663,-5.4045759556107056,-2005.4045759556107,-5.4045759556107056,-8.4148759122505172,-8.4148759122505172
30.000000,249.9999999873632,28.999999998534115,-5.1004451650186269,-2005.1004451650185,-5.1004451650186269,-8.1107451216584394,-8.1107451216584394
30.000000,249.9999999873632,29.99999999848357,-4.8071185064765674,-2004.8071185064766,-4.8071185064765674,-7.817418463116379,-7.817418463116379
30.000000,249.9999999873632,30.999999998433026,-4.5239599472338989,-2004.5239599472338,-4.5239599472338989,-7.5342599038737106,-7.5342599038737106
30.000000,249.9999999873632,31.999999998382481,-4.2503987690913263,-2004.2503987690914,-4.2503987690913263,-7.2606987257311388,-7.2606987257311388
30.000000,249.9999999873632,32.999999998331937,-3.9859215615762897,-2003.9859215615763,-3.9859215615762897,-6.9962215182161014,-6.9962215182161014
30.000000,249.9999999873632,33.999999998281389,-3.7300654024562903,-2003.7300654024564,-3.7300654024562903,-6.7403653590961028,-6.7403653590961028
30.000000,249.9999999873632,34.999999998230848,-3.4824120190889758,-2003.482412019089,-3.4824120190889758,-6.4927119757287883,-6.4927119757287883
30.000000,249.9999999873632,35.9999999981803,-3.2425827648678611,-2003.2425827648678,-3.2425827648678611,-6.2528827215076728,-6.2528827215076728
30.000000,249.9999999873632,36.999999998129759,-3.0102342768427754,-2003.0102342768428,-3.0102342768427754,-6.0205342334825875,-6.0205342334825875
30.000000,249.9999999873632,37.999999998079211,-2.7850547056206358,-2002.7850547056207,-2.7850547056206358,-5.7953546622604479,-5.7953546622604479
30.000000,249.9999999873632,38.99999999802867,-2.5667604284744745,-2002.5667604284745,-2.5667604284744745,-5.5770603851142866,-5.5770603851142866
30.000000,249.9999999873632,39.999999997978122,-2.3550931723934374,-2002.3550931723935,-2.3550931723934374,-5.3653931290332491,-5.3653931290332491
30.000000,249.9999999873632,40.999999997927581,-2.1498174864865103,-2002.1498174864864,-2.1498174864865103,-5.1601174431263228,-5.1601174431263228
30.000000,249.9999999873632,41.999999997877033,-1.9507185133866456,-2001.9507185133866,-1.9507185133866456,-4.9610184700264579,-4.9610184700264579
30.000000,249.9999999873632,42.999999997826492,-1.7576000176076423,-2001.7576000176077,-1.7576000176076423,-4.7678999742474542,-4.7678999742474542
30.000000,249.9999999873632,43.999999997775944,-1.5702826355829975,-2001.570282635583,-1.5702826355829975,-4.5805825922228092,-4.5805825922228092
30.000000,249.9999999873632,44.999999997725396,-1.3886023176730553,-2001.3886023176731,-1.3886023176730553,-4.3989022743128672,-4.3989022743128672
30.000000,249.9999999873632,45.999999997674855,-1.2124089370062154,-2001.2124089370061,-1.2124089370062154,-4.2227088936460273,-4.2227088936460273
30.000000,249.9999999873632,46.999999997624307,-1.0415650438098734,-2001.0415650438099,-1.0415650438098734,-4.0518650004496859,-4.0518650004496859
30.000000,249.9999999873632,47.999999997573767,-0.87594474703838943,-2000.8759447470384,-0.87594474703838943,-3.8862447036782015,-3.8862447036782015
30.000000,249.9999999873632,48.999999997523219,-0.71543270773595924,-2000.715432707736,-0.71543270773595924,-3.7257326643757711,-3.7257326643757711
30.000000,249.9999999873632,49.999999997472678,-0.55992323077701822,-2000.559923230777,-0.55992323077701822,-3.5702231874168304,-3.5702231874168304
30.000000,249.9999999873632,50.99999999742213,-0.40931944348230337,-2000.4093194434822,-0.40931944348230337,-3.4196194001221154,-3.4196194001221154
30.000000,249.9999999873632,51.999999997371589,-0.26353255117485674,-2000.2635325511749,-0.26353255117485674,-3.2738325078146691,-3.2738325078146691
30.000000,249.9999999873632,52.999999997321041,-0.1224811610678664,-2000.1224811610678,-0.1224811610678664,-3.1327811177076783,-3.1327811177076783
30.000000,249.9999999873632,53.9999999972705,0.013909332995200356,-1999.9860906670049,0.013909332995200356,-2.9963906236446118,-2.9963906236446118
30.000000,249.9999999873632,54.999999997219952,0.14570731146507562,-1999.854292688535,0.14570731146507562,-2.8645926451747363,-2.8645926451747363
30.000000,249.9999999873632,55.999999997169411,0.27297544136892304,-1999.727024558631,0.27297544136892304,-2.7373245152708892,-2.7373245152708892
30.000000,249.9999999873632,56.999999997118863,0.3957711449366183,-1999.6042288550634,0.3957711449366183,-2.614528811703194,-2.614528811703194
30.000000,249.9999999873632,57.999999997068315,0.51414702894883668,-1999.4858529710511,0.51414702894883668,-2.4961529276909755,-2.4961529276909755
30.000000,249.9999999873632,58.999999997017767,0.62815127865962639,-1999.3718487213405,0.62815127865962639,-2.3821486779801857,-2.3821486779801857
30.000000,249.9999999873632,59.999999996967219,0.73782801969144485,-1999.2621719803085,0.73782801969144485,-2.2724719369483672,-2.2724719369483672
30.000000,249.9999999873632,60.999999996916664,0.84321765090638212,-1999.1567823490936,0.84321765090638212,-2.1670823057334299,-2.1670823057334299
30.000000,249.9999999873632,61.999999996866116,0.94435715091389349,-1999.0556428490861,0.94435715091389349,-2.0659428057259186,-2.0659428057259186
30.000000,249.9999999873632,62.999999996815561,1.0412803605761247,-1998.9587196394239,1.0412803605761247,-1.9690195960636874,-1.9690195960636874
30.000000,249.9999999873632,63.999999996765013,1.1340182436101185,-1998.8659817563898,1.1340182436101185,-1.8762817130296936,-1.8762817130296936
30.000000,249.9999999873632,64.999999996714465,1.2225991271566381,-1998.7774008728434,1.2225991271566381,-1.787700829483174,-1.787700829483174
30.000000,249.9999999873632,65.999999996663917,1.3070489239838845,-1998.692951076016,1.3070489239838845,-1.7032510326559276,-1.7032510326559276
30.000000,249.9999999873632,66.999999996613354,1.3873913378166023,-1998.6126086621834,1.3873913378166023,-1.6229086188232098,-1.6229086188232098
30.000000,249.9999999873632,67.999999996562806,1.4636480531244291,-1998.5363519468756,1.4636480531244291,-1.546651903515383,-1.546651903515383
30.000000,249.9999999873632,68.999999996512258,1.5358389105644519,-1998.4641610894355,1.5358389105644519,-1.4744610460753602,-1.4744610460753602
30.000000,249.9999999873632,69.99999999646171,1.6039820691499573,-1998.3960179308501,1.6039820691499573,-1.4063178874898548,-1.4063178874898548
30.000000,249.9999999873632,70.999999996411148,1.6680941561077849,-1998.3319058438922,1.6680941561077849,-1.3422058005320272,-1.3422058005320272
30.000000,249.9999999873632,71.9999999963606,1.7281904052891817,-1998.2718095947109,1.7281904052891817,-1.2821095513506304,-1.2821095513506304
30.000000,249.9999999873632,72.999999996310052,1.784284784911832,-1998.2157152150883,1.784284784911832,-1.2260151717279801,-1.2260151717279801
30.000000,249.9999999873632,73.999999996259504,1.8363901153325175,-1998.1636098846675,1.8363901153325175,-1.1739098413072946,-1.1739098413072946
30.000000,249.9999999873632,74.999999996208956,1.8845181774798145,-1998.1154818225202,1.8845181774798145,-1.1257817791599976,-1.1257817791599976
30.000000,249.9999999873632,75.999999996158394,1.928679812512798,-1998.0713201874871,1.928679812512798,-1.0816201441270141,-1.0816201441270141
30.000000,249.9999999873632,76.999999996107846,1.9688850132147218,-1998.0311149867853,1.9688850132147218,-1.0414149434250903,-1.0414149434250903
30.000000,249.9999999873632,77.999999996057298,2.0051430075787069,-1997.9948569924213,2.0051430075787069,-1.0051569490611052,-1.0051569490611052
30.000000,249.9999999873632,78.99999999600675,2.0374623349954408,-1997.9625376650044,2.0374623349954408,-0.97283762164437126,-0.97283762164437126
30.000000,249.9999999873632,79.999999995956202,2.0658509154098921,-1997.9341490845902,2.0658509154098921,-0.94444904122992002,-0.94444904122992002
30.000000,249.9999999873632,80.99999999590564,2.0903161117744702,-1997.9096838882256,2.0903161117744702,-0.9199838448653419,-0.9199838448653419
30.000000,249.9999999873632,81.999999995855092,2.1108647860901,-1997.8891352139099,2.1108647860901,-0.89943517054971212,-0.89943517054971212
30.000000,249.9999999873632,82.999999995804544,2.1275033492929181,-1997.872496650707,2.1275033492929181,-0.88279660734689402,-0.88279660734689402
30.000000,249.9999999873632,83.999999995753996,2.1402378052133133,-1997.8597621947868,2.1402378052133133,-0.87006215142649879,-0.87006215142649879
30.000000,249.9999999873632,84.999999995703433,2.1490737888050218,-1997.850926211195,2.1490737888050218,-0.86122616783479033,-0.86122616783479033
30.000000,249.9999999873632,85.999999995652885,2.154016598814648,-1997.8459834011853,2.154016598814648,-0.85628335782516407,-0.85628335782516407
30.000000,249.9999999873632,86.999999995602337,2.1550712250363242,-1997.8449287749636,2.1550712250363242,-0.85522873160348789,-0.85522873160348789
30.000000,249.9999999873632,87.999999995551789,2.1522423702717224,-1997.8477576297282,2.1522423702717224,-0.85805758636808971,-0.85805758636808971
30.000000,249.9999999873632,88.999999995501241,2.1455344670922445,-1997.8544655329079,2.1455344670922445,-0.8647654895475676,-0.8647654895475676
30.000000,249.9999999873632,89.999999995450679,2.1349516894776119,-1997.8650483105223,2.1349516894776119,-0.87534826716220016,-0.87534826716220016
30.000000,254.99999998711044,0,-999.99000000000001,-2999.9899999999998,-999.99000000000001,-1003.0002999566398,-1003.0002999566398
30.000000,254.99999998711044,0.99999999994945232,-34.383566057366146,-2034.3835660573661,-34.383566057366146,-37.393866014005958,-37.393866014005958
30.000000,254.99999998711044,1.9999999998989046,-28.362661395492509,-2028.3626613954925,-28.362661395492509,-31.372961352132322,-31.372961352132322
30.000000,254.99999998711044,2.9999999998483573,-24.840331284217825,-2024.8403312842179,-24.840331284217825,-27.850631240857638,-27.850631240857638
30.000000,254.99999998711044,3.9999999997978093,-22.34085591141627,-2022.3408559114164,-22.34085591141627,-25.351155868056082,-25.351155868056082
30.000000,254.99999998711044,4.9999999997472617,-20.401765549389907,-2020.4017655493899,-20.401765549389907,-23.41206550602972,-23.41206550602972
30.000000,254.99999998711044,5.9999999996967137,-18.817069082494438,-2018.8170690824945,-18.817069082494438,-21.827369039134251,-21.827369039134251
30.000000,254.99999998711044,6.9999999996461657,-17.476890071804608,-2017.4768900718045,-17.476890071804608,-20.48719002844442,-20.48719002844442
30.000000,254.99999998711044,7.9999999995956186,-16.315647752827982,-2016.315647752828,-16.315647752827982,-19.325947709467794,-19.325947709467794
30.000000,254.99999998711044,8.9999999995450715,-15.291046994024061,-2015.2910469940241,-15.291046994024061,-18.301346950663874,-18.301346950663874
30.000000,254.99999998711044,9.9999999994945235,-14.374214872112475,-2014.3742148721126,-14.374214872112475,-17.384514828752287,-17.384514828752287
30.000000,254.99999998711044,10.999999999443975,-13.544563461584143,-2013.5445634615842,-13.544563461584143,-16.554863418223956,-16.554863418223956
30.000000,254.99999998711044,11.999999999393427,-12.786897391854431,-2012.7868973918544,-12.786897391854431,-15.797197348494244,-15.797197348494244
30.000000,254.99999998711044,12.999999999342879,-12.089683140982467,-2012.0896831409825,-12.089683140982467,-15.09998309762228,-15.09998309762228
30.000000,254.99999998711044,13.999999999292331,-11.443961532122653,-2011.4439615321226,-11.443961532122653,-14.454261488762466,-14.454261488762466
30.000000,254.99999998711044,14.999999999241785,-10.842636318685297,-2010.8426363186852,-10.842636318685297,-13.85293627532511,-13.85293627532511
30.000000,254.99999998711044,15.999999999191237,-10.279992824813791,-2010.2799928248137,-10.279992824813791,-13.290292781453603,-13.290292781453603
30.000000,254.99999998711044,16.999999999140691,-9.7513627599945565,-2009.7513627599947,-9.7513627599945565,-12.761662716634369,-12.761662716634369
30.000000,254.99999998711044,17.999999999090143,-9.2528849728933373,-2009.2528849728933,-9.2528849728933373,-12.26318492953315,-12.26318492953315
30.000000,254.99999998711044,18.999999999039595,-8.7813309640903192,-2008.7813309640903,-8.7813309640903192,-11.791630920730132,-11.791630920730132
30.000000,254.99999998711044,19.999999998989047,-8.3339751947745597,-2008.3339751947747,-8.3339751947745597,-11.344275151414372,-11.344275151414372
30.000000,254.99999998711044,20.999999998938499,-7.9084970583907399,-2007.9084970583908,-7.9084970583907399,-10.918797015030552,-10.918797015030552
30.000000,254.99999998711044,21.999999998887951,-7.5029056656199984,-2007.5029056656199,-7.5029056656199984,-10.513205622259811,-10.513205622259811
30.000000,254.99999998711044,22.999999998837403,-7.1154813506869585,-2007.1154813506869,-7.1154813506869585,-10.12578130732677,-10.12578130732677
30.000000,254.99999998711044,23.999999998786855,-6.7447296242718018,-2006.7447296242717,-6.7447296242718018,-9.7550295809116143,-9.7550295809116143
30.000000,254.99999998711044,24.999999998736307,-6.3893445212932418,-2006.3893445212932,-6.3893445212932418,-9.3996444779330535,-9.3996444779330535
30.000000,254.99999998711044,25.999999998685759,-6.0481791306006558,-2006.0481791306006,-6.0481791306006558,-9.0584790872404675,-9.0584790872404675
30.000000,254.99999998711044,26.999999998635211,-5.7202216788485218,-2005.7202216788485,-5.7202216788485218,-8.7305216354883335,-8.7305216354883335
30.000000,254.99999998711044,27.999999998584663,-5.4045759556107056,-2005.4045759556107,-5.4045759556107056,-8.4148759122505172,-8.4148759122505172
30.000000,254.99999998711044,28.999999998534115,-5.1004451650186269,-2005.1004451650185,-5.1004451650186269,-8.1107451216584394,-8.1107451216584394
30.000000,254.99999998711044,29.99999999848357,-4.8071185064765674,-2004.8071185064766,-4.8071185064765674,-7.817418463116379,-7.817418463116379
30.000000,254.99999998711044,30.999999998433026,-4.5239599472338989,-2004.5239599472338,-4.5239599472338989,-7.5342599038737106,-7.5342599038737106
30.000000,254.99999998711044,31.999999998382481,-4.2503987690913263,-2004.2503987690914,-4.2503987690913263,-7.2606987257311388,-7.2606987257311388
30.000000,254.99999998711044,32.999999998331937,-3.9859215615762897,-2003.9859215615763,-3.9859215615762897,-6.9962215182161014,-6.9962215182161014
30.000000,254.99999998711044,33.999999998281389,-3.7300654024562903,-2003.7300654024564,-3.7300654024562903,-6.7403653590961028,-6.7403653590961028
30.000000,254.99999998711044,34.999999998230848,-3.4824120190889758,-2003.482412019089,-3.4824120190889758,-6.4927119757287883,-6.4927119757287883
30.000000,254.99999998711044,35.9999999981803,-3.2425827648678611,-2003.2425827648678,-3.2425827648678611,-6.2528827215076728,-6.2528827215076728
30.000000,254.99999998711044,36.999999998129759,-3.0102342768427754,-2003.0102342768428,-3.0102342768427754,-6.0205342334825875,-6.0205342334825875
30.000000,254.99999998711044,37.999999998079211,-2.7850547056206358,-2002.7850547056207,-2.7850547056206358,-5.7953546622604479,-5.7953546622604479
30.000000,254.99999998711044,38.99999999802867,-2.5667604284744745,-2002.5667604284745,-2.5667604284744745,-5.5770603851142866,-5.5770603851142866
30.000000,254.99999998711044,39.999999997978122,-2.3550931723934374,-2002.3550931723935,-2.3550931723934374,-5.3653931290332491,-5.3653931290332491
30.000000,254.99999998711044,40.999999997927581,-2.1498174864865103,-2002.1498174864864,-2.1498174864865103,-5.1601174431263228,-5.1601174431263228
30.000000,254.99999998711044,41.999999997877033,-1.9507185133866456,-2001.9507185133866,-1.9507185133866456,-4.9610184700264579,-4.9610184700264579
30.000000,254.99999998711044,42.999999997826492,-1.7576000176076423,-2001.7576000176077,-1.7576000176076423,-4.7678999742474542,-4.7678999742474542
30.000000,254.99999998711044,43.999999997775944,-1.5702826355829975,-2001.570282635583,-1.5702826355829975,-4.5805825922228092,-4.5805825922228092
30.000000,254.99999998711044,44.999999997725396,-1.3886023176730553,-2001.3886023176731,-1.3886023176730553,-4.3989022743128672,-4.3989022743128672
30.000000,254.99999998711044,45.999999997674855,-1.2124089370062154,-2001.2124089370061,-1.2124089370062154,-4.2227088936460273,-4.2227088936460273
30.000000,254.99999998711044,46.999999997624307,-1.0415650438098734,-2001.0415650438099,-1.0415650438098734,-4.0518650004496859,-4.0518650004496859
30.000000,254.99999998711044,47.999999997573767,-0.87594474703838943,-2000.8759447470384,-0.87594474703838943,-3.8862447036782015,-3.8862447036782015
30.000000,254.99999998711044,48.999999997523219,-0.71543270773595924,-2000.715432707736,-0.71543270773595924,-3.7257326643757711,-3.7257326643757711
30.000000,254.99999998711044,49.999999997472678,-0.55992323077701822,-2000.559923230777,-0.55992323077701822,-3.5702231874168304,-3.5702231874168304
30.000000,254.99999998711044,50.99999999742213,-0.40931944348230337,-2000.4093194434822,-0.40931944348230337,-3.4196194001221154,-3.4196194001221154
30.000000,254.99999998711044,51.999999997371589,-0.26353255117485674,-2000.2635325511749,-0.26353255117485674,-3.2738325078146691,-3.2738325078146691
30.000000,254.99999998711044,52.999999997321041,-0.1224811610678664,-2000.1224811610678,-0.1224811610678664,-3.1327811177076783,-3.1327811177076783
30.000000,254.99999998711044,53.9999999972705,0.013909332995200356,-1999.9860906670049,0.013909332995200356,-2.9963906236446118,-2.9963906236446118
30.000000,254.99999998711044,54.999999997219952,0.14570731146507562,-1999.854292688535,0.14570731146507562,-2.8645926451747363,-2.8645926451747363
30.000000,254.99999998711044,55.999999997169411,0.27297544136892304,-1999.727024558631,0.27297544136892304,-2.7373245152708892,-2.7373245152708892
30.000000,254.99999998711044,56.999999997118863,0.3957711449366183,-1999.6042288550634,0.3957711449366183,-2.614528811703194,-2.614528811703194
30.000000,254.99999998711044,57.999999997068315,0.51414702894883668,-1999.4858529710511,0.51414702894883668,-2.4961529276909755,-2.4961529276909755
30.000000,254.99999998711044,58.999999997017767,0.62815127865962639,-1999.3718487213405,0.62815127865962639,-2.3821486779801857,-2.3821486779801857
30.000000,254.99999998711044,59.999999996967219,0.73782801969144485,-1999.2621719803085,0.73782801969144485,-2.2724719369483672,-2.2724719369483672
30.000000,254.99999998711044,60.999999996916664,0.84321765090638212,-1999.1567823490936,0.84321765090638212,-2.1670823057334299,-2.1670823057334299
30.000000,254.99999998711044,61.999999996866116,0.94435715091389349,-1999.0556428490861,0.94435715091389349,-2.0659428057259186,-2.0659428057259186
30.000000,254.99999998711044,62.999999996815561,1.0412803605761247,-1998.9587196394239,1.0412803605761247,-1.9690195960636874,-1.9690195960636874
30.000000,254.99999998711044,63.999999996765013,1.1340182436101185,-1998.8659817563898,1.1340182436101185,-1.8762817130296936,-1.8762817130296936
30.000000,254.99999998711044,64.999999996714465,1.2225991271566381,-1998.7774008728434,1.2225991271566381,-1.787700829483174,-1.787700829483174
30.000000,254.99999998711044,65.999999996663917,1.3070489239838845,-1998.692951076016,1.3070489239838845,-1.7032510326559276,-1.7032510326559276
30.000000,254.99999998711044,66.999999996613354,1.3873913378166023,-1998.6126086621834,1.3873913378166023,-1.6229086188232098,-1.6229086188232098
30.000000,254.99999998711044,67.999999996562806,1.4636480531244291,-1998.5363519468756,1.4636480531244291,-1.546651903515383,-1.546651903515383
30.000000,254.99999998711044,68.999999996512258,1.5358389105644519,-1998.4641610894355,1.5358389105644519,-1.4744610460753602,-1.4744610460753602
30.000000,254.99999998711044,69.99999999646171,1.6039820691499573,-1998.3960179308501,1.6039820691499573,-1.4063178874898548,-1.4063178874898548
30.000000,254.99999998711044,70.999999996411148,1.6680941561077849,-1998.3319058438922,1.6680941561077849,-1.3422058005320272,-1.3422058005320272
30.000000,254.99999998711044,71.9999999963606,1.7281904052891817,-1998.2718095947109,1.7281904052891817,-1.2821095513506304,-1.2821095513506304
30.000000,254.99999998711044,72.999999996310052,1.784284784911832,-1998.2157152150883,1.784284784911832,-1.2260151717279801,-1.2260151717279801
30.000000,254.99999998711044,73.999999996259504,1.8363901153325175,-1998.1636098846675,1.8363901153325175,-1.1739098413072946,-1.1739098413072946
30.000000,254.99999998711044,74.999999996208956,1.8845181774798145,-1998.1154818225202,1.8845181774798145,-1.1257817791599976,-1.1257817791599976
30.000000,254.99999998711044,75.999999996158394,1.928679812512798,-1998.0713201874871,1.928679812512798,-1.0816201441270141,-1.0816201441270141
30.000000,254.99999998711044,76.999999996107846,1.9688850132147218,-1998.0311149867853,1.9688850132147218,-1.0414149434250903,-1.0414149434250903
30.000000,254.99999998711044,77.999999996057298,2.0051430075787069,-1997.9948569924213,2.0051430075787069,-1.0051569490611052,-1.0051569490611052
30.000000,254.99999998711044,78.99999999600675,2.0374623349954408,-1997.9625376650044,2.0374623349954408,-0.97283762164437126,-0.97283762164437126
30.000000,254.99999998711044,79.999999995956202,2.0658509154098921,-1997.9341490845902,2.0658509154098921,-0.94444904122992002,-0.94444904122992002
30.000000,254.99999998711044,80.99999999590564,2.0903161117744702,-1997.9096838882256,2.0903161117744702,-0.9199838448653419,-0.9199838448653419
30.000000,254.99999998711044,81.999999995855092,2.1108647860901,-1997.8891352139099,2.1108647860901,-0.89943517054971212,-0.89943517054971212
30.000000,254.99999998711044,82.999999995804544,2.1275033492929181,-1997.872496650707,2.1275033492929181,-0.88279660734689402,-0.88279660734689402
30.000000,254.99999998711044,83.999999995753996,2.1402378052133133,-1997.8597621947868,2.1402378052133133,-0.87006215142649879,-0.87006215142649879
30.000000,254.99999998711044,84.999999995703433,2.1490737888050218,-1997.850926211195,2.1490737888050218,-0.86122616783479033,-0.86122616783479033
30.000000,254.99999998711044,85.999999995652885,2.154016598814648,-1997.8459834011853,2.154016598814648,-0.85628335782516407,-0.85628335782516407
30.000000,254.99999998711044,86.999999995602337,2.1550712250363242,-1997.8449287749636,2.1550712250363242,-0.85522873160348789,-0.85522873160348789
30.000000,254.99999998711044,87.999999995551789,2.1522423702717224,-1997.8477576297282,2.1522423702717224,-0.85805758636808971,-0.85805758636808971
30.000000,254.99999998711044,88.999999995501241,2.1455344670922445,-1997.8544655329079,2.1455344670922445,-0.8647654895475676,-0.8647654895475676
30.000000,254.99999998711044,89.999999995450679,2.1349516894776119,-1997.8650483105223,2.1349516894776119,-0.87534826716220016,-0.87534826716220016
30.000000,259.99999998685769,0,-999.99000000000001,-2999.9899999999998,-999.99000000000001,-1003.0002999566398,-1003.0002999566398
30.000000,259.99999998685769,0.99999999994945232,-34.383566057366146,-2034.3835660573661,-34.383566057366146,-37.393866014005958,-37.393866014005958
30.000000,259.99999998685769,1.9999999998989046,-28.362661395492509,-2028.3626613954925,-28.362661395492509,-31.372961352132322,-31.372961352132322
30.000000,259.99999998685769,2.9999999998483573,-24.840331284217825,-2024.8403312842179,-24.840331284217825,-27.850631240857638,-27.850631240857638
30.000000,259.99999998685769,3.9999999997978093,-22.34085591141627,-2022.3408559114164,-22.34085591141627,-25.351155868056082,-25.351155868056082
30.000000,259.99999998685769,4.9999999997472617,-20.401765549389907,-2020.4017655493899,-20.401765549389907,-23.41206550602972,-23.41206550602972
30.000000,259.99999998685769,5.9999999996967137,-18.817069082494438,-2018.8170690824945,-18.817069082494438,-21.827369039134251,-21.827369039134251
30.000000,259.99999998685769,6.9999999996461657,-17.476890071804608,-2017.4768900718045,-17.476890071804608,-20.48719002844442,-20.48719002844442
30.000000,259.99999998685769,7.9999999995956186,-16.315647752827982,-2016.315647752828,-16.315647752827982,-19.325947709467794,-19.325947709467794
30.000000,259.99999998685769,8.9999999995450715,-15.291046994024061,-2015.2910469940241,-15.291046994024061,-18.301346950663874,-18.301346950663874
30.000000,259.99999998685769,9.9999999994945235,-14.374214872112475,-2014.3742148721126,-14.374214872112475,-17.384514828752287,-17.384514828752287
30.000000,259.99999998685769,10.999999999443975,-13.544563461584143,-2013.5445634615842,-13.544563461584143,-16.554863418223956,-16.554863418223956
30.000000,259.99999998685769,11.999999999393427,-12.786897391854431,-2012.7868973918544,-12.786897391854431,-15.797197348494244,-15.797197348494244
30.000000,259.99999998685769,12.999999999342879,-12.089683140982467,-2012.0896831409825,-12.089683140982467,-15.09998309762228,-15.09998309762228
30.000000,259.99999998685769,13.999999999292331,-11.443961532122653,-2011.4439615321226,-11.443961532122653,-14.454261488762466,-14.454261488762466
30.000000,259.99999998685769,14.999999999241785,-10.842636318685297,-2010.8426363186852,-10.842636318685297,-13.85293627532511,-13.85293627532511
30.000000,259.99999998685769,15.999999999191237,-10.279992824813791,-2010.2799928248137,-10.279992824813791,-13.290292781453603,-13.290292781453603
30.000000,259.99999998685769,16.999999999140691,-9.7513627599945565,-2009.7513627599947,-9.7513627599945565,-12.761662716634369,-12.761662716634369
30.000000,259.99999998685769,17.999999999090143,-9.2528849728933373,-2009.2528849728933,-9.2528849728933373,-12.26318492953315,-12.26318492953315
30.000000,259.99999998685769,18.999999999039595,-8.7813309640903192,-2008.7813309640903,-8.7813309640903192,-11.791630920730132,-11.791630920730132
30.000000,259.99999998685769,19.999999998989047,-8.3339751947745597,-2008.3339751947747,-8.3339751947745597,-11.344275151414372,-11.344275151414372
30.000000,259.99999998685769,20.999999998938499,-7.9084970583907399,-2007.9084970583908,-7.9084970583907399,-10.918797015030552,-10.918797015030552
30.000000,259.99999998685769,21.999999998887951,-7.5029056656199984,-2007.5029056656199,-7.5029056656199984,-10.513205622259811,-10.513205622259811
30.000000,259.99999998685769,22.999999998837403,-7.1154813506869585,-2007.1154813506869,-7.1154813506869585,-10.12578130732677,-10.12578130732677
30.000000,259.99999998685769,23.999999998786855,-6.7447296242718018,-2006.7447296242717,-6.7447296242718018,-9.7550295809116143,-9.7550295809116143
30.000000,259.99999998685769,24.999999998736307,-6.3893445212932418,-2006.3893445212932,-6.3893445212932418,-9.3996444779330535,-9.3996444779330535
30.000000,259.99999998685769,25.999999998685759,-6.0481791306006558,-2006.0481791306006,-6.0481791306006558,-9.0584790872404675,-9.0584790872404675
30.000000,259.99999998685769,26.999999998635211,-5.7202216788485218,-2005.7202216788485,-5.7202216788485218,-8.7305216354883335,-8.7305216354883335
30.000000,259.99999998685769,27.999999998584663,-5.4045759556107056,-2005.4045759556107,-5.4045759556107056,-8.4148759122505172,-8.4148759122505172
30.000000,259.99999998685769,28.999999998534115,-5.1004451650186269,-2005.1004451650185,-5.1004451650186269,-8.1107451216584394,-8.1107451216584394
30.000000,259.99999998685769,29.99999999848357,-4.8071185064765674,-2004.8071185064766,-4.8071185064765674,-7.817418463116379,-7.817418463116379
30.000000,259.99999998685769,30.999999998433026,-4.5239599472338989,-2004.5239599472338,-4.5239599472338989,-7.5342599038737106,-7.5342599038737106
30.000000,259.99999998685769,31.999999998382481,-4.2503987690913263,-2004.2503987690914,-4.2503987690913263,-7.2606987257311388,-7.2606987257311388
30.000000,259.99999998685769,32.999999998331937,-3.9859215615762897,-2003.9859215615763,-3.9859215615762897,-6.9962215182161014,-6.9962215182161014
30.000000,259.99999998685769,33.999999998281389,-3.7300654024562903,-2003.7300654024564,-3.7300654024562903,-6.7403653590961028,-6.7403653590961028
30.000000,259.99999998685769,34.999999998230848,-3.4824120190889758,-2003.482412019089,-3.4824120190889758,-6.4927119757287883,-6.4927119757287883
30.000000,259.99999998685769,35.9999999981803,-3.2425827648678611,-2003.2425827648678,-3.2425827648678611,-6.2528827215076728,-6.2528827215076728
30.000000,259.99999998685769,36.999999998129759,-3.0102342768427754,-2003.0102342768428,-3.0102342768427754,-6.0205342334825875,-6.0205342334825875
30.000000,259.99999998685769,37.999999998079211,-2.7850547056206358,-2002.7850547056207,-2.7850547056206358,-5.7953546622604479,-5.7953546622604479
30.000000,259.99999998685769,38.99999999802867,-2.5667604284744745,-2002.5667604284745,-2.5667604284744745,-5.5770603851142866,-5.5770603851142866
30.000000,259.99999998685769,39.999999997978122,-2.3550931723934374,-2002.3550931723935,-2.3550931723934374,-5.3653931290332491,-5.3653931290332491
30.000000,259.99999998685769,40.999999997927581,-2.1498174864865103,-2002.1498174864864,-2.1498174864865103,-5.1601174431263228,-5.1601174431263228
30.000000,259.99999998685769,41.999999997877033,-1.9507185133866456,-2001.9507185133866,-1.9507185133866456,-4.9610184700264579,-4.9610184700264579
30.000000,259.99999998685769,42.999999997826492,-1.7576000176076423,-2001.7576000176077,-1.7576000176076423,-4.7678999742474542,-4.7678999742474542
30.000000,259.99999998685769,43.999999997775944,-1.5702826355829975,-2001.570282635583,-1.5702826355829975,-4.5805825922228092,-4.5805825922228092
30.000000,259.99999998685769,44.999999997725396,-1.3886023176730553,-2001.3886023176731,-1.3886023176730553,-4.3989022743128672,-4.3989022743128672
30.000000,259.99999998685769,45.999999997674855,-1.2124089370062154,-2001.2124089370061,-1.2124089370062154,-4.2227088936460273,-4.2227088936460273
30.000000,259.99999998685769,46.999999997624307,-1.0415650438098734,-2001.0415650438099,-1.0415650438098734,-4.0518650004496859,-4.0518650004496859
30.000000,259.99999998685769,47.999999997573767,-0.87594474703838943,-2000.8759447470384,-0.87594474703838943,-3.8862447036782015,-3.8862447036782015
30.000000,259.99999998685769,48.999999997523219,-0.71543270773595924,-2000.715432707736,-0.71543270773595924,-3.7257326643757711,-3.7257326643757711
30.000000,259.99999998685769,49.999999997472678,-0.55992323077701822,-2000.559923230777,-0.55992323077701822,-3.5702231874168304,-3.5702231874168304
30.000000,259.99999998685769,50.99999999742213,-0.40931944348230337,-2000.4093194434822,-0.40931944348230337,-3.4196194001221154,-3.4196194001221154
30.000000,259.99999998685769,51.999999997371589,-0.26353255117485674,-2000.2635325511749,-0.26353255117485674,-3.2738325078146691,-3.2738325078146691
30.000000,259.99999998685769,52.999999997321041,-0.1224811610678664,-2000.1224811610678,-0.1224811610678664,-3.1327811177076783,-3.1327811177076783
30.000000,259.99999998685769,53.9999999972705,0.013909332995200356,-1999.9860906670049,0.013909332995200356,-2.9963906236446118,-2.9963906236446118
30.000000,259.99999998685769,54.999999997219952,0.14570731146507562,-1999.854292688535,0.14570731146507562,-2.8645926451747363,-2.8645926451747363
30.000000,259.99999998685769,55.999999997169411,0.27297544136892304,-1999.727024558631,0.27297544136892304,-2.7373245152708892,-2.7373245152708892
30.000000,259.99999998685769,56.999999997118863,0.3957711449366183,-1999.6042288550634,0.3957711449366183,-2.614528811703194,-2.614528811703194
30.000000,259.99999998685769,57.999999997068315,0.51414702894883668,-1999.4858529710511,0.51414702894883668,-2.4961529276909755,-2.4961529276909755
30.000000,259.99999998685769,58.999999997017767,0.62815127865962639,-1999.3718487213405,0.62815127865962639,-2.3821486779801857,-2.3821486779801857
30.000000,259.99999998685769,59.999999996967219,0.73782801969144485,-1999.2621719803085,0.73782801969144485,-2.2724719369483672,-2.2724719369483672
30.000000,259.99999998685769,60.999999996916664,0.84321765090638212,-1999.1567823490936,0.84321765090638212,-2.1670823057334299,-2.1670823057334299
30.000000,259.99999998685769,61.999999996866116,0.94435715091389349,-1999.0556428490861,0.94435715091389349,-2.0659428057259186,-2.0659428057259186
30.000000,259.99999998685769,62.999999996815561,1.0412803605761247,-1998.9587196394239,1.0412803605761247,-1.9690195960636874,-1.9690195960636874
30.000000,259.99999998685769,63.999999996765013,1.1340182436101185,-1998.8659817563898,1.1340182436101185,-1.8762817130296936,-1.8762817130296936
30.000000,259.99999998685769,64.999999996714465,1.2225991271566381,-1998.7774008728434,1.2225991271566381,-1.787700829483174,-1.787700829483174
30.000000,259.99999998685769,65.999999996663917,1.3070489239838845,-1998.692951076016,1.3070489239838845,-1.7032510326559276,-1.7032510326559276
30.000000,259.99999998685769,66.999999996613354,1.3873913378166023,-1998.6126086621834,1.3873913378166023,-1.6229086188232098,-1.6229086188232098
30.000000,259.99999998685769,67.999999996562806,1.4636480531244291,-1998.5363519468756,1.4636480531244291,-1.546651903515383,-1.546651903515383
30.000000,259.99999998685769,68.999999996512258,1.5358389105644519,-1998.4641610894355,1.5358389105644519,-1.4744610460753602,-1.4744610460753602
30.000000,259.99999998685769,69.99999999646171,1.6039820691499573,-1998.3960179308501,1.6039820691499573,-1.4063178874898548,-1.4063178874898548
30.000000,259.99999998685769,70.999999996411148,1.6680941561077849,-1998.3319058438922,1.6680941561077849,-1.3422058005320272,-1.3422058005320272
30.000000,259.99999998685769,71.9999999963606,1.7281904052891817,-1998.2718095947109,1.7281904052891817,-1.2821095513506304,-1.2821095513506304
30.000000,259.99999998685769,72.999999996310052,1.784284784911832,-1998.2157152150883,1.784284784911832,-1.2260151717279801,-1.2260151717279801
30.000000,259.99999998685769,73.999999996259504,1.8363901153325175,-1998.1636098846675,1.8363901153325175,-1.1739098413072946,-1.1739098413072946
30.000000,259.99999998685769,74.999999996208956,1.8845181774798145,-1998.1154818225202,1.8845181774798145,-1.1257817791599976,-1.1257817791599976
30.000000,259.99999998685769,75.999999996158394,1.928679812512798,-1998.0713201874871,1.928679812512798,-1.0816201441270141,-1.0816201441270141
30.000000,259.99999998685769,76.999999996107846,1.9688850132147218,-1998.0311149867853,1.9688850132147218,-1.0414149434250903,-1.0414149434250903
30.000000,259.99999998685769,77.999999996057298,2.0051430075787069,-1997.9948569924213,2.0051430075787069,-1.0051569490611052,-1.0051569490611052
30.000000,259.99999998685769,78.99999999600675,2.0374623349954408,-1997.9625376650044,2.0374623349954408,-0.97283762164437126,-0.97283762164437126
30.000000,259.99999998685769,79.999999995956202,2.0658509154098921,-1997.9341490845902,2.0658509154098921,-0.94444904122992002,-0.94444904122992002
30.000000,259.99999998685769,80.99999999590564,2.0903161117744702,-1997.9096838882256,2.0903161117744702,-0.9199838448653419,-0.9199838448653419
30.000000,259.99999998685769,81.999999995855092,2.1108647860901,-1997.8891352139099,2.1108647860901,-0.89943517054971212,-0.89943517054971212
30.000000,259.99999998685769,82.999999995804544,2.1275033492929181,-1997.872496650707,2.1275033492929181,-0.88279660734689402,-0.88279660734689402
30.000000,259.99999998685769,83.999999995753996,2.1402378052133133,-1997.8597621947868,2.1402378052133133,-0.87006215142649879,-0.87006215142649879
30.000000,259.99999998685769,84.999999995703433,2.1490737888050218,-1997.850926211195,2.1490737888050218,-0.86122616783479033,-0.86122616783479033
30.000000,259.99999998685769,85.999999995652885,2.154016598814648,-1997.8459834011853,2.154016598814648,-0.85628335782516407,-0.85628335782516407
30.000000,259.99999998685769,86.999999995602337,2.1550712250363242,-1997.8449287749636,2.1550712250363242,-0.85522873160348789,-0.85522873160348789
30.000000,259.99999998685769,87.999999995551789,2.1522423702717224,-1997.8477576297282,2.1522423702717224,-0.85805758636808971,-0.85805758636808971
30.000000,259.99999998685769,88.999999995501241,2.1455344670922445,-1997.8544655329079,2.1455344670922445,-0.8647654895475676,-0.8647654895475676
30.000000,259.99999998685769,89.999999995450679,2.1349516894776119,-1997.8650483105223,2.1349516894776119,-0.87534826716220016,-0.87534826716220016
30.000000,264.99999998660496,0,-999.99000000000001,-2999.9899999999998,-999.99000000000001,-1003.0002999566398,-1003.0002999566398
30.000000,264.99999998660496,0.99999999994945232,-34.383566057366146,-2034.3835660573661,-34.383566057366146,-37.393866014005958,-37.393866014005958
30.000000,264.99999998660496,1.9999999998989046,-28.362661395492509,-2028.3626613954925,-28.362661395492509,-31.372961352132322,-31.372961352132322
30.000000,264.99999998660496,2.9999999998483573,-24.840331284217825,-2024.8403312842179,-24.840331284217825,-27.850631240857638,-27.850631240857638
30.000000,264.99999998660496,3.9999999997978093,-22.34085591141627,-2022.3408559114164,-22.34085591141627,-25.351155868056082,-25.351155868056082
30.000000,264.99999998660496,4.9999999997472617,-20.401765549389907,-2020.4017655493899,-20.401765549389907,-23.41206550602972,-23.41206550602972
30.000000,264.99999998660496,5.9999999996967137,-18.817069082494438,-2018.8170690824945,-18.817069082494438,-21.827369039134251,-21.827369039134251
30.000000,264.99999998660496,6.9999999996461657,-17.476890071804608,-2017.4768900718045,-17.476890071804608,-20.48719002844442,-20.48719002844442
30.000000,264.99999998660496,7.9999999995956186,-16.315647752827982,-2016.315647752828,-16.315647752827982,-19.325947709467794,-19.325947709467794
30.000000,264.99999998660496,8.9999999995450715,-15.291046994024061,-2015.2910469940241,-15.291046994024061,-18.301346950663874,-18.301346950663874
30.000000,264.99999998660496,9.9999999994945235,-14.374214872112475,-2014.3742148721126,-14.374214872112475,-17.384514828752287,-17.384514828752287
30.000000,264.99999998660496,10.999999999443975,-13.544563461584143,-2013.5445634615842,-13.544563461584143,-16.554863418223956,-16.554863418223956
30.000000,264.99999998660496,11.999999999393427,-12.786897391854431,-2012.7868973918544,-12.786897391854431,-15.797197348494244,-15.797197348494244
30.000000,264.99999998660496,12.999999999342879,-12.089683140982467,-2012.0896831409825,-12.089683140982467,-15.09998309762228,-15.09998309762228
30.000000,264.99999998660496,13.999999999292331,-11.443961532122653,-2011.4439615321226,-11.443961532122653,-14.454261488762466,-14.454261488762466
30.000000,264.99999998660496,14.999999999241785,-10.842636318685297,-2010.8426363186852,-10.842636318685297,-13.85293627532511,-13.85293627532511
30.000000,264.99999998660496,15.999999999191237,-10.279992824813791,-2010.2799928248137,-10.279992824813791,-13.290292781453603,-13.290292781453603
30.000000,264.99999998660496,16.999999999140691,-9.7513627599945565,-2009.7513627599947,-9.7513627599945565,-12.761662716634369,-12.761662716634369
30.000000,264.99999998660496,17.999999999090143,-9.2528849728933373,-2009.2528849728933,-9.2528849728933373,-12.26318492953315,-12.26318492953315
30.000000,264.99999998660496,18.999999999039595,-8.7813309640903192,-2008.7813309640903,-8.7813309640903192,-11.791630920730132,-11.791630920730132
30.000000,264.99999998660496,19.999999998989047,-8.3339751947745597,-2008.3339751947747,-8.3339751947745597,-11.344275151414372,-11.344275151414372
30.000000,264.99999998660496,20.999999998938499,-7.9084970583907399,-2007.9084970583908,-7.9084970583907399,-10.918797015030552,-10.918797015030552
30.000000,264.99999998660496,21.999999998887951,-7.5029056656199984,-2007.5029056656199,-7.5029056656199984,-10.513205622259811,-10.513205622259811
30.000000,264.99999998660496,22.999999998837403,-7.1154813506869585,-2007.1154813506869,-7.1154813506869585,-10.12578130732677,-10.12578130732677
30.000000,264.99999998660496,23.999999998786855,-6.7447296242718018,-2006.7447296242717,-6.7447296242718018,-9.7550295809116143,-9.7550295809116143
30.000000,264.99999998660496,24.999999998736307,-6.3893445212932418,-2006.3893445212932,-6.3893445212932418,-9.3996444779330535,-9.3996444779330535
30.000000,264.99999998660496,25.999999998685759,-6.0481791306006558,-2006.0481791306006,-6.0481791306006558,-9.0584790872404675,-9.0584790872404675
30.000000,264.99999998660496,26.999999998635211,-5.7202216788485218,-2005.7202216788485,-5.7202216788485218,-8.7305216354883335,-8.7305216354883335
30.000000,264.99999998660496,27.999999998584663,-5.4045759556107056,-2005.4045759556107,-5.4045759556107056,-8.4148759122505172,-8.4148759122505172
30.000000,264.99999998660496,28.999999998534115,-5.1004451650186269,-2005.1004451650185,-5.1004451650186269,-8.1107451216584394,-8.1107451216584394
30.000000,264.99999998660496,29.99999999848357,-4.8071185064765674,-2004.8071185064766,-4.8071185064765674,-7.817418463116379,-7.817418463116379
30.000000,264.99999998660496,30.999999998433026,-4.5239599472338989,-2004.5239599472338,-4.5239599472338989,-7.5342599038737106,-7.5342599038737106
30.000000,264.99999998660496,31.999999998382481,-4.2503987690913263,-2004.2503987690914,-4.2503987690913263,-7.2606987257311388,-7.2606987257311388
30.000000,264.99999998660496,32.999999998331937,-3.9859215615762897,-2003.9859215615763,-3.9859215615762897,-6.9962215182161014,-6.9962215182161014
30.000000,264.99999998660496,33.999999998281389,-3.7300654024562903,-2003.7300654024564,-3.7300654024562903,-6.7403653590961028,-6.7403653590961028
30.000000,264.99999998660496,34.999999998230848,-3.4824120190889758,-2003.482412019089,-3.4824120190889758,-6.4927119757287883,-6.4927119757287883
30.000000,264.99999998660496,35.9999999981803,-3.2425827648678611,-2003.2425827648678,-3.2425827648678611,-6.2528827215076728,-6.2528827215076728
30.000000,264.99999998660496,36.999999998129759,-3.0102342768427754,-2003.0102342768428,-3.0102342768427754,-6.0205342334825875,-6.0205342334825875
30.000000,264.99999998660496,37.999999998079211,-2.7850547056206358,-2002.7850547056207,-2.7850547056206358,-5.7953546622604479,-5.7953546622604479
30.000000,264.99999998660496,38.99999999802867,-2.5667604284744745,-2002.5667604284745,-2.5667604284744745,-5.5770603851142866,-5.5770603851142866
30.000000,264.99999998660496,39.999999997978122,-2.3550931723934374,-2002.3550931723935,-2.3550931723934374,-5.3653931290332491,-5.3653931290332491
30.000000,264.99999998660496,40.999999997927581,-2.1498174864865103,-2002.1498174864864,-2.1498174864865103,-5.1601174431263228,-5.1601174431263228
30.000000,264.99999998660496,41.999999997877033,-1.9507185133866456,-2001.9507185133866,-1.9507185133866456,-4.9610184700264579,-4.9610184700264579
30.000000,264.99999998660496,42.999999997826492,-1.7576000176076423,-2001.7576000176077,-1.7576000176076423,-4.7678999742474542,-4.7678999742474542
30.000000,264.99999998660496,43.999999997775944,-1.5702826355829975,-2001.570282635583,-1.5702826355829975,-4.5805825922228092,-4.5805825922228092
30.000000,264.99999998660496,44.999999997725396,-1.3886023176730553,-2001.3886023176731,-1.3886023176730553,-4.3989022743128672,-4.3989022743128672
30.000000,264.99999998660496,45.999999997674855,-1.2124089370062154,-2001.2124089370061,-1.2124089370062154,-4.2227088936460273,-4.2227088936460273
30.000000,264.99999998660496,46.999999997624307,-1.0415650438098734,-2001.0415650438099,-1.0415650438098734,-4.0518650004496859,-4.0518650004496859
30.000000,264.99999998660496,47.999999997573767,-0.87594474703838943,-2000.8759447470384,-0.87594474703838943,-3.8862447036782015,-3.8862447036782015
30.000000,264.99999998660496,48.999999997523219,-0.71543270773595924,-2000.715432707736,-0.71543270773595924,-3.7257326643757711,-3.7257326643757711
30.000000,264.99999998660496,49.999999997472678,-0.55992323077701822,-2000.559923230777,-0.55992323077701822,-3.5702231874168304,-3.5702231874168304
30.000000,264.99999998660496,50.99999999742213,-0.40931944348230337,-2000.4093194434822,-0.40931944348230337,-3.4196194001221154,-3.4196194001221154
30.000000,264.99999998660496,51.999999997371589,-0.26353255117485674,-2000.2635325511749,-0.26353255117485674,-3.2738325078146691,-3.2738325078146691
30.000000,264.99999998660496,52.999999997321041,-0.1224811610678664,-2000.1224811610678,-0.1224811610678664,-3.1327811177076783,-3.1327811177076783
30.000000,264.99999998660496,53.9999999972705,0.013909332995200356,-1999.9860906670049,0.013909332995200356,-2.9963906236446118,-2.9963906236446118
30.000000,264.99999998660496,54.999999997219952,0.14570731146507562,-1999.854292688535,0.14570731146507562,-2.8645926451747363,-2.8645926451747363
30.000000,264.99999998660496,55.999999997169411,0.27297544136892304,-1999.727024558631,0.27297544136892304,-2.7373245152708892,-2.7373245152708892
30.000000,264.99999998660496,56.999999997118863,0.3957711449366183,-1999.6042288550634,0.3957711449366183,-2.614528811703194,-2.614528811703194
30.000000,264.99999998660496,57.999999997068315,0.51414702894883668,-1999.4858529710511,0.51414702894883668,-2.4961529276909755,-2.4961529276909755
30.000000,264.99999998660496,58.999999997017767,0.62815127865962639,-1999.3718487213405,0.62815127865962639,-2.3821486779801857,-2.3821486779801857
30.000000,264.99999998660496,59.999999996967219,0.73782801969144485,-1999.2621719803085,0.73782801969144485,-2.2724719369483672,-2.2724719369483672
30.000000,264.99999998660496,60.999999996916664,0.84321765090638212,-1999.1567823490936,0.84321765090638212,-2.1670823057334299,-2.1670823057334299
30.000000,264.99999998660496,61.999999996866116,0.94435715091389349,-1999.0556428490861,0.94435715091389349,-2.0659428057259186,-2.0659428057259186
30.000000,264.99999998660496,62.999999996815561,1.0412803605761247,-1998.9587196394239,1.0412803605761247,-1.9690195960636874,-1.9690195960636874
30.000000,264.99999998660496,63.999999996765013,1.1340182436101185,-1998.8659817563898,1.1340182436101185,-1.8762817130296936,-1.8762817130296936
30.000000,264.99999998660496,64.999999996714465,1.2225991271566381,-1998.7774008728434,1.2225991271566381,-1.787700829483174,-1.787700829483174
30.000000,264.99999998660496,65.999999996663917,1.3070489239838845,-1998.692951076016,1.3070489239838845,-1.7032510326559276,-1.7032510326559276
30.000000,264.99999998660496,66.999999996613354,1.3873913378166023,-1998.6126086621834,1.3873913378166023,-1.6229086188232098,-1.6229086188232098
30.000000,264.99999998660496,67.999999996562806,1.4636480531244291,-1998.5363519468756,1.4636480531244291,-1.546651903515383,-1.546651903515383
30.000000,264.99999998660496,68.999999996512258,1.5358389105644519,-1998.4641610894355,1.5358389105644519,-1.4744610460753602,-1.4744610460753602
30.000000,264.99999998660496,69.99999999646171,1.6039820691499573,-1998.3960179308501,1.6039820691499573,-1.4063178874898548,-1.4063178874898548
30.000000,264.99999998660496,70.999999996411148,1.6680941561077849,-1998.3319058438922,1.6680941561077849,-1.3422058005320272,-1.3422058005320272
30.000000,264.99999998660496,71.9999999963606,1.7281904052891817,-1998.2718095947109,1.7281904052891817,-1.2821095513506304,-1.2821095513506304
30.000000,264.99999998660496,72.999999996310052,1.784284784911832,-1998.2157152150883,1.784284784911832,-1.2260151717279801,-1.2260151717279801
30.000000,264.99999998660496,73.999999996259504,1.8363901153325175,-1998.1636098846675,1.8363901153325175,-1.1739098413072946,-1.1739098413072946
30.000000,264.99999998660496,74.999999996208956,1.8845181774798145,-1998.1154818225202,1.8845181774798145,-1.1257817791599976,-1.1257817791599976
30.000000,264.99999998660496,75.999999996158394,1.928679812512798,-1998.0713201874871,1.928679812512798,-1.0816201441270141,-1.0816201441270141
30.000000,264.99999998660496,76.999999996107846,1.9688850132147218,-1998.0311149867853,1.9688850132147218,-1.0414149434250903,-1.0414149434250903
30.000000,264.99999998660496,77.999999996057298,2.0051430075787069,-1997.9948569924213,2.0051430075787069,-1.0051569490611052,-1.0051569490611052
30.000000,264.99999998660496,78.99999999600675,2.0374623349954408,-1997.9625376650044,2.0374623349954408,-0.97283762164437126,-0.97283762164437126
30.000000,264.99999998660496,79.999999995956202,2.0658509154098921,-1997.9341490845902,2.0658509154098921,-0.94444904122992002,-0.94444904122992002
30.000000,264.99999998660496,80.99999999590564,2.0903161117744702,-1997.9096838882256,2.0903161117744702,-0.9199838448653419,-0.9199838448653419
30.000000,264.99999998660496,81.999999995855092,2.1108647860901,-1997.8891352139099,2.1108647860901,-0.89943517054971212,-0.89943517054971212
30.000000,264.99999998660496,82.999999995804544,2.1275033492929181,-1997.872496650707,2.1275033492929181,-0.88279660734689402,-0.88279660734689402
30.000000,264.99999998660496,83.999999995753996,2.1402378052133133,-1997.8597621947868,2.1402378052133133,-0.87006215142649879,-0.87006215142649879
30.000000,264.99999998660496,84.999999995703433,2.1490737888050218,-1997.850926211195,2.1490737888050218,-0.86122616783479033,-0.86122616783479033
30.000000,264.99999998660496,85.999999995652885,2.154016598814648,-1997.8459834011853,2.154016598814648,-0.85628335782516407,-0.85628335782516407
30.000000,264.99999998660496,86.999999995602337,2.1550712250363242,-1997.8449287749636,2.1550712250363242,-0.85522873160348789,-0.85522873160348789
30.000000,264.99999998660496,87.999999995551789,2.1522423702717224,-1997.8477576297282,2.1522423702717224,-0.85805758636808971,-0.85805758636808971
30.000000,264.99999998660496,88.999999995501241,2.1455344670922445,-1997.8544655329079,2.1455344670922445,-0.8647654895475676,-0.8647654895475676
30.000000,264.99999998660496,89.999999995450679,2.1349516894776119,-1997.8650483105223,2.1349516894776119,-0.87534826716220016,-0.87534826716220016
30.000000,269.99999998635218,0,-999.99000000000001,-2999.9899999999998,-999.99000000000001,-1003.0002999566398,-1003.0002999566398
30.000000,269.99999998635218,0.99999999994945232,-34.383566057366146,-2034.3835660573661,-34.383566057366146,-37.393866014005958,-37.393866014005958
30.000000,269.99999998635218,1.9999999998989046,-28.362661395492509,-2028.3626613954925,-28.362661395492509,-31.372961352132322,-31.372961352132322
30.000000,269.99999998635218,2.9999999998483573,-24.840331284217825,-2024.8403312842179,-24.840331284217825,-27.850631240857638,-27.850631240857638
30.000000,269.99999998635218,3.9999999997978093,-22.34085591141627,-2022.3408559114164,-22.34085591141627,-25.351155868056082,-25.351155868056082
30.000000,269.99999998635218,4.9999999997472617,-20.401765549389907,-2020.4017655493899,-20.401765549389907,-23.41206550602972,-23.41206550602972
30.000000,269.99999998635218,5.9999999996967137,-18.817069082494438,-2018.8170690824945,-18.817069082494438,-21.827369039134251,-21.827369039134251
30.000000,269.99999998635218,6.9999999996461657,-17.476890071804608,-2017.4768900718045,-17.476890071804608,-20.48719002844442,-20.48719002844442
30.000000,269.99999998635218,7.9999999995956186,-16.315647752827982,-2016.315647752828,-16.315647752827982,-19.325947709467794,-19.325947709467794
30.000000,269.99999998635218,8.9999999995450715,-15.291046994024061,-2015.2910469940241,-15.291046994024061,-18.301346950663874,-18.301346950663874
30.000000,269.99999998635218,9.9999999994945235,-14.374214872112475,-2014.3742148721126,-14.374214872112475,-17.384514828752287,-17.384514828752287
30.000000,269.99999998635218,10.999999999443975,-13.544563461584143,-2013.5445634615842,-13.544563461584143,-16.554863418223956,-16.554863418223956
30.000000,269.99999998635218,11.999999999393427,-12.786897391854431,-2012.7868973918544,-12.786897391854431,-15.797197348494244,-15.797197348494244
30.000000,269.99999998635218,12.999999999342879,-12.089683140982467,-2012.0896831409825,-12.089683140982467,-15.09998309762228,-15.09998309762228
30.000000,269.99999998635218,13.999999999292331,-11.443961532122653,-2011.4439615321226,-11.443961532122653,-14.454261488762466,-14.454261488762466
30.000000,269.99999998635218,14.999999999241785,-10.842636318685297,-2010.8426363186852,-10.842636318685297,-13.85293627532511,-13.85293627532511
30.000000,269.99999998635218,15.999999999191237,-10.279992824813791,-2010.2799928248137,-10.279992824813791,-13.290292781453603,-13.290292781453603
30.000000,269.99999998635218,16.999999999140691,-9.7513627599945565,-2009.7513627599947,-9.7513627599945565,-12.761662716634369,-12.761662716634369
30.000000,269.99999998635218,17.999999999090143,-9.2528849728933373,-2009.2528849728933,-9.2528849728933373,-12.26318492953315,-12.26318492953315
30.000000,269.99999998635218,18.999999999039595,-8.7813309640903192,-2008.7813309640903,-8.7813309640903192,-11.791630920730132,-11.791630920730132
30.000000,269.99999998635218,19.999999998989047,-8.3339751947745597,-2008.3339751947747,-8.3339751947745597,-11.344275151414372,-11.344275151414372
30.000000,269.99999998635218,20.999999998938499,-7.9084970583907399,-2007.9084970583908,-7.9084970583907399,-10.918797015030552,-10.918797015030552
30.000000,269.99999998635218,21.999999998887951,-7.5029056656199984,-2007.5029056656199,-7.5029056656199984,-10.513205622259811,-10.513205622259811
30.000000,269.99999998635218,22.999999998837403,-7.1154813506869585,-2007.1154813506869,-7.1154813506869585,-10.12578130732677,-10.12578130732677
30.000000,269.99999998635218,23.999999998786855,-6.7447296242718018,-2006.7447296242717,-6.7447296242718018,-9.7550295809116143,-9.7550295809116143
30.000000,269.99999998635218,24.999999998736307,-6.3893445212932418,-2006.3893445212932,-6.3893445212932418,-9.3996444779330535,-9.3996444779330535
30.000000,269.99999998635218,25.999999998685759,-6.0481791306006558,-2006.0481791306006,-6.0481791306006558,-9.0584790872404675,-9.0584790872404675
30.000000,269.99999998635218,26.999999998635211,-5.7202216788485218,-2005.7202216788485,-5.7202216788485218,-8.7305216354883335,-8.7305216354883335
30.000000,269.99999998635218,27.999999998584663,-5.4045759556107056,-2005.4045759556107,-5.4045759556107056,-8.4148759122505172,-8.4148759122505172
30.000000,269.99999998635218,28.999999998534115,-5.1004451650186269,-2005.1004451650185,-5.1004451650186269,-8.1107451216584394,-8.1107451216584394
30.000000,269.99999998635218,29.99999999848357,-4.8071185064765674,-2004.8071185064766,-4.8071185064765674,-7.817418463116379,-7.817418463116379
30.000000,269.99999998635218,30.999999998433026,-4.5239599472338989,-2004.5239599472338,-4.5239599472338989,-7.5342599038737106,-7.5342599038737106
30.000000,269.99999998635218,31.999999998382481,-4.2503987690913263,-2004.2503987690914,-4.2503987690913263,-7.2606987257311388,-7.2606987257311388
30.000000,269.99999998635218,32.999999998331937,-3.9859215615762897,-2003.9859215615763,-3.9859215615762897,-6.9962215182161014,-6.9962215182161014
30.000000,269.99999998635218,33.999999998281389,-3.7300654024562903,-2003.7300654024564,-3.7300654024562903,-6.7403653590961028,-6.7403653590961028
30.000000,269.99999998635218,34.999999998230848,-3.4824120190889758,-2003.482412019089,-3.4824120190889758,-6.4927119757287883,-6.4927119757287883
30.000000,269.99999998635218,35.9999999981803,-3.2425827648678611,-2003.2425827648678,-3.2425827648678611,-6.2528827215076728,-6.2528827215076728
30.000000,269.99999998635218,36.999999998129759,-3.0102342768427754,-2003.0102342768428,-3.0102342768427754,-6.0205342334825875,-6.0205342334825875
30.000000,269.99999998635218,37.999999998079211,-2.7850547056206358,-2002.7850547056207,-2.7850547056206358,-5.7953546622604479,-5.7953546622604479
30.000000,269.99999998635218,38.99999999802867,-2.5667604284744745,-2002.5667604284745,-2.5667604284744745,-5.5770603851142866,-5.5770603851142866
30.000000,269.99999998635218,39.999999997978122,-2.3550931723934374,-2002.3550931723935,-2.3550931723934374,-5.3653931290332491,-5.3653931290332491
30.000000,269.99999998635218,40.999999997927581,-2.1498174864865103,-2002.1498174864864,-2.1498174864865103,-5.1601174431263228,-5.1601174431263228
30.000000,269.99999998635218,41.999999997877033,-1.9507185133866456,-2001.9507185133866,-1.9507185133866456,-4.9610184700264579,-4.9610184700264579
30.000000,269.99999998635218,42.999999997826492,-1.7576000176076423,-2001.7576000176077,-1.7576000176076423,-4.7678999742474542,-4.7678999742474542
30.000000,269.99999998635218,43.999999997775944,-1.5702826355829975,-2001.570282635583,-1.5702826355829975,-4.5805825922228092,-4.5805825922228092
30.000000,269.99999998635218,44.999999997725396,-1.3886023176730553,-2001.3886023176731,-1.3886023176730553,-4.3989022743128672,-4.3989022743128672
30.000000,269.99999998635218,45.999999997674855,-1.2124089370062154,-2001.2124089370061,-1.2124089370062154,-4.2227088936460273,-4.2227088936460273
30.000000,269.99999998635218,46.999999997624307,-1.0415650438098734,-2001.0415650438099,-1.0415650438098734,-4.0518650004496859,-4.0518650004496859
30.000000,269.99999998635218,47.999999997573767,-0.87594474703838943,-2000.8759447470384,-0.87594474703838943,-3.8862447036782015,-3.8862447036782015
30.000000,269.99999998635218,48.999999997523219,-0.71543270773595924,-2000.715432707736,-0.71543270773595924,-3.7257326643757711,-3.7257326643757711
30.000000,269.99999998635218,49.999999997472678,-0.55992323077701822,-2000.559923230777,-0.55992323077701822,-3.5702231874168304,-3.5702231874168304
30.000000,269.99999998635218,50.99999999742213,-0.40931944348230337,-2000.4093194434822,-0.40931944348230337,-3.4196194001221154,-3.4196194001221154
30.000000,269.99999998635218,51.999999997371589,-0.26353255117485674,-2000.2635325511749,-0.26353255117485674,-3.2738325078146691,-3.2738325078146691
30.000000,269.99999998635218,52.999999997321041,-0.1224811610678664,-2000.1224811610678,-0.1224811610678664,-3.1327811177076783,-3.1327811177076783
30.000000,269.99999998635218,53.9999999972705,0.013909332995200356,-1999.9860906670049,0.013909332995200356,-2.9963906236446118,-2.9963906236446118
30.000000,269.99999998635218,54.999999997219952,0.14570731146507562,-1999.854292688535,0.14570731146507562,-2.8645926451747363,-2.8645926451747363
30.000000,269.99999998635218,55.999999997169411,0.27297544136892304,-1999.727024558631,0.27297544136892304,-2.7373245152708892,-2.7373245152708892
30.000000,269.99999998635218,56.999999997118863,0.3957711449366183,-1999.6042288550634,0.3957711449366183,-2.614528811703194,-2.614528811703194
30.000000,269.99999998635218,57.999999997068315,0.51414702894883668,-1999.4858529710511,0.51414702894883668,-2.4961529276909755,-2.4961529276909755
30.000000,269.99999998635218,58.999999997017767,0.62815127865962639,-1999.3718487213405,0.62815127865962639,-2.3821486779801857,-2.3821486779801857
30.000000,269.99999998635218,59.999999996967219,0.73782801969144485,-1999.2621719803085,0.73782801969144485,-2.2724719369483672,-2.2724719369483672
30.000000,269.99999998635218,60.999999996916664,0.84321765090638212,-1999.1567823490936,0.84321765090638212,-2.1670823057334299,-2.1670823057334299
30.000000,269.99999998635218,61.999999996866116,0.94435715091389349,-1999.0556428490861,0.94435715091389349,-2.0659428057259186,-2.0659428057259186
30.000000,269.99999998635218,62.999999996815561,1.0412803605761247,-1998.9587196394239,1.0412803605761247,-1.9690195960636874,-1.9690195960636874
30.000000,269.99999998635218,63.999999996765013,1.1340182436101185,-1998.8659817563898,1.1340182436101185,-1.8762817130296936,-1.8762817130296936
30.000000,269.99999998635218,64.999999996714465,1.2225991271566381,-1998.7774008728434,1.2225991271566381,-1.787700829483174,-1.787700829483174
30.000000,269.99999998635218,65.999999996663917,1.3070489239838845,-1998.692951076016,1.3070489239838845,-1.7032510326559276,-1.7032510326559276
30.000000,269.99999998635218,66.999999996613354,1.3873913378166023,-1998.6126086621834,1.3873913378166023,-1.6229086188232098,-1.6229086188232098
30.000000,269.99999998635218,67.999999996562806,1.4636480531244291,-1998.5363519468756,1.4636480531244291,-1.546651903515383,-1.546651903515383
30.000000,269.99999998635218,68.999999996512258,1.5358389105644519,-1998.4641610894355,1.5358389105644519,-1.4744610460753602,-1.4744610460753602
30.000000,269.99999998635218,69.99999999646171,1.6039820691499573,-1998.3960179308501,1.6039820691499573,-1.4063178874898548,-1.4063178874898548
30.000000,269.99999998635218,70.999999996411148,1.6680941561077849,-1998.3319058438922,1.6680941561077849,-1.3422058005320272,-1.3422058005320272
30.000000,269.99999998635218,71.9999999963606,1.7281904052891817,-1998.2718095947109,1.7281904052891817,-1.2821095513506304,-1.2821095513506304
30.000000,269.99999998635218,72.999999996310052,1.784284784911832,-1998.2157152150883,1.784284784911832,-1.2260151717279801,-1.2260151717279801
30.000000,269.99999998635218,73.999999996259504,1.8363901153325175,-1998.1636098846675,1.8363901153325175,-1.1739098413072946,-1.1739098413072946
30.000000,269.99999998635218,74.999999996208956,1.8845181774798145,-1998.1154818225202,1.8845181774798145,-1.1257817791599976,-1.1257817791599976
30.000000,269.99999998635218,75.999999996158394,1.928679812512798,-1998.0713201874871,1.928679812512798,-1.0816201441270141,-1.0816201441270141
30.000000,269.99999998635218,76.999999996107846,1.9688850132147218,-1998.0311149867853,1.9688850132147218,-1.0414149434250903,-1.0414149434250903
30.000000,269.99999998635218,77.999999996057298,2.0051430075787069,-1997.9948569924213,2.0051430075787069,-1.0051569490611052,-1.0051569490611052
30.000000,269.99999998635218,78.99999999600675,2.0374623349954408,-1997.9625376650044,2.0374623349954408,-0.97283762164437126,-0.97283762164437126
30.000000,269.99999998635218,79.999999995956202,2.0658509154098921,-1997.9341490845902,2.0658509154098921,-0.94444904122992002,-0.94444904122992002
30.000000,269.99999998635218,80.99999999590564,2.0903161117744702,-1997.9096838882256,2.0903161117744702,-0.9199838448653419,-0.9199838448653419
30.000000,269.99999998635218,81.999999995855092,2.1108647860901,-1997.8891352139099,2.1108647860901,-0.89943517054971212,-0.89943517054971212
30.000000,269.99999998635218,82.999999995804544,2.1275033492929181,-1997.872496650707,2.1275033492929181,-0.88279660734689402,-0.88279660734689402
30.000000,269.99999998635218,83.999999995753996,2.1402378052133133,-1997.8597621947868,2.1402378052133133,-0.87006215142649879,-0.87006215142649879
30.000000,269.99999998635218,84.999999995703433,2.1490737888050218,-1997.850926211195,2.1490737888050218,-0.86122616783479033,-0.86122616783479033
30.000000,269.99999998635218,85.999999995652885,2.154016598814648,-1997.8459834011853,2.154016598814648,-0.85628335782516407,-0.85628335782516407
30.000000,269.99999998635218,86.999999995602337,2.1550712250363242,-1997.8449287749636,2.1550712250363242,-0.85522873160348789,-0.85522873160348789
30.000000,269.99999998635218,87.999999995551789,2.1522423702717224,-1997.8477576297282,2.1522423702717224,-0.85805758636808971,-0.85805758636808971
30.000000,269.99999998635218,88.999999995501241,2.1455344670922445,-1997.8544655329079,2.1455344670922445,-0.8647654895475676,-0.8647654895475676
30.000000,269.99999998635218,89.999999995450679,2.1349516894776119,-1997.8650483105223,2.1349516894776119,-0.87534826716220016,-0.87534826716220016
30.000000,274.99999998609945,0,-999.99000000000001,-2999.9899999999998,-999.99000000000001,-1003.0002999566398,-1003.0002999566398
30.000000,274.99999998609945,0.99999999994945232,-34.383566057366146,-2034.3835660573661,-34.383566057366146,-37.393866014005958,-37.393866014005958
30.000000,274.99999998609945,1.9999999998989046,-28.362661395492509,-2028.3626613954925,-28.362661395492509,-31.372961352132322,-31.372961352132322
30.000000,274.99999998609945,2.9999999998483573,-24.840331284217825,-2024.8403312842179,-24.840331284217825,-27.850631240857638,-27.850631240857638
30.000000,274.99999998609945,3.9999999997978093,-22.34085591141627,-2022.3408559114164,-22.34085591141627,-25.351155868056082,-25.351155868056082
30.000000,274.99999998609945,4.9999999997472617,-20.401765549389907,-2020.4017655493899,-20.401765549389907,-23.41206550602972,-23.41206550602972
30.000000,274.99999998609945,5.9999999996967137,-18.817069082494438,-2018.8170690824945,-18.817069082494438,-21.827369039134251,-21.827369039134251
30.000000,274.99999998609945,6.9999999996461657,-17.476890071804608,-2017.4768900718045,-17.476890071804608,-20.48719002844442,-20.48719002844442
30.000000,274.99999998609945,7.9999999995956186,-16.315647752827982,-2016.315647752828,-16.315647752827982,-19.325947709467794,-19.325947709467794
30.000000,274.99999998609945,8.9999999995450715,-15.291046994024061,-2015.2910469940241,-15.291046994024061,-18.301346950663874,-18.301346950663874
30.000000,274.99999998609945,9.9999999994945235,-14.374214872112475,-2014.3742148721126,-14.374214872112475,-17.384514828752287,-17.384514828752287
30.000000,274.99999998609945,10.999999999443975,-13.544563461584143,-2013.5445634615842,-13.544563461584143,-16.554863418223956,-16.554863418223956
30.000000,274.99999998609945,11.999999999393427,-12.786897391854431,-2012.7868973918544,-12.786897391854431,-15.797197348494244,-15.797197348494244
30.000000,274.99999998609945,12.999999999342879,-12.089683140982467,-2012.0896831409825,-12.089683140982467,-15.09998309762228,-15.09998309762228
30.000000,274.99999998609945,13.999999999292331,-11.443961532122653,-2011.4439615321226,-11.443961532122653,-14.454261488762466,-14.454261488762466
30.000000,274.99999998609945,14.999999999241785,-10.842636318685297,-2010.8426363186852,-10.842636318685297,-13.85293627532511,-13.85293627532511
30.000000,274.99999998609945,15.999999999191237,-10.279992824813791,-2010.2799928248137,-10.279992824813791,-13.290292781453603,-13.290292781453603
30.000000,274.99999998609945,16.999999999140691,-9.7513627599945565,-2009.7513627599947,-9.7513627599945565,-12.761662716634369,-12.761662716634369
30.000000,274.99999998609945,17.999999999090143,-9.2528849728933373,-2009.2528849728933,-9.2528849728933373,-12.26318492953315,-12.26318492953315
30.000000,274.99999998609945,18.999999999039595,-8.7813309640903192,-2008.7813309640903,-8.7813309640903192,-11.791630920730132,-11.791630920730132
30.000000,274.99999998609945,19.999999998989047,-8.3339751947745597,-2008.3339751947747,-8.3339751947745597,-11.344275151414372,-11.344275151414372
30.000000,274.99999998609945,20.999999998938499,-7.9084970583907399,-2007.9084970583908,-7.9084970583907399,-10.918797015030552,-10.918797015030552
30.000000,274.99999998609945,21.999999998887951,-7.5029056656199984,-2007.5029056656199,-7.5029056656199984,-10.513205622259811,-10.513205622259811
30.000000,274.99999998609945,22.999999998837403,-7.1154813506869585,-2007.1154813506869,-7.1154813506869585,-10.12578130732677,-10.12578130732677
30.000000,274.99999998609945,23.999999998786855,-6.7447296242718018,-2006.7447296242717,-6.7447296242718018,-9.7550295809116143,-9.7550295809116143
30.000000,274.99999998609945,24.999999998736307,-6.3893445212932418,-2006.3893445212932,-6.3893445212932418,-9.3996444779330535,-9.3996444779330535
30.000000,274.99999998609945,25.999999998685759,-6.0481791306006558,-2006.0481791306006,-6.0481791306006558,-9.0584790872404675,-9.0584790872404675
30.000000,274.99999998609945,26.999999998635211,-5.7202216788485218,-2005.7202216788485,-5.7202216788485218,-8.7305216354883335,-8.7305216354883335
30.000000,274.99999998609945,27.999999998584663,-5.4045759556107056,-2005.4045759556107,-5.4045759556107056,-8.4148759122505172,-8.4148759122505172
30.000000,274.99999998609945,28.999999998534115,-5.1004451650186269,-2005.1004451650185,-5.1004451650186269,-8.1107451216584394,-8.1107451216584394
30.000000,274.99999998609945,29.99999999848357,-4.8071185064765674,-2004.8071185064766,-4.8071185064765674,-7.817418463116379,-7.817418463116379
30.000000,274.99999998609945,30.999999998433026,-4.5239599472338989,-2004.5239599472338,-4.5239599472338989,-7.5342599038737106,-7.5342599038737106
30.000000,274.99999998609945,31.999999998382481,-4.2503987690913263,-2004.2503987690914,-4.2503987690913263,-7.2606987257311388,-7.2606987257311388
30.000000,274.99999998609945,32.999999998331937,-3.9859215615762897,-2003.9859215615763,-3.9859215615762897,-6.9962215182161014,-6.9962215182161014
30.000000,274.99999998609945,33.999999998281389,-3.7300654024562903,-2003.7300654024564,-3.7300654024562903,-6.7403653590961028,-6.7403653590961028
30.000000,274.99999998609945,34.999999998230848,-3.4824120190889758,-2003.482412019089,-3.4824120190889758,-6.4927119757287883,-6.4927119757287883
30.000000,274.99999998609945,35.9999999981803,-3.2425827648678611,-2003.2425827648678,-3.2425827648678611,-6.2528827215076728,-6.2528827215076728
30.000000,274.99999998609945,36.999999998129759,-3.0102342768427754,-2003.0102342768428,-3.0102342768427754,-6.0205342334825875,-6.0205342334825875
30.000000,274.99999998609945,37.999999998079211,-2.7850547056206358,-2002.7850547056207,-2.7850547056206358,-5.7953546622604479,-5.7953546622604479
30.000000,274.99999998609945,38.99999999802867,-2.5667604284744745,-2002.5667604284745,-2.5667604284744745,-5.5770603851142866,-5.5770603851142866
30.000000,274.99999998609945,39.999999997978122,-2.3550931723934374,-2002.3550931723935,-2.3550931723934374,-5.3653931290332491,-5.3653931290332491
30.000000,274.99999998609945,40.999999997927581,-2.1498174864865103,-2002.1498174864864,-2.1498174864865103,-5.1601174431263228,-5.1601174431263228
30.000000,274.99999998609945,41.999999997877033,-1.9507185133866456,-2001.9507185133866,-1.9507185133866456,-4.9610184700264579,-4.9610184700264579
30.000000,274.99999998609945,42.999999997826492,-1.7576000176076423,-2001.7576000176077,-1.7576000176076423,-4.7678999742474542,-4.7678999742474542
30.000000,274.99999998609945,43.999999997775944,-1.5702826355829975,-2001.570282635583,-1.5702826355829975,-4.5805825922228092,-4.5805825922228092
30.000000,274.99999998609945,44.999999997725396,-1.3886023176730553,-2001.3886023176731,-1.3886023176730553,-4.3989022743128672,-4.3989022743128672
30.000000,274.99999998609945,45.999999997674855,-1.2124089370062154,-2001.2124089370061,-1.2124089370062154,-4.2227088936460273,-4.2227088936460273
30.000000,274.99999998609945,46.999999997624307,-1.0415650438098734,-2001.0415650438099,-1.0415650438098734,-4.0518650004496859,-4.0518650004496859
30.000000,274.99999998609945,47.999999997573767,-0.87594474703838943,-2000.8759447470384,-0.87594474703838943,-3.8862447036782015,-3.8862447036782015
30.000000,274.99999998609945,48.999999997523219,-0.71543270773595924,-2000.715432707736,-0.71543270773595924,-3.7257326643757711,-3.7257326643757711
30.000000,274.99999998609945,49.999999997472678,-0.55992323077701822,-2000.559923230777,-0.55992323077701822,-3.5702231874168304,-3.5702231874168304
30.000000,274.99999998609945,50.99999999742213,-0.40931944348230337,-2000.4093194434822,-0.40931944348230337,-3.4196194001221154,-3.4196194001221154
30.000000,274.99999998609945,51.999999997371589,-0.26353255117485674,-2000.2635325511749,-0.26353255117485674,-3.2738325078146691,-3.2738325078146691
30.000000,274.99999998609945,52.999999997321041,-0.1224811610678664,-2000.1224811610678,-0.1224811610678664,-3.1327811177076783,-3.1327811177076783
30.000000,274.99999998609945,53.9999999972705,0.013909332995200356,-1999.9860906670049,0.013909332995200356,-2.9963906236446118,-2.9963906236446118
30.000000,274.99999998609945,54.999999997219952,0.14570731146507562,-1999.854292688535,0.14570731146507562,-2.8645926451747363,-2.8645926451747363
30.000000,274.99999998609945,55.999999997169411,0.27297544136892304,-1999.727024558631,0.27297544136892304,-2.7373245152708892,-2.7373245152708892
30.000000,274.99999998609945,56.999999997118863,0.3957711449366183,-1999.6042288550634,0.3957711449366183,-2.614528811703194,-2.614528811703194
30.000000,274.99999998609945,57.999999997068315,0.51414702894883668,-1999.4858529710511,0.51414702894883668,-2.4961529276909755,-2.4961529276909755
30.000000,274.99999998609945,58.999999997017767,0.62815127865962639,-1999.3718487213405,0.62815127865962639,-2.3821486779801857,-2.3821486779801857
30.000000,274.99999998609945,59.999999996967219,0.73782801969144485,-1999.2621719803085,0.73782801969144485,-2.2724719369483672,-2.2724719369483672
30.000000,274.99999998609945,60.999999996916664,0.84321765090638212,-1999.1567823490936,0.84321765090638212,-2.1670823057334299,-2.1670823057334299
30.000000,274.99999998609945,61.999999996866116,0.94435715091389349,-1999.0556428490861,0.94435715091389349,-2.0659428057259186,-2.0659428057259186
30.000000,274.99999998609945,62.999999996815561,1.0412803605761247,-1998.9587196394239,1.0412803605761247,-1.9690195960636874,-1.9690195960636874
30.000000,274.99999998609945,63.999999996765013,1.1340182436101185,-1998.8659817563898,1.1340182436101185,-1.8762817130296936,-1.8762817130296936
30.000000,274.99999998609945,64.999999996714465,1.2225991271566381,-1998.7774008728434,1.2225991271566381,-1.787700829483174,-1.787700829483174
30.000000,274.99999998609945,65.999999996663917,1.3070489239838845,-1998.692951076016,1.3070489239838845,-1.7032510326559276,-1.7032510326559276
30.000000,274.99999998609945,66.999999996613354,1.3873913378166023,-1998.6126086621834,1.3873913378166023,-1.6229086188232098,-1.6229086188232098
30.000000,274.99999998609945,67.999999996562806,1.4636480531244291,-1998.5363519468756,1.4636480531244291,-1.546651903515383,-1.546651903515383
30.000000,274.99999998609945,68.999999996512258,1.5358389105644519,-1998.4641610894355,1.5358389105644519,-1.4744610460753602,-1.4744610460753602
30.000000,274.99999998609945,69.99999999646171,1.6039820691499573,-1998.3960179308501,1.6039820691499573,-1.4063178874898548,-1.4063178874898548
30.000000,274.99999998609945,70.999999996411148,1.6680941561077849,-1998.3319058438922,1.6680941561077849,-1.3422058005320272,-1.3422058005320272
30.000000,274.99999998609945,71.9999999963606,1.7281904052891817,-1998.2718095947109,1.7281904052891817,-1.2821095513506304,-1.2821095513506304
30.000000,274.99999998609945,72.999999996310052,1.784284784911832,-1998.2157152150883,1.784284784911832,-1.2260151717279801,-1.2260151717279801
30.000000,274.99999998609945,73.999999996259504,1.8363901153325175,-1998.1636098846675,1.8363901153325175,-1.1739098413072946,-1.1739098413072946
30.000000,274.99999998609945,74.999999996208956,1.8845181774798145,-1998.1154818225202,1.8845181774798145,-1.1257817791599976,-1.1257817791599976
30.000000,274.99999998609945,75.999999996158394,1.928679812512798,-1998.0713201874871,1.928679812512798,-1.0816201441270141,-1.0816201441270141
30.000000,274.99999998609945,76.999999996107846,1.9688850132147218,-1998.0311149867853,1.9688850132147218,-1.0414149434250903,-1.0414149434250903
30.000000,274.99999998609945,77.999999996057298,2.0051430075787069,-1997.9948569924213,2.0051430075787069,-1.0051569490611052,-1.0051569490611052
30.000000,274.99999998609945,78.99999999600675,2.0374623349954408,-1997.9625376650044,2.0374623349954408,-0.97283762164437126,-0.97283762164437126
30.000000,274.99999998609945,79.999999995956202,2.0658509154098921,-1997.9341490845902,2.0658509154098921,-0.94444904122992002,-0.94444904122992002
30.000000,274.99999998609945,80.99999999590564,2.0903161117744702,-1997.9096838882256,2.0903161117744702,-0.9199838448653419,-0.9199838448653419
30.000000,274.99999998609945,81.999999995855092,2.1108647860901,-1997.8891352139099,2.1108647860901,-0.89943517054971212,-0.89943517054971212
30.000000,274.99999998609945,82.999999995804544,2.1275033492929181,-1997.872496650707,2.1275033492929181,-0.88279660734689402,-0.88279660734689402
30.000000,274.99999998609945,83.999999995753996,2.1402378052133133,-1997.8597621947868,2.1402378052133133,-0.87006215142649879,-0.87006215142649879
30.000000,274.99999998609945,84.999999995703433,2.1490737888050218,-1997.850926211195,2.1490737888050218,-0.86122616783479033,-0.86122616783479033
30.000000,274.99999998609945,85.999999995652885,2.154016598814648,-1997.8459834011853,2.154016598814648,-0.85628335782516407,-0.85628335782516407
30.000000,274.99999998609945,86.999999995602337,2.1550712250363242,-1997.8449287749636,2.1550712250363242,-0.85522873160348789,-0.85522873160348789
30.000000,274.99999998609945,87.999999995551789,2.1522423702717224,-1997.8477576297282,2.1522423702717224,-0.85805758636808971,-0.85805758636808971
30.000000,274.99999998609945,88.999999995501241,2.1455344670922445,-1997.8544655329079,2.1455344670922445,-0.8647654895475676,-0.8647654895475676
30.000000,274.99999998609945,89.999999995450679,2.1349516894776119,-1997.8650483105223,2.1349516894776119,-0.87534826716220016,-0.87534826716220016
30.000000,279.99999998584667,0,-999.99000000000001,-2999.9899999999998,-999.99000000000001,-1003.0002999566398,-1003.0002999566398
30.000000,279.99999998584667,0.99999999994945232,-34.383566057366146,-2034.3835660573661,-34.383566057366146,-37.393866014005958,-37.393866014005958
30.000000,279.99999998584667,1.9999999998989046,-28.362661395492509,-2028.3626613954925,-28.362661395492509,-31.372961352132322,-31.372961352132322
30.000000,279.99999998584667,2.9999999998483573,-24.840331284217825,-2024.8403312842179,-24.840331284217825,-27.850631240857638,-27.850631240857638
30.000000,279.99999998584667,3.9999999997978093,-22.34085591141627,-2022.3408559114164,-22.34085591141627,-25.351155868056082,-25.351155868056082
30.000000,279.99999998584667,4.9999999997472617,-20.401765549389907,-2020.4017655493899,-20.401765549389907,-23.41206550602972,-23.41206550602972
30.000000,279.99999998584667,5.9999999996967137,-18.817069082494438,-2018.8170690824945,-18.817069082494438,-21.827369039134251,-21.827369039134251
30.000000,279.99999998584667,6.9999999996461657,-17.476890071804608,-2017.4768900718045,-17.476890071804608,-20.48719002844442,-20.48719002844442
30.000000,279.99999998584667,7.9999999995956186,-16.315647752827982,-2016.315647752828,-16.315647752827982,-19.325947709467794,-19.325947709467794
30.000000,279.99999998584667,8.9999999995450715,-15.291046994024061,-2015.2910469940241,-15.291046994024061,-18.301346950663874,-18.301346950663874
30.000000,279.99999998584667,9.9999999994945235,-14.374214872112475,-2014.3742148721126,-14.374214872112475,-17.384514828752287,-17.384514828752287
30.000000,279.99999998584667,10.999999999443975,-13.544563461584143,-2013.5445634615842,-13.544563461584143,-16.554863418223956,-16.554863418223956
30.000000,279.99999998584667,11.999999999393427,-12.786897391854431,-2012.7868973918544,-12.786897391854431,-15.797197348494244,-15.797197348494244
30.000000,279.99999998584667,12.999999999342879,-12.089683140982467,-2012.0896831409825,-12.089683140982467,-15.09998309762228,-15.09998309762228
30.000000,279.99999998584667,13.999999999292331,-11.443961532122653,-2011.4439615321226,-11.443961532122653,-14.454261488762466,-14.454261488762466
30.000000,279.99999998584667,14.999999999241785,-10.842636318685297,-2010.8426363186852,-10.842636318685297,-13.85293627532511,-13.85293627532511
30.000000,279.99999998584667,15.999999999191237,-10.279992824813791,-2010.2799928248137,-10.279992824813791,-13.290292781453603,-13.290292781453603
30.000000,279.99999998584667,16.999999999140691,-9.7513627599945565,-2009.7513627599947,-9.7513627599945565,-12.761662716634369,-12.761662716634369
30.000000,279.99999998584667,17.999999999090143,-9.2528849728933373,-2009.2528849728933,-9.2528849728933373,-12.26318492953315,-12.26318492953315
30.000000,279.99999998584667,18.999999999039595,-8.7813309640903192,-2008.7813309640903,-8.7813309640903192,-11.791630920730132,-11.791630920730132
30.000000,279.99999998584667,19.999999998989047,-8.3339751947745597,-2008.3339751947747,-8.3339751947745597,-11.344275151414372,-11.344275151414372
30.000000,279.99999998584667,20.999999998938499,-7.9084970583907399,-2007.9084970583908,-7.9084970583907399,-10.918797015030552,-10.918797015030552
30.000000,279.99999998584667,21.999999998887951,-7.5029056656199984,-2007.5029056656199,-7.5029056656199984,-10.513205622259811,-10.513205622259811
30.000000,279.99999998584667,22.999999998837403,-7.1154813506869585,-2007.1154813506869,-7.1154813506869585,-10.12578130732677,-10.12578130732677
30.000000,279.99999998584667,23.999999998786855,-6.7447296242718018,-2006.7447296242717,-6.7447296242718018,-9.7550295809116143,-9.7550295809116143
30.000000,279.99999998584667,24.999999998736307,-6.3893445212932418,-2006.3893445212932,-6.3893445212932418,-9.3996444779330535,-9.3996444779330535
30.000000,279.99999998584667,25.999999998685759,-6.0481791306006558,-2006.0481791306006,-6.0481791306006558,-9.0584790872404675,-9.0584790872404675
30.000000,279.99999998584667,26.999999998635211,-5.7202216788485218,-2005.7202216788485,-5.7202216788485218,-8.7305216354883335,-8.7305216354883335
30.000000,279.99999998584667,27.999999998584663,-5.4045759556107056,-2005.4045759556107,-5.4045759556107056,-8.4148759122505172,-8.4148759122505172
30.000000,279.99999998584667,28.999999998534115,-5.1004451650186269,-2005.1004451650185,-5.1004451650186269,-8.1107451216584394,-8.1107451216584394
30.000000,279.99999998584667,29.99999999848357,-4.8071185064765674,-2004.8071185064766,-4.8071185064765674,-7.817418463116379,-7.817418463116379
30.000000,279.99999998584667,30.999999998433026,-4.5239599472338989,-2004.5239599472338,-4.5239599472338989,-7.5342599038737106,-7.5342599038737106
30.000000,279.99999998584667,31.999999998382481,-4.2503987690913263,-2004.2503987690914,-4.2503987690913263,-7.2606987257311388,-7.2606987257311388
30.000000,279.99999998584667,32.999999998331937,-3.9859215615762897,-2003.9859215615763,-3.9859215615762897,-6.9962215182161014,-6.9962215182161014
30.000000,279.99999998584667,33.999999998281389,-3.7300654024562903,-2003.7300654024564,-3.7300654024562903,-6.7403653590961028,-6.7403653590961028
30.000000,279.99999998584667,34.999999998230848,-3.4824120190889758,-2003.482412019089,-3.4824120190889758,-6.4927119757287883,-6.4927119757287883
30.000000,279.99999998584667,35.9999999981803,-3.2425827648678611,-2003.2425827648678,-3.2425827648678611,-6.2528827215076728,-6.2528827215076728
30.000000,279.99999998584667,36.999999998129759,-3.0102342768427754,-2003.0102342768428,-3.0102342768427754,-6.0205342334825875,-6.0205342334825875
30.000000,279.99999998584667,37.999999998079211,-2.7850547056206358,-2002.7850547056207,-2.7850547056206358,-5.7953546622604479,-5.7953546622604479
30.000000,279.99999998584667,38.99999999802867,-2.5667604284744745,-2002.5667604284745,-2.5667604284744745,-5.5770603851142866,-5.5770603851142866
30.000000,279.99999998584667,39.999999997978122,-2.3550931723934374,-2002.3550931723935,-2.3550931723934374,-5.3653931290332491,-5.3653931290332491
30.000000,279.99999998584667,40.999999997927581,-2.1498174864865103,-2002.1498174864864,-2.1498174864865103,-5.1601174431263228,-5.1601174431263228
30.000000,279.99999998584667,41.999999997877033,-1.9507185133866456,-2001.9507185133866,-1.9507185133866456,-4.9610184700264579,-4.9610184700264579
30.000000,279.99999998584667,42.999999997826492,-1.7576000176076423,-2001.7576000176077,-1.7576000176076423,-4.7678999742474542,-4.7678999742474542
30.000000,279.99999998584667,43.999999997775944,-1.5702826355829975,-2001.570282635583,-1.5702826355829975,-4.5805825922228092,-4.5805825922228092
30.000000,279.99999998584667,44.999999997725396,-1.3886023176730553,-2001.3886023176731,-1.3886023176730553,-4.3989022743128672,-4.3989022743128672
30.000000,279.99999998584667,45.999999997674855,-1.2124089370062154,-2001.2124089370061,-1.2124089370062154,-4.2227088936460273,-4.2227088936460273
30.000000,279.99999998584667,46.999999997624307,-1.0415650438098734,-2001.0415650438099,-1.0415650438098734,-4.0518650004496859,-4.0518650004496859
30.000000,279.99999998584667,47.999999997573767,-0.87594474703838943,-2000.8759447470384,-0.87594474703838943,-3.8862447036782015,-3.8862447036782015
30.000000,279.99999998584667,48.999999997523219,-0.71543270773595924,-2000.715432707736,-0.71543270773595924,-3.7257326643757711,-3.7257326643757711
30.000000,279.99999998584667,49.999999997472678,-0.55992323077701822,-2000.559923230777,-0.55992323077701822,-3.5702231874168304,-3.5702231874168304
30.000000,279.99999998584667,50.99999999742213,-0.40931944348230337,-2000.4093194434822,-0.40931944348230337,-3.4196194001221154,-3.4196194001221154
30.000000,279.99999998584667,51.999999997371589,-0.26353255117485674,-2000.2635325511749,-0.26353255117485674,-3.2738325078146691,-3.2738325078146691
30.000000,279.99999998584667,52.999999997321041,-0.1224811610678664,-2000.1224811610678,-0.1224811610678664,-3.1327811177076783,-3.1327811177076783
30.000000,279.99999998584667,53.9999999972705,0.013909332995200356,-1999.9860906670049,0.013909332995200356,-2.9963906236446118,-2.9963906236446118
30.000000,279.99999998584667,54.999999997219952,0.14570731146507562,-1999.854292688535,0.14570731146507562,-2.8645926451747363,-2.8645926451747363
30.000000,279.99999998584667,55.999999997169411,0.27297544136892304,-1999.727024558631,0.27297544136892304,-2.7373245152708892,-2.7373245152708892
30.000000,279.99999998584667,56.999999997118863,0.3957711449366183,-1999.6042288550634,0.3957711449366183,-2.614528811703194,-2.614528811703194
30.000000,279.99999998584667,57.999999997068315,0.51414702894883668,-1999.4858529710511,0.51414702894883668,-2.4961529276909755,-2.4961529276909755
30.000000,279.99999998584667,58.999999997017767,0.62815127865962639,-1999.3718487213405,0.62815127865962639,-2.3821486779801857,-2.3821486779801857
30.000000,279.99999998584667,59.999999996967219,0.73782801969144485,-1999.2621719803085,0.73782801969144485,-2.2724719369483672,-2.2724719369483672
30.000000,279.99999998584667,60.999999996916664,0.84321765090638212,-1999.1567823490936,0.84321765090638212,-2.1670823057334299,-2.1670823057334299
30.000000,279.99999998584667,61.999999996866116,0.94435715091389349,-1999.0556428490861,0.94435715091389349,-2.0659428057259186,-2.0659428057259186
30.000000,279.99999998584667,62.999999996815561,1.0412803605761247,-1998.9587196394239,1.0412803605761247,-1.9690195960636874,-1.9690195960636874
30.000000,279.99999998584667,63.999999996765013,1.1340182436101185,-1998.8659817563898,1.1340182436101185,-1.8762817130296936,-1.8762817130296936
30.000000,279.99999998584667,64.999999996714465,1.2225991271566381,-1998.7774008728434,1.2225991271566381,-1.787700829483174,-1.787700829483174
30.000000,279.99999998584667,65.999999996663917,1.3070489239838845,-1998.692951076016,1.3070489239838845,-1.7032510326559276,-1.7032510326559276
30.000000,279.99999998584667,66.999999996613354,1.3873913378166023,-1998.6126086621834,1.3873913378166023,-1.6229086188232098,-1.6229086188232098
30.000000,279.99999998584667,67.999999996562806,1.4636480531244291,-1998.5363519468756,1.4636480531244291,-1.546651903515383,-1.546651903515383
30.000000,279.99999998584667,68.999999996512258,1.5358389105644519,-1998.4641610894355,1.5358389105644519,-1.4744610460753602,-1.4744610460753602
30.000000,279.99999998584667,69.99999999646171,1.6039820691499573,-1998.3960179308501,1.6039820691499573,-1.4063178874898548,-1.4063178874898548
30.000000,279.99999998584667,70.999999996411148,1.6680941561077849,-1998.3319058438922,1.6680941561077849,-1.3422058005320272,-1.3422058005320272
30.000000,279.99999998584667,71.9999999963606,1.7281904052891817,-1998.2718095947109,1.7281904052891817,-1.2821095513506304,-1.2821095513506304
30.000000,279.99999998584667,72.999999996310052,1.784284784911832,-1998.2157152150883,1.784284784911832,-1.2260151717279801,-1.2260151717279801
30.000000,279.99999998584667,73.999999996259504,1.8363901153325175,-1998.1636098846675,1.8363901153325175,-1.1739098413072946,-1.1739098413072946
30.000000,279.99999998584667,74.999999996208956,1.8845181774798145,-1998.1154818225202,1.8845181774798145,-1.1257817791599976,-1.1257817791599976
30.000000,279.99999998584667,75.999999996158394,1.928679812512798,-1998.0713201874871,1.928679812512798,-1.0816201441270141,-1.0816201441270141
30.000000,279.99999998584667,76.999999996107846,1.9688850132147218,-1998.0311149867853,1.9688850132147218,-1.0414149434250903,-1.0414149434250903
30.000000,279.99999998584667,77.999999996057298,2.0051430075787069,-1997.9948569924213,2.0051430075787069,-1.0051569490611052,-1.0051569490611052
30.000000,279.99999998584667,78.99999999600675,2.0374623349954408,-1997.9625376650044,2.0374623349954408,-0.97283762164437126,-0.97283762164437126
30.000000,279.99999998584667,79.999999995956202,2.0658509154098921,-1997.9341490845902,2.0658509154098921,-0.94444904122992002,-0.94444904122992002
30.000000,279.99999998584667,80.99999999590564,2.0903161117744702,-1997.9096838882256,2.0903161117744702,-0.9199838448653419,-0.9199838448653419
30.000000,279.99999998584667,81.999999995855092,2.1108647860901,-1997.8891352139099,2.1108647860901,-0.89943517054971212,-0.89943517054971212
30.000000,279.99999998584667,82.999999995804544,2.1275033492929181,-1997.872496650707,2.1275033492929181,-0.88279660734689402,-0.88279660734689402
30.000000,279.99999998584667,83.999999995753996,2.1402378052133133,-1997.8597621947868,2.1402378052133133,-0.87006215142649879,-0.87006215142649879
30.000000,279.99999998584667,84.999999995703433,2.1490737888050218,-1997.850926211195,2.1490737888050218,-0.86122616783479033,-0.86122616783479033
30.000000,279.99999998584667,85.999999995652885,2.154016598814648,-1997.8459834011853,2.154016598814648,-0.85628335782516407,-0.85628335782516407
30.000000,279.99999998584667,86.999999995602337,2.1550712250363242,-1997.8449287749636,2.1550712250363242,-0.85522873160348789,-0.85522873160348789
30.000000,279.99999998584667,87.999999995551789,2.1522423702717224,-1997.8477576297282,2.1522423702717224,-0.85805758636808971,-0.85805758636808971
30.000000,279.99999998584667,88.999999995501241,2.1455344670922445,-1997.8544655329079,2.1455344670922445,-0.8647654895475676,-0.8647654895475676
30.000000,279.99999998584667,89.999999995450679,2.1349516894776119,-1997.8650483105223,2.1349516894776119,-0.87534826716220016,-0.87534826716220016
30.000000,284.99999998559389,0,-999.99000000000001,-2999.9899999999998,-999.99000000000001,-1003.0002999566398,-1003.0002999566398
30.000000,284.99999998559389,0.99999999994945232,-34.383566057366146,-2034.3835660573661,-34.383566057366146,-37.393866014005958,-37.393866014005958
30.000000,284.99999998559389,1.9999999998989046,-28.362661395492509,-2028.3626613954925,-28.362661395492509,-31.372961352132322,-31.372961352132322
30.000000,284.99999998559389,2.9999999998483573,-24.840331284217825,-2024.8403312842179,-24.840331284217825,-27.850631240857638,-27.850631240857638
30.000000,284.99999998559389,3.9999999997978093,-22.34085591141627,-2022.3408559114164,-22.34085591141627,-25.351155868056082,-25.351155868056082
30.000000,284.99999998559389,4.9999999997472617,-20.401765549389907,-2020.4017655493899,-20.401765549389907,-23.41206550602972,-23.41206550602972
30.000000,284.99999998559389,5.9999999996967137,-18.817069082494438,-2018.8170690824945,-18.817069082494438,-21.827369039134251,-21.827369039134251
30.000000,284.99999998559389,6.9999999996461657,-17.476890071804608,-2017.4768900718045,-17.476890071804608,-20.48719002844442,-20.48719002844442
30.000000,284.99999998559389,7.9999999995956186,-16.315647752827982,-2016.315647752828,-16.315647752827982,-19.325947709467794,-19.325947709467794
30.000000,284.99999998559389,8.9999999995450715,-15.291046994024061,-2015.2910469940241,-15.291046994024061,-18.301346950663874,-18.301346950663874
30.000000,284.99999998559389,9.9999999994945235,-14.374214872112475,-2014.3742148721126,-14.374214872112475,-17.384514828752287,-17.384514828752287
30.000000,284.99999998559389,10.999999999443975,-13.544563461584143,-2013.5445634615842,-13.544563461584143,-16.554863418223956,-16.554863418223956
30.000000,284.99999998559389,11.999999999393427,-12.786897391854431,-2012.7868973918544,-12.786897391854431,-15.797197348494244,-15.797197348494244
30.000000,284.99999998559389,12.999999999342879,-12.089683140982467,-2012.0896831409825,-12.089683140982467,-15.09998309762228,-15.09998309762228
30.000000,284.99999998559389,13.999999999292331,-11.443961532122653,-2011.4439615321226,-11.443961532122653,-14.454261488762466,-14.454261488762466
30.000000,284.99999998559389,14.999999999241785,-10.842636318685297,-2010.8426363186852,-10.842636318685297,-13.85293627532511,-13.85293627532511
30.000000,284.99999998559389,15.999999999191237,-10.279992824813791,-2010.2799928248137,-10.279992824813791,-13.290292781453603,-13.290292781453603
30.000000,284.99999998559389,16.999999999140691,-9.7513627599945565,-2009.7513627599947,-9.7513627599945565,-12.761662716634369,-12.761662716634369
30.000000,284.99999998559389,17.999999999090143,-9.2528849728933373,-2009.2528849728933,-9.2528849728933373,-12.26318492953315,-12.26318492953315
30.000000,284.99999998559389,18.999999999039595,-8.7813309640903192,-2008.7813309640903,-8.7813309640903192,-11.791630920730132,-11.791630920730132
30.000000,284.99999998559389,19.999999998989047,-8.3339751947745597,-2008.3339751947747,-8.3339751947745597,-11.344275151414372,-11.344275151414372
30.000000,284.99999998559389,20.999999998938499,-7.9084970583907399,-2007.9084970583908,-7.9084970583907399,-10.918797015030552,-10.918797015030552
30.000000,284.99999998559389,21.999999998887951,-7.5029056656199984,-2007.5029056656199,-7.5029056656199984,-10.513205622259811,-10.513205622259811
30.000000,284.99999998559389,22.999999998837403,-7.1154813506869585,-2007.1154813506869,-7.1154813506869585,-10.12578130732677,-10.12578130732677
30.000000,284.99999998559389,23.999999998786855,-6.7447296242718018,-2006.7447296242717,-6.7447296242718018,-9.7550295809116143,-9.7550295809116143
30.000000,284.99999998559389,24.999999998736307,-6.3893445212932418,-2006.3893445212932,-6.3893445212932418,-9.3996444779330535,-9.3996444779330535
30.000000,284.99999998559389,25.999999998685759,-6.0481791306006558,-2006.0481791306006,-6.0481791306006558,-9.0584790872404675,-9.0584790872404675
30.000000,284.99999998559389,26.999999998635211,-5.7202216788485218,-2005.7202216788485,-5.7202216788485218,-8.7305216354883335,-8.7305216354883335
30.000000,284.99999998559389,27.999999998584663,-5.4045759556107056,-2005.4045759556107,-5.4045759556107056,-8.4148759122505172,-8.4148759122505172
30.000000,284.99999998559389,28.999999998534115,-5.1004451650186269,-2005.1004451650185,-5.1004451650186269,-8.1107451216584394,-8.1107451216584394
30.000000,284.99999998559389,29.99999999848357,-4.8071185064765674,-2004.8071185064766,-4.8071185064765674,-7.817418463116379,-7.817418463116379
30.000000,284.99999998559389,30.999999998433026,-4.5239599472338989,-2004.5239599472338,-4.5239599472338989,-7.5342599038737106,-7.5342599038737106
30.000000,284.99999998559389,31.999999998382481,-4.2503987690913263,-2004.2503987690914,-4.2503987690913263,-7.2606987257311388,-7.2606987257311388
30.000000,284.99999998559389,32.999999998331937,-3.9859215615762897,-2003.9859215615763,-3.9859215615762897,-6.9962215182161014,-6.9962215182161014
30.000000,284.99999998559389,33.999999998281389,-3.7300654024562903,-2003.7300654024564,-3.7300654024562903,-6.7403653590961028,-6.7403653590961028
30.000000,284.99999998559389,34.999999998230848,-3.4824120190889758,-2003.482412019089,-3.4824120190889758,-6.4927119757287883,-6.4927119757287883
30.000000,284.99999998559389,35.9999999981803,-3.2425827648678611,-2003.2425827648678,-3.2425827648678611,-6.2528827215076728,-6.2528827215076728
30.000000,284.99999998559389,36.999999998129759,-3.0102342768427754,-2003.0102342768428,-3.0102342768427754,-6.0205342334825875,-6.0205342334825875
30.000000,284.99999998559389,37.999999998079211,-2.7850547056206358,-2002.7850547056207,-2.7850547056206358,-5.7953546622604479,-5.7953546622604479
30.000000,284.99999998559389,38.99999999802867,-2.5667604284744745,-2002.5667604284745,-2.5667604284744745,-5.5770603851142866,-5.5770603851142866
30.000000,284.99999998559389,39.999999997978122,-2.3550931723934374,-2002.3550931723935,-2.3550931723934374,-5.3653931290332491,-5.3653931290332491
30.000000,284.99999998559389,40.999999997927581,-2.1498174864865103,-2002.1498174864864,-2.1498174864865103,-5.1601174431263228,-5.1601174431263228
30.000000,284.99999998559389,41.999999997877033,-1.9507185133866456,-2001.9507185133866,-1.9507185133866456,-4.9610184700264579,-4.9610184700264579
30.000000,284.99999998559389,42.999999997826492,-1.7576000176076423,-2001.7576000176077,-1.7576000176076423,-4.7678999742474542,-4.7678999742474542
30.000000,284.99999998559389,43.999999997775944,-1.5702826355829975,-2001.570282635583,-1.5702826355829975,-4.5805825922228092,-4.5805825922228092
30.000000,284.99999998559389,44.999999997725396,-1.3886023176730553,-2001.3886023176731,-1.3886023176730553,-4.3989022743128672,-4.3989022743128672
30.000000,284.99999998559389,45.999999997674855,-1.2124089370062154,-2001.2124089370061,-1.2124089370062154,-4.2227088936460273,-4.2227088936460273
30.000000,284.99999998559389,46.999999997624307,-1.0415650438098734,-2001.0415650438099,-1.0415650438098734,-4.0518650004496859,-4.0518650004496859
30.000000,284.99999998559389,47.999999997573767,-0.87594474703838943,-2000.8759447470384,-0.87594474703838943,-3.8862447036782015,-3.8862447036782015
30.000000,284.99999998559389,48.999999997523219,-0.71543270773595924,-2000.715432707736,-0.71543270773595924,-3.7257326643757711,-3.7257326643757711
30.000000,284.99999998559389,49.999999997472678,-0.55992323077701822,-2000.559923230777,-0.55992323077701822,-3.5702231874168304,-3.5702231874168304
30.000000,284.99999998559389,50.99999999742213,-0.40931944348230337,-2000.4093194434822,-0.40931944348230337,-3.4196194001221154,-3.4196194001221154
30.000000,284.99999998559389,51.999999997371589,-0.26353255117485674,-2000.2635325511749,-0.26353255117485674,-3.2738325078146691,-3.2738325078146691
30.000000,284.99999998559389,52.999999997321041,-0.1224811610678664,-2000.1224811610678,-0.1224811610678664,-3.1327811177076783,-3.1327811177076783
30.000000,284.99999998559389,53.9999999972705,0.013909332995200356,-1999.9860906670049,0.013909332995200356,-2.9963906236446118,-2.9963906236446118
30.000000,284.99999998559389,54.999999997219952,0.14570731146507562,-1999.854292688535,0.14570731146507562,-2.8645926451747363,-2.8645926451747363
30.000000,284.99999998559389,55.999999997169411,0.27297544136892304,-1999.727024558631,0.27297544136892304,-2.7373245152708892,-2.7373245152708892
30.000000,284.99999998559389,56.999999997118863,0.3957711449366183,-1999.6042288550634,0.3957711449366183,-2.614528811703194,-2.614528811703194
30.000000,284.99999998559389,57.999999997068315,0.51414702894883668,-1999.4858529710511,0.51414702894883668,-2.4961529276909755,-2.4961529276909755
30.000000,284.99999998559389,58.999999997017767,0.62815127865962639,-1999.3718487213405,0.62815127865962639,-2.3821486779801857,-2.3821486779801857
30.000000,284.99999998559389,59.999999996967219,0.73782801969144485,-1999.2621719803085,0.73782801969144485,-2.2724719369483672,-2.2724719369483672
30.000000,284.99999998559389,60.999999996916664,0.84321765090638212,-1999.1567823490936,0.84321765090638212,-2.1670823057334299,-2.1670823057334299
30.000000,284.99999998559389,61.999999996866116,0.94435715091389349,-1999.0556428490861,0.94435715091389349,-2.0659428057259186,-2.0659428057259186
30.000000,284.99999998559389,62.999999996815561,1.0412803605761247,-1998.9587196394239,1.0412803605761247,-1.9690195960636874,-1.9690195960636874
30.000000,284.99999998559389,63.999999996765013,1.1340182436101185,-1998.8659817563898,1.1340182436101185,-1.8762817130296936,-1.8762817130296936
30.000000,284.99999998559389,64.999999996714465,1.2225991271566381,-1998.7774008728434,1.2225991271566381,-1.787700829483174,-1.787700829483174
30.000000,284.99999998559389,65.999999996663917,1.3070489239838845,-1998.692951076016,1.3070489239838845,-1.7032510326559276,-1.7032510326559276
30.000000,284.99999998559389,66.999999996613354,1.3873913378166023,-1998.6126086621834,1.3873913378166023,-1.6229086188232098,-1.6229086188232098
30.000000,284.99999998559389,67.999999996562806,1.4636480531244291,-1998.5363519468756,1.4636480531244291,-1.546651903515383,-1.546651903515383
30.000000,284.99999998559389,68.999999996512258,1.5358389105644519,-1998.4641610894355,1.5358389105644519,-1.4744610460753602,-1.4744610460753602
30.000000,284.99999998559389,69.99999999646171,1.6039820691499573,-1998.3960179308501,1.6039820691499573,-1.4063178874898548,-1.4063178874898548
30.000000,284.99999998559389,70.999999996411148,1.6680941561077849,-1998.3319058438922,1.6680941561077849,-1.3422058005320272,-1.3422058005320272
30.000000,284.99999998559389,71.9999999963606,1.7281904052891817,-1998.2718095947109,1.7281904052891817,-1.2821095513506304,-1.2821095513506304
30.000000,284.99999998559389,72.999999996310052,1.784284784911832,-1998.2157152150883,1.784284784911832,-1.2260151717279801,-1.2260151717279801
30.000000,284.99999998559389,73.999999996259504,1.8363901153325175,-1998.1636098846675,1.8363901153325175,-1.1739098413072946,-1.1739098413072946
30.000000,284.99999998559389,74.999999996208956,1.8845181774798145,-1998.1154818225202,1.8845181774798145,-1.1257817791599976,-1.1257817791599976
30.000000,284.99999998559389,75.999999996158394,1.928679812512798,-1998.0713201874871,1.928679812512798,-1.0816201441270141,-1.0816201441270141
30.000000,284.99999998559389,76.999999996107846,1.9688850132147218,-1998.0311149867853,1.9688850132147218,-1.0414149434250903,-1.0414149434250903
30.000000,284.99999998559389,77.999999996057298,2.0051430075787069,-1997.9948569924213,2.0051430075787069,-1.0051569490611052,-1.0051569490611052
30.000000,284.99999998559389,78.99999999600675,2.0374623349954408,-1997.9625376650044,2.0374623349954408,-0.97283762164437126,-0.97283762164437126
30.000000,284.99999998559389,79.999999995956202,2.0658509154098921,-1997.9341490845902,2.0658509154098921,-0.94444904122992002,-0.94444904122992002
30.000000,284.99999998559389,80.99999999590564,2.0903161117744702,-1997.9096838882256,2.0903161117744702,-0.9199838448653419,-0.9199838448653419
30.000000,284.99999998559389,81.999999995855092,2.1108647860901,-1997.8891352139099,2.1108647860901,-0.89943517054971212,-0.89943517054971212
30.000000,284.99999998559389,82.999999995804544,2.1275033492929181,-1997.872496650707,2.1275033492929181,-0.88279660734689402,-0.88279660734689402
30.000000,284.99999998559389,83.999999995753996,2.1402378052133133,-1997.8597621947868,2.1402378052133133,-0.87006215142649879,-0.87006215142649879
30.000000,284.99999998559389,84.999999995703433,2.1490737888050218,-1997.850926211195,2.1490737888050218,-0.86122616783479033,-0.86122616783479033
30.000000,284.99999998559389,85.999999995652885,2.154016598814648,-1997.8459834011853,2.154016598814648,-0.85628335782516407,-0.85628335782516407
30.000000,284.99999998559389,86.999999995602337,2.1550712250363242,-1997.8449287749636,2.1550712250363242,-0.85522873160348789,-0.85522873160348789
30.000000,284.99999998559389,87.999999995551789,2.1522423702717224,-1997.8477576297282,2.1522423702717224,-0.85805758636808971,-0.85805758636808971
30.000000,284.99999998559389,88.999999995501241,2.1455344670922445,-1997.8544655329079,2.1455344670922445,-0.8647654895475676,-0.8647654895475676
30.000000,284.99999998559389,89.999999995450679,2.1349516894776119,-1997.8650483105223,2.1349516894776119,-0.87534826716220016,-0.87534826716220016
30.000000,289.99999998534116,0,-999.99000000000001,-2999.9899999999998,-999.99000000000001,-1003.0002999566398,-1003.0002999566398
30.000000,289.99999998534116,0.99999999994945232,-34.383566057366146,-2034.3835660573661,-34.383566057366146,-37.393866014005958,-37.393866014005958
30.000000,289.99999998534116,1.9999999998989046,-28.362661395492509,-2028.3626613954925,-28.362661395492509,-31.372961352132322,-31.372961352132322
30.000000,289.99999998534116,2.9999999998483573,-24.840331284217825,-2024.8403312842179,-24.840331284217825,-27.850631240857638,-27.850631240857638
30.000000,289.99999998534116,3.9999999997978093,-22.34085591141627,-2022.3408559114164,-22.34085591141627,-25.351155868056082,-25.351155868056082
30.000000,289.99999998534116,4.9999999997472617,-20.401765549389907,-2020.4017655493899,-20.401765549389907,-23.41206550602972,-23.41206550602972
30.000000,289.99999998534116,5.9999999996967137,-18.817069082494438,-2018.8170690824945,-18.817069082494438,-21.827369039134251,-21.827369039134251
30.000000,289.99999998534116,6.9999999996461657,-17.476890071804608,-2017.4768900718045,-17.476890071804608,-20.48719002844442,-20.48719002844442
30.000000,289.99999998534116,7.9999999995956186,-16.315647752827982,-2016.315647752828,-16.315647752827982,-19.325947709467794,-19.325947709467794
30.000000,289.99999998534116,8.9999999995450715,-15.291046994024061,-2015.2910469940241,-15.291046994024061,-18.301346950663874,-18.301346950663874
30.000000,289.99999998534116,9.9999999994945235,-14.374214872112475,-2014.3742148721126,-14.374214872112475,-17.384514828752287,-17.384514828752287
30.000000,289.99999998534116,10.999999999443975,-13.544563461584143,-2013.5445634615842,-13.544563461584143,-16.554863418223956,-16.554863418223956
30.000000,289.99999998534116,11.999999999393427,-12.786897391854431,-2012.7868973918544,-12.786897391854431,-15.797197348494244,-15.797197348494244
30.000000,289.99999998534116,12.999999999342879,-12.089683140982467,-2012.0896831409825,-12.089683140982467,-15.09998309762228,-15.09998309762228
30.000000,289.99999998534116,13.999999999292331,-11.443961532122653,-2011.4439615321226,-11.443961532122653,-14.454261488762466,-14.454261488762466
30.000000,289.99999998534116,14.999999999241785,-10.842636318685297,-2010.8426363186852,-10.842636318685297,-13.85293627532511,-13.85293627532511
30.000000,289.99999998534116,15.999999999191237,-10.279992824813791,-2010.2799928248137,-10.279992824813791,-13.290292781453603,-13.290292781453603
30.000000,289.99999998534116,16.999999999140691,-9.7513627599945565,-2009.7513627599947,-9.7513627599945565,-12.761662716634369,-12.761662716634369
30.000000,289.99999998534116,17.999999999090143,-9.2528849728933373,-2009.2528849728933,-9.2528849728933373,-12.26318492953315,-12.26318492953315
30.000000,289.99999998534116,18.999999999039595,-8.7813309640903192,-2008.7813309640903,-8.7813309640903192,-11.791630920730132,-11.791630920730132
30.000000,289.99999998534116,19.999999998989047,-8.3339751947745597,-2008.3339751947747,-8.3339751947745597,-11.344275151414372,-11.344275151414372
30.000000,289.99999998534116,20.999999998938499,-7.9084970583907399,-2007.9084970583908,-7.9084970583907399,-10.918797015030552,-10.918797015030552
30.000000,289.99999998534116,21.999999998887951,-7.5029056656199984,-2007.5029056656199,-7.5029056656199984,-10.513205622259811,-10.513205622259811
30.000000,289.99999998534116,22.999999998837403,-7.1154813506869585,-2007.1154813506869,-7.1154813506869585,-10.12578130732677,-10.12578130732677
30.000000,289.99999998534116,23.999999998786855,-6.7447296242718018,-2006.7447296242717,-6.7447296242718018,-9.7550295809116143,-9.7550295809116143
30.000000,289.99999998534116,24.999999998736307,-6.3893445212932418,-2006.3893445212932,-6.3893445212932418,-9.3996444779330535,-9.3996444779330535
30.000000,289.99999998534116,25.999999998685759,-6.0481791306006558,-2006.0481791306006,-6.0481791306006558,-9.0584790872404675,-9.0584790872404675
30.000000,289.99999998534116,26.999999998635211,-5.7202216788485218,-2005.7202216788485,-5.7202216788485218,-8.7305216354883335,-8.7305216354883335
30.000000,289.99999998534116,27.999999998584663,-5.4045759556107056,-2005.4045759556107,-5.4045759556107056,-8.4148759122505172,-8.4148759122505172
30.000000,289.99999998534116,28.999999998534115,-5.1004451650186269,-2005.1004451650185,-5.1004451650186269,-8.1107451216584394,-8.1107451216584394
30.000000,289.99999998534116,29.99999999848357,-4.8071185064765674,-2004.8071185064766,-4.8071185064765674,-7.817418463116379,-7.817418463116379
30.000000,289.99999998534116,30.999999998433026,-4.5239599472338989,-2004.5239599472338,-4.5239599472338989,-7.5342599038737106,-7.5342599038737106
30.000000,289.99999998534116,31.999999998382481,-4.2503987690913263,-2004.2503987690914,-4.2503987690913263,-7.2606987257311388,-7.2606987257311388
30.000000,289.99999998534116,32.999999998331937,-3.9859215615762897,-2003.9859215615763,-3.9859215615762897,-6.9962215182161014,-6.9962215182161014
30.000000,289.99999998534116,33.999999998281389,-3.7300654024562903,-2003.7300654024564,-3.7300654024562903,-6.7403653590961028,-6.7403653590961028
30.000000,289.99999998534116,34.999999998230848,-3.4824120190889758,-2003.482412019089,-3.4824120190889758,-6.4927119757287883,-6.4927119757287883
30.000000,289.99999998534116,35.9999999981803,-3.2425827648678611,-2003.2425827648678,-3.2425827648678611,-6.2528827215076728,-6.2528827215076728
30.000000,289.99999998534116,36.999999998129759,-3.0102342768427754,-2003.0102342768428,-3.0102342768427754,-6.0205342334825875,-6.0205342334825875
30.000000,289.99999998534116,37.999999998079211,-2.7850547056206358,-2002.7850547056207,-2.7850547056206358,-5.7953546622604479,-5.7953546622604479
30.000000,289.99999998534116,38.99999999802867,-2.5667604284744745,-2002.5667604284745,-2.5667604284744745,-5.5770603851142866,-5.5770603851142866
30.000000,289.99999998534116,39.999999997978122,-2.3550931723934374,-2002.3550931723935,-2.3550931723934374,-5.3653931290332491,-5.3653931290332491
30.000000,289.99999998534116,40.999999997927581,-2.1498174864865103,-2002.1498174864864,-2.1498174864865103,-5.1601174431263228,-5.1601174431263228
30.000000,289.99999998534116,41.999999997877033,-1.9507185133866456,-2001.9507185133866,-1.9507185133866456,-4.9610184700264579,-4.9610184700264579
30.000000,289.99999998534116,42.999999997826492,-1.7576000176076423,-2001.7576000176077,-1.7576000176076423,-4.7678999742474542,-4.7678999742474542
30.000000,289.99999998534116,43.999999997775944,-1.5702826355829975,-2001.570282635583,-1.5702826355829975,-4.5805825922228092,-4.5805825922228092
30.000000,289.99999998534116,44.999999997725396,-1.3886023176730553,-2001.3886023176731,-1.3886023176730553,-4.3989022743128672,-4.3989022743128672
30.000000,289.99999998534116,45.999999997674855,-1.2124089370062154,-2001.2124089370061,-1.2124089370062154,-4.2227088936460273,-4.2227088936460273
30.000000,289.99999998534116,46.999999997624307,-1.0415650438098734,-2001.0415650438099,-1.0415650438098734,-4.0518650004496859,-4.0518650004496859
30.000000,289.99999998534116,47.999999997573767,-0.87594474703838943,-2000.8759447470384,-0.87594474703838943,-3.8862447036782015,-3.8862447036782015
30.000000,289.99999998534116,48.999999997523219,-0.71543270773595924,-2000.715432707736,-0.71543270773595924,-3.7257326643757711,-3.7257326643757711
30.000000,289.99999998534116,49.999999997472678,-0.55992323077701822,-2000.559923230777,-0.55992323077701822,-3.5702231874168304,-3.5702231874168304
30.000000,289.99999998534116,50.99999999742213,-0.40931944348230337,-2000.4093194434822,-0.40931944348230337,-3.4196194001221154,-3.4196194001221154
30.000000,289.99999998534116,51.999999997371589,-0.26353255117485674,-2000.2635325511749,-0.26353255117485674,-3.2738325078146691,-3.2738325078146691
30.000000,289.99999998534116,52.999999997321041,-0.1224811610678664,-2000.1224811610678,-0.1224811610678664,-3.1327811177076783,-3.1327811177076783
30.000000,289.99999998534116,53.9999999972705,0.013909332995200356,-1999.9860906670049,0.013909332995200356,-2.9963906236446118,-2.9963906236446118
30.000000,289.99999998534116,54.999999997219952,0.14570731146507562,-1999.854292688535,0.14570731146507562,-2.8645926451747363,-2.8645926451747363
30.000000,289.99999998534116,55.999999997169411,0.27297544136892304,-1999.727024558631,0.27297544136892304,-2.7373245152708892,-2.7373245152708892
30.000000,289.99999998534116,56.999999997118863,0.3957711449366183,-1999.6042288550634,0.3957711449366183,-2.614528811703194,-2.614528811703194
30.000000,289.99999998534116,57.999999997068315,0.51414702894883668,-1999.4858529710511,0.51414702894883668,-2.4961529276909755,-2.4961529276909755
30.000000,289.99999998534116,58.999999997017767,0.62815127865962639,-1999.3718487213405,0.62815127865962639,-2.3821486779801857,-2.3821486779801857
30.000000,289.99999998534116,59.999999996967219,0.73782801969144485,-1999.2621719803085,0.73782801969144485,-2.2724719369483672,-2.2724719369483672
30.000000,289.99999998534116,60.999999996916664,0.84321765090638212,-1999.1567823490936,0.84321765090638212,-2.1670823057334299,-2.1670823057334299
30.000000,289.99999998534116,61.999999996866116,0.94435715091389349,-1999.0556428490861,0.94435715091389349,-2.0659428057259186,-2.0659428057259186
30.000000,289.99999998534116,62.999999996815561,1.0412803605761247,-1998.9587196394239,1.0412803605761247,-1.9690195960636874,-1.9690195960636874
30.000000,289.99999998534116,63.999999996765013,1.1340182436101185,-1998.8659817563898,1.1340182436101185,-1.8762817130296936,-1.8762817130296936
30.000000,289.99999998534116,64.999999996714465,1.2225991271566381,-1998.7774008728434,1.2225991271566381,-1.787700829483174,-1.787700829483174
30.000000,289.99999998534116,65.999999996663917,1.3070489239838845,-1998.692951076016,1.3070489239838845,-1.7032510326559276,-1.7032510326559276
30.000000,289.99999998534116,66.999999996613354,1.3873913378166023,-1998.6126086621834,1.3873913378166023,-1.6229086188232098,-1.6229086188232098
30.000000,289.99999998534116,67.999999996562806,1.4636480531244291,-1998.5363519468756,1.4636480531244291,-1.546651903515383,-1.546651903515383
30.000000,289.99999998534116,68.999999996512258,1.5358389105644519,-1998.4641610894355,1.5358389105644519,-1.4744610460753602,-1.4744610460753602
30.000000,289.99999998534116,69.99999999646171,1.6039820691499573,-1998.3960179308501,1.6039820691499573,-1.4063178874898548,-1.4063178874898548
30.000000,289.99999998534116,70.999999996411148,1.6680941561077849,-1998.3319058438922,1.6680941561077849,-1.3422058005320272,-1.3422058005320272
30.000000,289.99999998534116,71.9999999963606,1.7281904052891817,-1998.2718095947109,1.7281904052891817,-1.2821095513506304,-1.2821095513506304
30.000000,289.99999998534116,72.999999996310052,1.784284784911832,-1998.2157152150883,1.784284784911832,-1.2260151717279801,-1.2260151717279801
30.000000,289.99999998534116,73.999999996259504,1.8363901153325175,-1998.1636098846675,1.8363901153325175,-1.1739098413072946,-1.1739098413072946
30.000000,289.99999998534116,74.999999996208956,1.8845181774798145,-1998.1154818225202,1.8845181774798145,-1.1257817791599976,-1.1257817791599976
30.000000,289.99999998534116,75.999999996158394,1.928679812512798,-1998.0713201874871,1.928679812512798,-1.0816201441270141,-1.0816201441270141
30.000000,289.99999998534116,76.999999996107846,1.9688850132147218,-1998.0311149867853,1.9688850132147218,-1.0414149434250903,-1.0414149434250903
30.000000,289.99999998534116,77.999999996057298,2.0051430075787069,-1997.9948569924213,2.0051430075787069,-1.0051569490611052,-1.0051569490611052
30.000000,289.99999998534116,78.99999999600675,2.0374623349954408,-1997.9625376650044,2.0374623349954408,-0.97283762164437126,-0.97283762164437126
30.000000,289.99999998534116,79.999999995956202,2.0658509154098921,-1997.9341490845902,2.0658509154098921,-0.94444904122992002,-0.94444904122992002
30.000000,289.99999998534116,80.99999999590564,2.0903161117744702,-1997.9096838882256,2.0903161117744702,-0.9199838448653419,-0.9199838448653419
30.000000,289.99999998534116,81.999999995855092,2.1108647860901,-1997.8891352139099,2.1108647860901,-0.89943517054971212,-0.89943517054971212
30.000000,289.99999998534116,82.999999995804544,2.1275033492929181,-1997.872496650707,2.1275033492929181,-0.88279660734689402,-0.88279660734689402
30.000000,289.99999998534116,83.999999995753996,2.1402378052133133,-1997.8597621947868,2.1402378052133133,-0.87006215142649879,-0.87006215142649879
30.000000,289.99999998534116,84.999999995703433,2.1490737888050218,-1997.850926211195,2.1490737888050218,-0.86122616783479033,-0.86122616783479033
30.000000,289.99999998534116,85.999999995652885,2.154016598814648,-1997.8459834011853,2.154016598814648,-0.85628335782516407,-0.85628335782516407
30.000000,289.99999998534116,86.999999995602337,2.1550712250363242,-1997.8449287749636,2.1550712250363242,-0.85522873160348789,-0.85522873160348789
30.000000,289.99999998534116,87.999999995551789,2.1522423702717224,-1997.8477576297282,2.1522423702717224,-0.85805758636808971,-0.85805758636808971
30.000000,289.99999998534116,88.999999995501241,2.1455344670922445,-1997.8544655329079,2.1455344670922445,-0.8647654895475676,-0.8647654895475676
30.000000,289.99999998534116,89.999999995450679,2.1349516894776119,-1997.8650483105223,2.1349516894776119,-0.87534826716220016,-0.87534826716220016
30.000000,294.99999998508838,0,-999.99000000000001,-2999.9899999999998,-999.99000000000001,-1003.0002999566398,-1003.0002999566398
30.000000,294.99999998508838,0.99999999994945232,-34.383566057366146,-2034.3835660573661,-34.383566057366146,-37.393866014005958,-37.393866014005958
30.000000,294.99999998508838,1.9999999998989046,-28.362661395492509,-2028.3626613954925,-28.362661395492509,-31.372961352132322,-31.372961352132322
30.000000,294.99999998508838,2.9999999998483573,-24.840331284217825,-2024.8403312842179,-24.840331284217825,-27.850631240857638,-27.850631240857638
30.000000,294.99999998508838,3.9999999997978093,-22.34085591141627,-2022.3408559114164,-22.34085591141627,-25.351155868056082,-25.351155868056082
30.000000,294.99999998508838,4.9999999997472617,-20.401765549389907,-2020.4017655493899,-20.401765549389907,-23.41206550602972,-23.41206550602972
30.000000,294.99999998508838,5.9999999996967137,-18.817069082494438,-2018.8170690824945,-18.817069082494438,-21.827369039134251,-21.827369039134251
30.000000,294.99999998508838,6.9999999996461657,-17.476890071804608,-2017.4768900718045,-17.476890071804608,-20.48719002844442,-20.48719002844442
30.000000,294.99999998508838,7.9999999995956186,-16.315647752827982,-2016.315647752828,-16.315647752827982,-19.325947709467794,-19.325947709467794
30.000000,294.99999998508838,8.9999999995450715,-15.291046994024061,-2015.2910469940241,-15.291046994024061,-18.301346950663874,-18.301346950663874
30.000000,294.99999998508838,9.9999999994945235,-14.374214872112475,-2014.3742148721126,-14.374214872112475,-17.384514828752287,-17.384514828752287
30.000000,294.99999998508838,10.999999999443975,-13.544563461584143,-2013.5445634615842,-13.544563461584143,-16.554863418223956,-16.554863418223956
30.000000,294.99999998508838,11.999999999393427,-12.786897391854431,-2012.7868973918544,-12.786897391854431,-15.797197348494244,-15.797197348494244
30.000000,294.99999998508838,12.999999999342879,-12.089683140982467,-2012.0896831409825,-12.089683140982467,-15.09998309762228,-15.09998309762228
30.000000,294.99999998508838,13.999999999292331,-11.443961532122653,-2011.4439615321226,-11.443961532122653,-14.454261488762466,-14.454261488762466
30.000000,294.99999998508838,14.999999999241785,-10.842636318685297,-2010.8426363186852,-10.842636318685297,-13.85293627532511,-13.85293627532511
30.000000,294.99999998508838,15.999999999191237,-10.279992824813791,-2010.2799928248137,-10.279992824813791,-13.290292781453603,-13.290292781453603
30.000000,294.99999998508838,16.999999999140691,-9.7513627599945565,-2009.7513627599947,-9.7513627599945565,-12.761662716634369,-12.761662716634369
30.000000,294.99999998508838,17.999999999090143,-9.2528849728933373,-2009.2528849728933,-9.2528849728933373,-12.26318492953315,-12.26318492953315
30.000000,294.99999998508838,18.999999999039595,-8.7813309640903192,-2008.7813309640903,-8.7813309640903192,-11.791630920730132,-11.791630920730132
30.000000,294.99999998508838,19.999999998989047,-8.3339751947745597,-2008.3339751947747,-8.3339751947745597,-11.344275151414372,-11.344275151414372
30.000000,294.99999998508838,20.999999998938499,-7.9084970583907399,-2007.9084970583908,-7.9084970583907399,-10.918797015030552,-10.918797015030552
30.000000,294.99999998508838,21.999999998887951,-7.5029056656199984,-2007.5029056656199,-7.5029056656199984,-10.513205622259811,-10.513205622259811
30.000000,294.99999998508838,22.999999998837403,-7.1154813506869585,-2007.1154813506869,-7.1154813506869585,-10.12578130732677,-10.12578130732677
30.000000,294.99999998508838,23.999999998786855,-6.7447296242718018,-2006.7447296242717,-6.7447296242718018,-9.7550295809116143,-9.7550295809116143
30.000000,294.99999998508838,24.999999998736307,-6.3893445212932418,-2006.3893445212932,-6.3893445212932418,-9.3996444779330535,-9.3996444779330535
30.000000,294.99999998508838,25.999999998685759,-6.0481791306006558,-2006.0481791306006,-6.0481791306006558,-9.0584790872404675,-9.0584790872404675
30.000000,294.99999998508838,26.999999998635211,-5.7202216788485218,-2005.7202216788485,-5.7202216788485218,-8.7305216354883335,-8.7305216354883335
30.000000,294.99999998508838,27.999999998584663,-5.4045759556107056,-2005.4045759556107,-5.4045759556107056,-8.4148759122505172,-8.4148759122505172
30.000000,294.99999998508838,28.999999998534115,-5.1004451650186269,-2005.1004451650185,-5.1004451650186269,-8.1107451216584394,-8.1107451216584394
30.000000,294.99999998508838,29.99999999848357,-4.8071185064765674,-2004.8071185064766,-4.8071185064765674,-7.817418463116379,-7.817418463116379
30.000000,294.99999998508838,30.999999998433026,-4.5239599472338989,-2004.5239599472338,-4.5239599472338989,-7.5342599038737106,-7.5342599038737106
30.000000,294.99999998508838,31.999999998382481,-4.2503987690913263,-2004.2503987690914,-4.2503987690913263,-7.2606987257311388,-7.2606987257311388
30.000000,294.99999998508838,32.999999998331937,-3.9859215615762897,-2003.9859215615763,-3.9859215615762897,-6.9962215182161014,-6.9962215182161014
30.000000,294.99999998508838,33.999999998281389,-3.7300654024562903,-2003.7300654024564,-3.7300654024562903,-6.7403653590961028,-6.7403653590961028
30.000000,294.99999998508838,34.999999998230848,-3.4824120190889758,-2003.482412019089,-3.4824120190889758,-6.4927119757287883,-6.4927119757287883
30.000000,294.99999998508838,35.9999999981803,-3.2425827648678611,-2003.2425827648678,-3.2425827648678611,-6.2528827215076728,-6.2528827215076728
30.000000,294.99999998508838,36.999999998129759,-3.0102342768427754,-2003.0102342768428,-3.0102342768427754,-6.0205342334825875,-6.0205342334825875
30.000000,294.99999998508838,37.999999998079211,-2.7850547056206358,-2002.7850547056207,-2.7850547056206358,-5.7953546622604479,-5.7953546622604479
30.000000,294.99999998508838,38.99999999802867,-2.5667604284744745,-2002.5667604284745,-2.5667604284744745,-5.5770603851142866,-5.5770603851142866
30.000000,294.99999998508838,39.999999997978122,-2.3550931723934374,-2002.3550931723935,-2.3550931723934374,-5.3653931290332491,-5.3653931290332491
30.000000,294.99999998508838,40.999999997927581,-2.1498174864865103,-2002.1498174864864,-2.1498174864865103,-5.1601174431263228,-5.1601174431263228
30.000000,294.99999998508838,41.999999997877033,-1.9507185133866456,-2001.9507185133866,-1.9507185133866456,-4.9610184700264579,-4.9610184700264579
30.000000,294.99999998508838,42.999999997826492,-1.7576000176076423,-2001.7576000176077,-1.7576000176076423,-4.7678999742474542,-4.7678999742474542
30.000000,294.99999998508838,43.999999997775944,-1.5702826355829975,-2001.570282635583,-1.5702826355829975,-4.5805825922228092,-4.5805825922228092
30.000000,294.99999998508838,44.999999997725396,-1.3886023176730553,-2001.3886023176731,-1.3886023176730553,-4.3989022743128672,-4.3989022743128672
30.000000,294.99999998508838,45.999999997674855,-1.2124089370062154,-2001.2124089370061,-1.2124089370062154,-4.2227088936460273,-4.2227088936460273
30.000000,294.99999998508838,46.999999997624307,-1.0415650438098734,-2001.0415650438099,-1.0415650438098734,-4.0518650004496859,-4.0518650004496859
30.000000,294.99999998508838,47.999999997573767,-0.87594474703838943,-2000.8759447470384,-0.87594474703838943,-3.8862447036782015,-3.8862447036782015
30.000000,294.99999998508838,48.999999997523219,-0.71543270773595924,-2000.715432707736,-0.71543270773595924,-3.7257326643757711,-3.7257326643757711
30.000000,294.99999998508838,49.999999997472678,-0.55992323077701822,-2000.559923230777,-0.55992323077701822,-3.5702231874168304,-3.5702231874168304
30.000000,294.99999998508838,50.99999999742213,-0.40931944348230337,-2000.4093194434822,-0.40931944348230337,-3.4196194001221154,-3.4196194001221154
30.000000,294.99999998508838,51.999999997371589,-0.26353255117485674,-2000.2635325511749,-0.26353255117485674,-3.2738325078146691,-3.2738325078146691
30.000000,294.99999998508838,52.999999997321041,-0.1224811610678664,-2000.1224811610678,-0.1224811610678664,-3.1327811177076783,-3.1327811177076783
30.000000,294.99999998508838,53.9999999972705,0.013909332995200356,-1999.9860906670049,0.013909332995200356,-2.9963906236446118,-2.9963906236446118
30.000000,294.99999998508838,54.999999997219952,0.14570731146507562,-1999.854292688535,0.14570731146507562,-2.8645926451747363,-2.8645926451747363
30.000000,294.99999998508838,55.999999997169411,0.27297544136892304,-1999.727024558631,0.27297544136892304,-2.7373245152708892,-2.7373245152708892
30.000000,294.99999998508838,56.999999997118863,0.3957711449366183,-1999.6042288550634,0.3957711449366183,-2.614528811703194,-2.614528811703194
30.000000,294.99999998508838,57.999999997068315,0.51414702894883668,-1999.4858529710511,0.51414702894883668,-2.4961529276909755,-2.4961529276909755
30.000000,294.99999998508838,58.999999997017767,0.62815127865962639,-1999.3718487213405,0.62815127865962639,-2.3821486779801857,-2.3821486779801857
30.000000,294.99999998508838,59.999999996967219,0.73782801969144485,-1999.2621719803085,0.73782801969144485,-2.2724719369483672,-2.2724719369483672
30.000000,294.99999998508838,60.999999996916664,0.84321765090638212,-1999.1567823490936,0.84321765090638212,-2.1670823057334299,-2.1670823057334299
30.000000,294.99999998508838,61.999999996866116,0.94435715091389349,-1999.0556428490861,0.94435715091389349,-2.0659428057259186,-2.0659428057259186
30.000000,294.99999998508838,62.999999996815561,1.0412803605761247,-1998.9587196394239,1.0412803605761247,-1.9690195960636874,-1.9690195960636874
30.000000,294.99999998508838,63.999999996765013,1.1340182436101185,-1998.8659817563898,1.1340182436101185,-1.8762817130296936,-1.8762817130296936
30.000000,294.99999998508838,64.999999996714465,1.2225991271566381,-1998.7774008728434,1.2225991271566381,-1.787700829483174,-1.787700829483174
30.000000,294.99999998508838,65.999999996663917,1.3070489239838845,-1998.692951076016,1.3070489239838845,-1.7032510326559276,-1.7032510326559276
30.000000,294.99999998508838,66.999999996613354,1.3873913378166023,-1998.6126086621834,1.3873913378166023,-1.6229086188232098,-1.6229086188232098
30.000000,294.99999998508838,67.999999996562806,1.4636480531244291,-1998.5363519468756,1.4636480531244291,-1.546651903515383,-1.546651903515383
30.000000,294.99999998508838,68.999999996512258,1.5358389105644519,-1998.4641610894355,1.5358389105644519,-1.4744610460753602,-1.4744610460753602
30.000000,294.99999998508838,69.99999999646171,1.6039820691499573,-1998.3960179308501,1.6039820691499573,-1.4063178874898548,-1.4063178874898548
30.000000,294.99999998508838,70.999999996411148,1.6680941561077849,-1998.3319058438922,1.6680941561077849,-1.3422058005320272,-1.3422058005320272
30.000000,294.99999998508838,71.9999999963606,1.7281904052891817,-1998.2718095947109,1.7281904052891817,-1.2821095513506304,-1.2821095513506304
30.000000,294.99999998508838,72.999999996310052,1.784284784911832,-1998.2157152150883,1.784284784911832,-1.2260151717279801,-1.2260151717279801
30.000000,294.99999998508838,73.999999996259504,1.8363901153325175,-1998.1636098846675,1.8363901153325175,-1.1739098413072946,-1.1739098413072946
30.000000,294.99999998508838,74.999999996208956,1.8845181774798145,-1998.1154818225202,1.8845181774798145,-1.1257817791599976,-1.1257817791599976
30.000000,294.99999998508838,75.999999996158394,1.928679812512798,-1998.0713201874871,1.928679812512798,-1.0816201441270141,-1.0816201441270141
30.000000,294.99999998508838,76.999999996107846,1.9688850132147218,-1998.0311149867853,1.9688850132147218,-1.0414149434250903,-1.0414149434250903
30.000000,294.99999998508838,77.999999996057298,2.0051430075787069,-1997.9948569924213,2.0051430075787069,-1.0051569490611052,-1.0051569490611052
30.000000,294.99999998508838,78.99999999600675,2.0374623349954408,-1997.9625376650044,2.0374623349954408,-0.97283762164437126,-0.97283762164437126
30.000000,294.99999998508838,79.999999995956202,2.0658509154098921,-1997.9341490845902,2.0658509154098921,-0.94444904122992002,-0.94444904122992002
30.000000,294.99999998508838,80.99999999590564,2.0903161117744702,-1997.9096838882256,2.0903161117744702,-0.9199838448653419,-0.9199838448653419
30.000000,294.99999998508838,81.999999995855092,2.1108647860901,-1997.8891352139099,2.1108647860901,-0.89943517054971212,-0.89943517054971212
30.000000,294.99999998508838,82.999999995804544,2.1275033492929181,-1997.872496650707,2.1275033492929181,-0.88279660734689402,-0.88279660734689402
30.000000,294.99999998508838,83.999999995753996,2.1402378052133133,-1997.8597621947868,2.1402378052133133,-0.87006215142649879,-0.87006215142649879
30.000000,294.99999998508838,84.999999995703433,2.1490737888050218,-1997.850926211195,2.1490737888050218,-0.86122616783479033,-0.86122616783479033
30.000000,294.99999998508838,85.999999995652885,2.154016598814648,-1997.8459834011853,2.154016598814648,-0.85628335782516407,-0.85628335782516407
30.000000,294.99999998508838,86.999999995602337,2.1550712250363242,-1997.8449287749636,2.1550712250363242,-0.85522873160348789,-0.85522873160348789
30.000000,294.99999998508838,87.999999995551789,2.1522423702717224,-1997.8477576297282,2.1522423702717224,-0.85805758636808971,-0.85805758636808971
30.000000,294.99999998508838,88.999999995501241,2.1455344670922445,-1997.8544655329079,2.1455344670922445,-0.8647654895475676,-0.8647654895475676
30.000000,294.99999998508838,89.999999995450679,2.1349516894776119,-1997.8650483105223,2.1349516894776119,-0.87534826716220016,-0.87534826716220016
30.000000,299.99999998483565,0,-999.99000000000001,-2999.9899999999998,-999.99000000000001,-1003.0002999566398,-1003.0002999566398
30.000000,299.99999998483565,0.99999999994945232,-34.383566057366146,-2034.3835660573661,-34.383566057366146,-37.393866014005958,-37.393866014005958
30.000000,299.99999998483565,1.9999999998989046,-28.362661395492509,-2028.3626613954925,-28.362661395492509,-31.372961352132322,-31.372961352132322
30.000000,299.99999998483565,2.9999999998483573,-24.840331284217825,-2024.8403312842179,-24.840331284217825,-27.850631240857638,-27.850631240857638
30.000000,299.99999998483565,3.9999999997978093,-22.34085591141627,-2022.3408559114164,-22.34085591141627,-25.351155868056082,-25.351155868056082
30.000000,299.99999998483565,4.9999999997472617,-20.401765549389907,-2020.4017655493899,-20.401765549389907,-23.41206550602972,-23.41206550602972
30.000000,299.99999998483565,5.9999999996967137,-18.817069082494438,-2018.8170690824945,-18.817069082494438,-21.827369039134251,-21.827369039134251
30.000000,299.99999998483565,6.9999999996461657,-17.476890071804608,-2017.4768900718045,-17.476890071804608,-20.48719002844442,-20.48719002844442
30.000000,299.99999998483565,7.9999999995956186,-16.315647752827982,-2016.315647752828,-16.315647752827982,-19.325947709467794,-19.325947709467794
30.000000,299.99999998483565,8.9999999995450715,-15.291046994024061,-2015.2910469940241,-15.291046994024061,-18.301346950663874,-18.301346950663874
30.000000,299.99999998483565,9.9999999994945235,-14.374214872112475,-2014.3742148721126,-14.374214872112475,-17.384514828752287,-17.384514828752287
30.000000,299.99999998483565,10.999999999443975,-13.544563461584143,-2013.5445634615842,-13.544563461584143,-16.554863418223956,-16.554863418223956
30.000000,299.99999998483565,11.999999999393427,-12.786897391854431,-2012.7868973918544,-12.786897391854431,-15.797197348494244,-15.797197348494244
30.000000,299.99999998483565,12.999999999342879,-12.089683140982467,-2012.0896831409825,-12.089683140982467,-15.09998309762228,-15.09998309762228
30.000000,299.99999998483565,13.999999999292331,-11.443961532122653,-2011.4439615321226,-11.443961532122653,-14.454261488762466,-14.454261488762466
30.000000,299.99999998483565,14.999999999241785,-10.842636318685297,-2010.8426363186852,-10.842636318685297,-13.85293627532511,-13.85293627532511
30.000000,299.99999998483565,15.999999999191237,-10.279992824813791,-2010.2799928248137,-10.279992824813791,-13.290292781453603,-13.290292781453603
30.000000,299.99999998483565,16.999999999140691,-9.7513627599945565,-2009.7513627599947,-9.7513627599945565,-12.761662716634369,-12.761662716634369
30.000000,299.99999998483565,17.999999999090143,-9.2528849728933373,-2009.2528849728933,-9.2528849728933373,-12.26318492953315,-12.26318492953315
30.000000,299.99999998483565,18.999999999039595,-8.7813309640903192,-2008.7813309640903,-8.7813309640903192,-11.791630920730132,-11.791630920730132
30.000000,299.99999998483565,19.999999998989047,-8.3339751947745597,-2008.3339751947747,-8.3339751947745597,-11.344275151414372,-11.344275151414372
30.000000,299.99999998483565,20.999999998938499,-7.9084970583907399,-2007.9084970583908,-7.9084970583907399,-10.918797015030552,-10.918797015030552
30.000000,299.99999998483565,21.999999998887951,-7.5029056656199984,-2007.5029056656199,-7.5029056656199984,-10.513205622259811,-10.513205622259811
30.000000,299.99999998483565,22.999999998837403,-7.1154813506869585,-2007.1154813506869,-7.1154813506869585,-10.12578130732677,-10.12578130732677
30.000000,299.99999998483565,23.999999998786855,-6.7447296242718018,-2006.7447296242717,-6.7447296242718018,-9.7550295809116143,-9.7550295809116143
30.000000,299.99999998483565,24.999999998736307,-6.3893445212932418,-2006.3893445212932,-6.3893445212932418,-9.3996444779330535,-9.3996444779330535
30.000000,299.99999998483565,25.999999998685759,-6.0481791306006558,-2006.0481791306006,-6.0481791306006558,-9.0584790872404675,-9.0584790872404675
30.000000,299.99999998483565,26.999999998635211,-5.7202216788485218,-2005.7202216788485,-5.7202216788485218,-8.7305216354883335,-8.7305216354883335
30.000000,299.99999998483565,27.999999998584663,-5.4045759556107056,-2005.4045759556107,-5.4045759556107056,-8.4148759122505172,-8.4148759122505172
30.000000,299.99999998483565,28.999999998534115,-5.1004451650186269,-2005.1004451650185,-5.1004451650186269,-8.1107451216584394,-8.1107451216584394
30.000000,299.99999998483565,29.99999999848357,-4.8071185064765674,-2004.8071185064766,-4.8071185064765674,-7.817418463116379,-7.817418463116379
30.000000,299.99999998483565,30.999999998433026,-4.5239599472338989,-2004.5239599472338,-4.5239599472338989,-7.5342599038737106,-7.5342599038737106
30.000000,299.99999998483565,31.999999998382481,-4.2503987690913263,-2004.2503987690914,-4.2503987690913263,-7.2606987257311388,-7.2606987257311388
30.000000,299.99999998483565,32.999999998331937,-3.9859215615762897,-2003.9859215615763,-3.9859215615762897,-6.9962215182161014,-6.9962215182161014
30.000000,299.99999998483565,33.999999998281389,-3.7300654024562903,-2003.7300654024564,-3.7300654024562903,-6.7403653590961028,-6.7403653590961028
30.000000,299.99999998483565,34.999999998230848,-3.4824120190889758,-2003.482412019089,-3.4824120190889758,-6.4927119757287883,-6.4927119757287883
30.000000,299.99999998483565,35.9999999981803,-3.2425827648678611,-2003.2425827648678,-3.2425827648678611,-6.2528827215076728,-6.2528827215076728
30.000000,299.99999998483565,36.999999998129759,-3.0102342768427754,-2003.0102342768428,-3.0102342768427754,-6.0205342334825875,-6.0205342334825875
30.000000,299.99999998483565,37.999999998079211,-2.7850547056206358,-2002.7850547056207,-2.7850547056206358,-5.7953546622604479,-5.7953546622604479
30.000000,299.99999998483565,38.99999999802867,-2.5667604284744745,-2002.5667604284745,-2.5667604284744745,-5.5770603851142866,-5.5770603851142866
30.000000,299.99999998483565,39.999999997978122,-2.3550931723934374,-2002.3550931723935,-2.3550931723934374,-5.3653931290332491,-5.3653931290332491
30.000000,299.99999998483565,40.999999997927581,-2.1498174864865103,-2002.1498174864864,-2.1498174864865103,-5.1601174431263228,-5.1601174431263228
30.000000,299.99999998483565,41.999999997877033,-1.9507185133866456,-2001.9507185133866,-1.9507185133866456,-4.9610184700264579,-4.9610184700264579
30.000000,299.99999998483565,42.999999997826492,-1.7576000176076423,-2001.7576000176077,-1.7576000176076423,-4.7678999742474542,-4.7678999742474542
30.000000,299.99999998483565,43.999999997775944,-1.5702826355829975,-2001.570282635583,-1.5702826355829975,-4.5805825922228092,-4.5805825922228092
30.000000,299.99999998483565,44.999999997725396,-1.3886023176730553,-2001.3886023176731,-1.3886023176730553,-4.3989022743128672,-4.3989022743128672
30.000000,299.99999998483565,45.999999997674855,-1.2124089370062154,-2001.2124089370061,-1.2124089370062154,-4.2227088936460273,-4.2227088936460273
30.000000,299.99999998483565,46.999999997624307,-1.0415650438098734,-2001.0415650438099,-1.0415650438098734,-4.0518650004496859,-4.0518650004496859
30.000000,299.99999998483565,47.999999997573767,-0.87594474703838943,-2000.8759447470384,-0.87594474703838943,-3.8862447036782015,-3.8862447036782015
30.000000,299.99999998483565,48.999999997523219,-0.71543270773595924,-2000.715432707736,-0.71543270773595924,-3.7257326643757711,-3.7257326643757711
30.000000,299.99999998483565,49.999999997472678,-0.55992323077701822,-2000.559923230777,-0.55992323077701822,-3.5702231874168304,-3.5702231874168304
30.000000,299.99999998483565,50.99999999742213,-0.40931944348230337,-2000.4093194434822,-0.40931944348230337,-3.4196194001221154,-3.4196194001221154
30.000000,299.99999998483565,51.999999997371589,-0.26353255117485674,-2000.2635325511749,-0.26353255117485674,-3.2738325078146691,-3.2738325078146691
30.000000,299.99999998483565,52.999999997321041,-0.1224811610678664,-2000.1224811610678,-0.1224811610678664,-3.1327811177076783,-3.1327811177076783
30.000000,299.99999998483565,53.9999999972705,0.013909332995200356,-1999.9860906670049,0.013909332995200356,-2.9963906236446118,-2.9963906236446118
30.000000,299.99999998483565,54.999999997219952,0.14570731146507562,-1999.854292688535,0.14570731146507562,-2.8645926451747363,-2.8645926451747363
30.000000,299.99999998483565,55.999999997169411,0.27297544136892304,-1999.727024558631,0.27297544136892304,-2.7373245152708892,-2.7373245152708892
30.000000,299.99999998483565,56.999999997118863,0.3957711449366183,-1999.6042288550634,0.3957711449366183,-2.614528811703194,-2.614528811703194
30.000000,299.99999998483565,57.999999997068315,0.51414702894883668,-1999.4858529710511,0.51414702894883668,-2.4961529276909755,-2.4961529276909755
30.000000,299.99999998483565,58.999999997017767,0.62815127865962639,-1999.3718487213405,0.62815127865962639,-2.3821486779801857,-2.3821486779801857
30.000000,299.99999998483565,59.999999996967219,0.73782801969144485,-1999.2621719803085,0.73782801969144485,-2.2724719369483672,-2.2724719369483672
30.000000,299.99999998483565,60.999999996916664,0.84321765090638212,-1999.1567823490936,0.84321765090638212,-2.1670823057334299,-2.1670823057334299
30.000000,299.99999998483565,61.999999996866116,0.94435715091389349,-1999.0556428490861,0.94435715091389349,-2.0659428057259186,-2.0659428057259186
30.000000,299.99999998483565,62.999999996815561,1.0412803605761247,-1998.9587196394239,1.0412803605761247,-1.9690195960636874,-1.9690195960636874
30.000000,299.99999998483565,63.999999996765013,1.1340182436101185,-1998.8659817563898,1.1340182436101185,-1.8762817130296936,-1.8762817130296936
30.000000,299.99999998483565,64.999999996714465,1.2225991271566381,-1998.7774008728434,1.2225991271566381,-1.787700829483174,-1.787700829483174
30.000000,299.99999998483565,65.999999996663917,1.3070489239838845,-1998.692951076016,1.3070489239838845,-1.7032510326559276,-1.7032510326559276
30.000000,299.99999998483565,66.999999996613354,1.3873913378166023,-1998.6126086621834,1.3873913378166023,-1.6229086188232098,-1.6229086188232098
30.000000,299.99999998483565,67.999999996562806,1.4636480531244291,-1998.5363519468756,1.4636480531244291,-1.546651903515383,-1.546651903515383
30.000000,299.99999998483565,68.999999996512258,1.5358389105644519,-1998.4641610894355,1.5358389105644519,-1.4744610460753602,-1.4744610460753602
30.000000,299.99999998483565,69.99999999646171,1.6039820691499573,-1998.3960179308501,1.6039820691499573,-1.4063178874898548,-1.4063178874898548
30.000000,299.99999998483565,70.999999996411148,1.6680941561077849,-1998.3319058438922,1.6680941561077849,-1.3422058005320272,-1.3422058005320272
30.000000,299.99999998483565,71.9999999963606,1.7281904052891817,-1998.2718095947109,1.7281904052891817,-1.2821095513506304,-1.2821095513506304
30.000000,299.99999998483565,72.999999996310052,1.784284784911832,-1998.2157152150883,1.784284784911832,-1.2260151717279801,-1.2260151717279801
30.000000,299.99999998483565,73.999999996259504,1.8363901153325175,-1998.1636098846675,1.8363901153325175,-1.1739098413072946,-1.1739098413072946
30.000000,299.99999998483565,74.999999996208956,1.8845181774798145,-1998.1154818225202,1.8845181774798145,-1.1257817791599976,-1.1257817791599976
30.000000,299.99999998483565,75.999999996158394,1.928679812512798,-1998.0713201874871,1.928679812512798,-1.0816201441270141,-1.0816201441270141
30.000000,299.99999998483565,76.999999996107846,1.9688850132147218,-1998.0311149867853,1.9688850132147218,-1.0414149434250903,-1.0414149434250903
30.000000,299.99999998483565,77.999999996057298,2.0051430075787069,-1997.9948569924213,2.0051430075787069,-1.0051569490611052,-1.0051569490611052
30.000000,299.99999998483565,78.99999999600675,2.0374623349954408,-1997.9625376650044,2.0374623349954408,-0.97283762164437126,-0.97283762164437126
30.000000,299.99999998483565,79.999999995956202,2.0658509154098921,-1997.9341490845902,2.0658509154098921,-0.94444904122992002,-0.94444904122992002
30.000000,299.99999998483565,80.99999999590564,2.0903161117744702,-1997.9096838882256,2.0903161117744702,-0.9199838448653419,-0.9199838448653419
30.000000,299.99999998483565,81.999999995855092,2.1108647860901,-1997.8891352139099,2.1108647860901,-0.89943517054971212,-0.89943517054971212
30.000000,299.99999998483565,82.999999995804544,2.1275033492929181,-1997.872496650707,2.1275033492929181,-0.88279660734689402,-0.88279660734689402
30.000000,299.99999998483565,83.999999995753996,2.1402378052133133,-1997.8597621947868,2.1402378052133133,-0.87006215142649879,-0.87006215142649879
30.000000,299.99999998483565,84.999999995703433,2.1490737888050218,-1997.850926211195,2.1490737888050218,-0.86122616783479033,-0.86122616783479033
30.000000,299.99999998483565,85.999999995652885,2.154016598814648,-1997.8459834011853,2.154016598814648,-0.85628335782516407,-0.85628335782516407
30.000000,299.99999998483565,86.999999995602337,2.1550712250363242,-1997.8449287749636,2.1550712250363242,-0.85522873160348789,-0.85522873160348789
30.000000,299.99999998483565,87.999999995551789,2.1522423702717224,-1997.8477576297282,2.1522423702717224,-0.85805758636808971,-0.85805758636808971
30.000000,299.99999998483565,88.999999995501241,2.1455344670922445,-1997.8544655329079,2.1455344670922445,-0.8647654895475676,-0.8647654895475676
30.000000,299.99999998483565,89.999999995450679,2.1349516894776119,-1997.8650483105223,2.1349516894776119,-0.87534826716220016,-0.87534826716220016
30.000000,304.99999998458287,0,-999.99000000000001,-2999.9899999999998,-999.99000000000001,-1003.0002999566398,-1003.0002999566398
30.000000,304.99999998458287,0.99999999994945232,-34.383566057366146,-2034.3835660573661,-34.383566057366146,-37.393866014005958,-37.393866014005958
30.000000,304.99999998458287,1.9999999998989046,-28.362661395492509,-2028.3626613954925,-28.362661395492509,-31.372961352132322,-31.372961352132322
30.000000,304.99999998458287,2.9999999998483573,-24.840331284217825,-2024.8403312842179,-24.840331284217825,-27.850631240857638,-27.850631240857638
30.000000,304.99999998458287,3.9999999997978093,-22.34085591141627,-2022.3408559114164,-22.34085591141627,-25.351155868056082,-25.351155868056082
30.000000,304.99999998458287,4.9999999997472617,-20.401765549389907,-2020.4017655493899,-20.401765549389907,-23.41206550602972,-23.41206550602972
30.000000,304.99999998458287,5.9999999996967137,-18.817069082494438,-2018.8170690824945,-18.817069082494438,-21.827369039134251,-21.827369039134251
30.000000,304.99999998458287,6.9999999996461657,-17.476890071804608,-2017.4768900718045,-17.476890071804608,-20.48719002844442,-20.48719002844442
30.000000,304.99999998458287,7.9999999995956186,-16.315647752827982,-2016.315647752828,-16.315647752827982,-19.325947709467794,-19.325947709467794
30.000000,304.99999998458287,8.9999999995450715,-15.291046994024061,-2015.2910469940241,-15.291046994024061,-18.301346950663874,-18.301346950663874
30.000000,304.99999998458287,9.9999999994945235,-14.374214872112475,-2014.3742148721126,-14.374214872112475,-17.384514828752287,-17.384514828752287
30.000000,304.99999998458287,10.999999999443975,-13.544563461584143,-2013.5445634615842,-13.544563461584143,-16.554863418223956,-16.554863418223956
30.000000,304.99999998458287,11.999999999393427,-12.786897391854431,-2012.7868973918544,-12.786897391854431,-15.797197348494244,-15.797197348494244
30.000000,304.99999998458287,12.999999999342879,-12.089683140982467,-2012.0896831409825,-12.089683140982467,-15.09998309762228,-15.09998309762228
30.000000,304.99999998458287,13.999999999292331,-11.443961532122653,-2011.4439615321226,-11.443961532122653,-14.454261488762466,-14.454261488762466
30.000000,304.99999998458287,14.999999999241785,-10.842636318685297,-2010.8426363186852,-10.842636318685297,-13.85293627532511,-13.85293627532511
30.000000,304.99999998458287,15.999999999191237,-10.279992824813791,-2010.2799928248137,-10.279992824813791,-13.290292781453603,-13.290292781453603
30.000000,304.99999998458287,16.999999999140691,-9.7513627599945565,-2009.7513627599947,-9.7513627599945565,-12.761662716634369,-12.761662716634369
30.000000,304.99999998458287,17.999999999090143,-9.2528849728933373,-2009.2528849728933,-9.2528849728933373,-12.26318492953315,-12.26318492953315
30.000000,304.99999998458287,18.999999999039595,-8.7813309640903192,-2008.7813309640903,-8.7813309640903192,-11.791630920730132,-11.791630920730132
30.000000,304.99999998458287,19.999999998989047,-8.3339751947745597,-2008.3339751947747,-8.3339751947745597,-11.344275151414372,-11.344275151414372
30.000000,304.99999998458287,20.999999998938499,-7.9084970583907399,-2007.9084970583908,-7.9084970583907399,-10.918797015030552,-10.918797015030552
30.000000,304.99999998458287,21.999999998887951,-7.5029056656199984,-2007.5029056656199,-7.5029056656199984,-10.513205622259811,-10.513205622259811
30.000000,304.99999998458287,22.999999998837403,-7.1154813506869585,-2007.1154813506869,-7.1154813506869585,-10.12578130732677,-10.12578130732677
30.000000,304.99999998458287,23.999999998786855,-6.7447296242718018,-2006.7447296242717,-6.7447296242718018,-9.7550295809116143,-9.7550295809116143
30.000000,304.99999998458287,24.999999998736307,-6.3893445212932418,-2006.3893445212932,-6.3893445212932418,-9.3996444779330535,-9.3996444779330535
30.000000,304.99999998458287,25.999999998685759,-6.0481791306006558,-2006.0481791306006,-6.0481791306006558,-9.0584790872404675,-9.0584790872404675
30.000000,304.99999998458287,26.999999998635211,-5.7202216788485218,-2005.7202216788485,-5.7202216788485218,-8.7305216354883335,-8.7305216354883335
30.000000,304.99999998458287,27.999999998584663,-5.4045759556107056,-2005.4045759556107,-5.4045759556107056,-8.4148759122505172,-8.4148759122505172
30.000000,304.99999998458287,28.999999998534115,-5.1004451650186269,-2005.1004451650185,-5.1004451650186269,-8.1107451216584394,-8.1107451216584394
30.000000,304.99999998458287,29.99999999848357,-4.8071185064765674,-2004.8071185064766,-4.8071185064765674,-7.817418463116379,-7.817418463116379
30.000000,304.99999998458287,30.999999998433026,-4.5239599472338989,-2004.5239599472338,-4.5239599472338989,-7.5342599038737106,-7.5342599038737106
30.000000,304.99999998458287,31.999999998382481,-4.2503987690913263,-2004.2503987690914,-4.2503987690913263,-7.2606987257311388,-7.2606987257311388
30.000000,304.99999998458287,32.999999998331937,-3.9859215615762897,-2003.9859215615763,-3.9859215615762897,-6.9962215182161014,-6.9962215182161014
30.000000,304.99999998458287,33.999999998281389,-3.7300654024562903,-2003.7300654024564,-3.7300654024562903,-6.7403653590961028,-6.7403653590961028
30.000000,304.99999998458287,34.999999998230848,-3.4824120190889758,-2003.482412019089,-3.4824120190889758,-6.4927119757287883,-6.4927119757287883
30.000000,304.99999998458287,35.9999999981803,-3.2425827648678611,-2003.2425827648678,-3.2425827648678611,-6.2528827215076728,-6.2528827215076728
30.000000,304.99999998458287,36.999999998129759,-3.0102342768427754,-2003.0102342768428,-3.0102342768427754,-6.0205342334825875,-6.0205342334825875
30.000000,304.99999998458287,37.999999998079211,-2.7850547056206358,-2002.7850547056207,-2.7850547056206358,-5.7953546622604479,-5.7953546622604479
30.000000,304.99999998458287,38.99999999802867,-2.5667604284744745,-2002.5667604284745,-2.5667604284744745,-5.5770603851142866,-5.5770603851142866
30.000000,304.99999998458287,39.999999997978122,-2.3550931723934374,-2002.3550931723935,-2.3550931723934374,-5.3653931290332491,-5.3653931290332491
30.000000,304.99999998458287,40.999999997927581,-2.1498174864865103,-2002.1498174864864,-2.1498174864865103,-5.1601174431263228,-5.1601174431263228
30.000000,304.99999998458287,41.999999997877033,-1.9507185133866456,-2001.9507185133866,-1.9507185133866456,-4.9610184700264579,-4.9610184700264579
30.000000,304.99999998458287,42.999999997826492,-1.7576000176076423,-2001.7576000176077,-1.7576000176076423,-4.7678999742474542,-4.7678999742474542
30.000000,304.99999998458287,43.999999997775944,-1.5702826355829975,-2001.570282635583,-1.5702826355829975,-4.5805825922228092,-4.5805825922228092
30.000000,304.99999998458287,44.999999997725396,-1.3886023176730553,-2001.3886023176731,-1.3886023176730553,-4.3989022743128672,-4.3989022743128672
30.000000,304.99999998458287,45.999999997674855,-1.2124089370062154,-2001.2124089370061,-1.2124089370062154,-4.2227088936460273,-4.2227088936460273
30.000000,304.99999998458287,46.999999997624307,-1.0415650438098734,-2001.0415650438099,-1.0415650438098734,-4.0518650004496859,-4.0518650004496859
30.000000,304.99999998458287,47.999999997573767,-0.87594474703838943,-2000.8759447470384,-0.87594474703838943,-3.8862447036782015,-3.8862447036782015
30.000000,304.99999998458287,48.999999997523219,-0.71543270773595924,-2000.715432707736,-0.71543270773595924,-3.7257326643757711,-3.7257326643757711
30.000000,304.99999998458287,49.999999997472678,-0.55992323077701822,-2000.559923230777,-0.55992323077701822,-3.5702231874168304,-3.5702231874168304
30.000000,304.99999998458287,50.99999999742213,-0.40931944348230337,-2000.4093194434822,-0.40931944348230337,-3.4196194001221154,-3.4196194001221154
30.000000,304.99999998458287,51.999999997371589,-0.26353255117485674,-2000.2635325511749,-0.26353255117485674,-3.2738325078146691,-3.2738325078146691
30.000000,304.99999998458287,52.999999997321041,-0.1224811610678664,-2000.1224811610678,-0.1224811610678664,-3.1327811177076783,-3.1327811177076783
30.000000,304.99999998458287,53.9999999972705,0.013909332995200356,-1999.9860906670049,0.013909332995200356,-2.9963906236446118,-2.9963906236446118
30.000000,304.99999998458287,54.999999997219952,0.14570731146507562,-1999.854292688535,0.14570731146507562,-2.8645926451747363,-2.8645926451747363
30.000000,304.99999998458287,55.999999997169411,0.27297544136892304,-1999.727024558631,0.27297544136892304,-2.7373245152708892,-2.7373245152708892
30.000000,304.99999998458287,56.999999997118863,0.3957711449366183,-1999.6042288550634,0.3957711449366183,-2.614528811703194,-2.614528811703194
30.000000,304.99999998458287,57.999999997068315,0.51414702894883668,-1999.4858529710511,0.51414702894883668,-2.4961529276909755,-2.4961529276909755
30.000000,304.99999998458287,58.999999997017767,0.62815127865962639,-1999.3718487213405,0.62815127865962639,-2.3821486779801857,-2.3821486779801857
30.000000,304.99999998458287,59.999999996967219,0.73782801969144485,-1999.2621719803085,0.73782801969144485,-2.2724719369483672,-2.2724719369483672
30.000000,304.99999998458287,60.999999996916664,0.84321765090638212,-1999.1567823490936,0.84321765090638212,-2.1670823057334299,-2.1670823057334299
30.000000,304.99999998458287,61.999999996866116,0.94435715091389349,-1999.0556428490861,0.94435715091389349,-2.0659428057259186,-2.0659428057259186
30.000000,304.99999998458287,62.999999996815561,1.0412803605761247,-1998.9587196394239,1.0412803605761247,-1.9690195960636874,-1.9690195960636874
30.000000,304.99999998458287,63.999999996765013,1.1340182436101185,-1998.8659817563898,1.1340182436101185,-1.8762817130296936,-1.8762817130296936
30.000000,304.99999998458287,64.999999996714465,1.2225991271566381,-1998.7774008728434,1.2225991271566381,-1.787700829483174,-1.787700829483174
30.000000,304.99999998458287,65.999999996663917,1.3070489239838845,-1998.692951076016,1.3070489239838845,-1.7032510326559276,-1.7032510326559276
30.000000,304.99999998458287,66.999999996613354,1.3873913378166023,-1998.6126086621834,1.3873913378166023,-1.6229086188232098,-1.6229086188232098
30.000000,304.99999998458287,67.999999996562806,1.4636480531244291,-1998.5363519468756,1.4636480531244291,-1.546651903515383,-1.546651903515383
30.000000,304.99999998458287,68.999999996512258,1.5358389105644519,-1998.4641610894355,1.5358389105644519,-1.4744610460753602,-1.4744610460753602
30.000000,304.99999998458287,69.99999999646171,1.6039820691499573,-1998.3960179308501,1.6039820691499573,-1.4063178874898548,-1.4063178874898548
30.000000,304.99999998458287,70.999999996411148,1.6680941561077849,-1998.3319058438922,1.6680941561077849,-1.3422058005320272,-1.3422058005320272
30.000000,304.99999998458287,71.9999999963606,1.7281904052891817,-1998.2718095947109,1.7281904052891817,-1.2821095513506304,-1.2821095513506304
30.000000,304.99999998458287,72.999999996310052,1.784284784911832,-1998.2157152150883,1.784284784911832,-1.2260151717279801,-1.2260151717279801
30.000000,304.99999998458287,73.999999996259504,1.8363901153325175,-1998.1636098846675,1.8363901153325175,-1.1739098413072946,-1.1739098413072946
30.000000,304.99999998458287,74.999999996208956,1.8845181774798145,-1998.1154818225202,1.8845181774798145,-1.1257817791599976,-1.1257817791599976
30.000000,304.99999998458287,75.999999996158394,1.928679812512798,-1998.0713201874871,1.928679812512798,-1.0816201441270141,-1.0816201441270141
30.000000,304.99999998458287,76.999999996107846,1.9688850132147218,-1998.0311149867853,1.9688850132147218,-1.0414149434250903,-1.0414149434250903
30.000000,304.99999998458287,77.999999996057298,2.0051430075787069,-1997.9948569924213,2.0051430075787069,-1.0051569490611052,-1.0051569490611052
30.000000,304.99999998458287,78.99999999600675,2.0374623349954408,-1997.9625376650044,2.0374623349954408,-0.97283762164437126,-0.97283762164437126
30.000000,304.99999998458287,79.999999995956202,2.0658509154098921,-1997.9341490845902,2.0658509154098921,-0.94444904122992002,-0.94444904122992002
30.000000,304.99999998458287,80.99999999590564,2.0903161117744702,-1997.9096838882256,2.0903161117744702,-0.9199838448653419,-0.9199838448653419
30.000000,304.99999998458287,81.999999995855092,2.1108647860901,-1997.8891352139099,2.1108647860901,-0.89943517054971212,-0.89943517054971212
30.000000,304.99999998458287,82.999999995804544,2.1275033492929181,-1997.872496650707,2.1275033492929181,-0.88279660734689402,-0.88279660734689402
30.000000,304.99999998458287,83.999999995753996,2.1402378052133133,-1997.8597621947868,2.1402378052133133,-0.87006215142649879,-0.87006215142649879
30.000000,304.99999998458287,84.999999995703433,2.1490737888050218,-1997.850926211195,2.1490737888050218,-0.86122616783479033,-0.86122616783479033
30.000000,304.99999998458287,85.999999995652885,2.154016598814648,-1997.8459834011853,2.154016598814648,-0.85628335782516407,-0.85628335782516407
30.000000,304.99999998458287,86.999999995602337,2.1550712250363242,-1997.8449287749636,2.1550712250363242,-0.85522873160348789,-0.85522873160348789
30.000000,304.99999998458287,87.999999995551789,2.1522423702717224,-1997.8477576297282,2.1522423702717224,-0.85805758636808971,-0.85805758636808971
30.000000,304.99999998458287,88.999999995501241,2.1455344670922445,-1997.8544655329079,2.1455344670922445,-0.8647654895475676,-0.8647654895475676
30.000000,304.99999998458287,89.999999995450679,2.1349516894776119,-1997.8650483105223,2.1349516894776119,-0.87534826716220016,-0.87534826716220016
30.000000,309.99999998433015,0,-999.99000000000001,-2999.9899999999998,-999.99000000000001,-1003.0002999566398,-1003.0002999566398
30.000000,309.99999998433015,0.99999999994945232,-34.383566057366146,-2034.3835660573661,-34.383566057366146,-37.393866014005958,-37.393866014005958
30.000000,309.99999998433015,1.9999999998989046,-28.362661395492509,-2028.3626613954925,-28.362661395492509,-31.372961352132322,-31.372961352132322
30.000000,309.99999998433015,2.9999999998483573,-24.840331284217825,-2024.8403312842179,-24.840331284217825,-27.850631240857638,-27.850631240857638
30.000000,309.99999998433015,3.9999999997978093,-22.34085591141627,-2022.3408559114164,-22.34085591141627,-25.351155868056082,-25.351155868056082
30.000000,309.99999998433015,4.9999999997472617,-20.401765549389907,-2020.4017655493899,-20.401765549389907,-23.41206550602972,-23.41206550602972
30.000000,309.99999998433015,5.9999999996967137,-18.817069082494438,-2018.8170690824945,-18.817069082494438,-21.827369039134251,-21.827369039134251
30.000000,309.99999998433015,6.9999999996461657,-17.476890071804608,-2017.4768900718045,-17.476890071804608,-20.48719002844442,-20.48719002844442
30.000000,309.99999998433015,7.9999999995956186,-16.315647752827982,-2016.315647752828,-16.315647752827982,-19.325947709467794,-19.325947709467794
30.000000,309.99999998433015,8.9999999995450715,-15.291046994024061,-2015.2910469940241,-15.291046994024061,-18.301346950663874,-18.301346950663874
30.000000,309.99999998433015,9.9999999994945235,-14.374214872112475,-2014.3742148721126,-14.374214872112475,-17.384514828752287,-17.384514828752287
30.000000,309.99999998433015,10.999999999443975,-13.544563461584143,-2013.5445634615842,-13.544563461584143,-16.554863418223956,-16.554863418223956
30.000000,309.99999998433015,11.999999999393427,-12.786897391854431,-2012.7868973918544,-12.786897391854431,-15.797197348494244,-15.797197348494244
30.000000,309.99999998433015,12.999999999342879,-12.089683140982467,-2012.0896831409825,-12.089683140982467,-15.09998309762228,-15.09998309762228
30.000000,309.99999998433015,13.999999999292331,-11.443961532122653,-2011.4439615321226,-11.443961532122653,-14.454261488762466,-14.454261488762466
30.000000,309.99999998433015,14.999999999241785,-10.842636318685297,-2010.8426363186852,-10.842636318685297,-13.85293627532511,-13.85293627532511
30.000000,309.99999998433015,15.999999999191237,-10.279992824813791,-2010.2799928248137,-10.279992824813791,-13.290292781453603,-13.290292781453603
30.000000,309.99999998433015,16.999999999140691,-9.7513627599945565,-2009.7513627599947,-9.7513627599945565,-12.761662716634369,-12.761662716634369
30.000000,309.99999998433015,17.999999999090143,-9.2528849728933373,-2009.2528849728933,-9.2528849728933373,-12.26318492953315,-12.26318492953315
30.000000,309.99999998433015,18.999999999039595,-8.7813309640903192,-2008.7813309640903,-8.7813309640903192,-11.791630920730132,-11.791630920730132
30.000000,309.99999998433015,19.999999998989047,-8.3339751947745597,-2008.3339751947747,-8.3339751947745597,-11.344275151414372,-11.344275151414372
30.000000,309.99999998433015,20.999999998938499,-7.9084970583907399,-2007.9084970583908,-7.9084970583907399,-10.918797015030552,-10.918797015030552
30.000000,309.99999998433015,21.999999998887951,-7.5029056656199984,-2007.5029056656199,-7.5029056656199984,-10.513205622259811,-10.513205622259811
30.000000,309.99999998433015,22.999999998837403,-7.1154813506869585,-2007.1154813506869,-7.1154813506869585,-10.12578130732677,-10.12578130732677
30.000000,309.99999998433015,23.999999998786855,-6.7447296242718018,-2006.7447296242717,-6.7447296242718018,-9.7550295809116143,-9.7550295809116143
30.000000,309.99999998433015,24.999999998736307,-6.3893445212932418,-2006.3893445212932,-6.3893445212932418,-9.3996444779330535,-9.3996444779330535
30.000000,309.99999998433015,25.999999998685759,-6.0481791306006558,-2006.0481791306006,-6.0481791306006558,-9.0584790872404675,-9.0584790872404675
30.000000,309.99999998433015,26.999999998635211,-5.7202216788485218,-2005.7202216788485,-5.7202216788485218,-8.7305216354883335,-8.7305216354883335
30.000000,309.99999998433015,27.999999998584663,-5.4045759556107056,-2005.4045759556107,-5.4045759556107056,-8.4148759122505172,-8.4148759122505172
30.000000,309.99999998433015,28.999999998534115,-5.1004451650186269,-2005.1004451650185,-5.1004451650186269,-8.1107451216584394,-8.1107451216584394
30.000000,309.99999998433015,29.99999999848357,-4.8071185064765674,-2004.8071185064766,-4.8071185064765674,-7.817418463116379,-7.817418463116379
30.000000,309.99999998433015,30.999999998433026,-4.5239599472338989,-2004.5239599472338,-4.5239599472338989,-7.5342599038737106,-7.5342599038737106
30.000000,309.99999998433015,31.999999998382481,-4.2503987690913263,-2004.2503987690914,-4.2503987690913263,-7.2606987257311388,-7.2606987257311388
30.000000,309.99999998433015,32.999999998331937,-3.9859215615762897,-2003.9859215615763,-3.9859215615762897,-6.9962215182161014,-6.9962215182161014
30.000000,309.99999998433015,33.999999998281389,-3.7300654024562903,-2003.7300654024564,-3.7300654024562903,-6.7403653590961028,-6.7403653590961028
30.000000,309.99999998433015,34.999999998230848,-3.4824120190889758,-2003.482412019089,-3.4824120190889758,-6.4927119757287883,-6.4927119757287883
30.000000,309.99999998433015,35.9999999981803,-3.2425827648678611,-2003.2425827648678,-3.2425827648678611,-6.2528827215076728,-6.2528827215076728
30.000000,309.99999998433015,36.999999998129759,-3.0102342768427754,-2003.0102342768428,-3.0102342768427754,-6.0205342334825875,-6.0205342334825875
30.000000,309.99999998433015,37.999999998079211,-2.7850547056206358,-2002.7850547056207,-2.7850547056206358,-5.7953546622604479,-5.7953546622604479
30.000000,309.99999998433015,38.99999999802867,-2.5667604284744745,-2002.5667604284745,-2.5667604284744745,-5.5770603851142866,-5.5770603851142866
30.000000,309.99999998433015,39.999999997978122,-2.3550931723934374,-2002.3550931723935,-2.3550931723934374,-5.3653931290332491,-5.3653931290332491
30.000000,309.99999998433015,40.999999997927581,-2.1498174864865103,-2002.1498174864864,-2.1498174864865103,-5.1601174431263228,-5.1601174431263228
30.000000,309.99999998433015,41.999999997877033,-1.9507185133866456,-2001.9507185133866,-1.9507185133866456,-4.9610184700264579,-4.9610184700264579
30.000000,309.99999998433015,42.999999997826492,-1.7576000176076423,-2001.7576000176077,-1.7576000176076423,-4.7678999742474542,-4.7678999742474542
30.000000,309.99999998433015,43.999999997775944,-1.5702826355829975,-2001.570282635583,-1.5702826355829975,-4.5805825922228092,-4.5805825922228092
30.000000,309.99999998433015,44.999999997725396,-1.3886023176730553,-2001.3886023176731,-1.3886023176730553,-4.3989022743128672,-4.3989022743128672
30.000000,309.99999998433015,45.999999997674855,-1.2124089370062154,-2001.2124089370061,-1.2124089370062154,-4.2227088936460273,-4.2227088936460273
30.000000,309.99999998433015,46.999999997624307,-1.0415650438098734,-2001.0415650438099,-1.0415650438098734,-4.0518650004496859,-4.0518650004496859
30.000000,309.99999998433015,47.999999997573767,-0.87594474703838943,-2000.8759447470384,-0.87594474703838943,-3.8862447036782015,-3.8862447036782015
30.000000,309.99999998433015,48.999999997523219,-0.71543270773595924,-2000.715432707736,-0.71543270773595924,-3.7257326643757711,-3.7257326643757711
30.000000,309.99999998433015,49.999999997472678,-0.55992323077701822,-2000.559923230777,-0.55992323077701822,-3.5702231874168304,-3.5702231874168304
30.000000,309.99999998433015,50.99999999742213,-0.40931944348230337,-2000.4093194434822,-0.40931944348230337,-3.4196194001221154,-3.4196194001221154
30.000000,309.99999998433015,51.999999997371589,-0.26353255117485674,-2000.2635325511749,-0.26353255117485674,-3.2738325078146691,-3.2738325078146691
30.000000,309.99999998433015,52.999999997321041,-0.1224811610678664,-2000.1224811610678,-0.1224811610678664,-3.1327811177076783,-3.1327811177076783
30.000000,309.99999998433015,53.9999999972705,0.013909332995200356,-1999.9860906670049,0.013909332995200356,-2.9963906236446118,-2.9963906236446118
30.000000,309.99999998433015,54.999999997219952,0.14570731146507562,-1999.854292688535,0.14570731146507562,-2.8645926451747363,-2.8645926451747363
30.000000,309.99999998433015,55.999999997169411,0.27297544136892304,-1999.727024558631,0.27297544136892304,-2.7373245152708892,-2.7373245152708892
30.000000,309.99999998433015,56.999999997118863,0.3957711449366183,-1999.6042288550634,0.3957711449366183,-2.614528811703194,-2.614528811703194
30.000000,309.99999998433015,57.999999997068315,0.51414702894883668,-1999.4858529710511,0.51414702894883668,-2.4961529276909755,-2.4961529276909755
30.000000,309.99999998433015,58.999999997017767,0.62815127865962639,-1999.3718487213405,0.62815127865962639,-2.3821486779801857,-2.3821486779801857
30.000000,309.99999998433015,59.999999996967219,0.73782801969144485,-1999.2621719803085,0.73782801969144485,-2.2724719369483672,-2.2724719369483672
30.000000,309.99999998433015,60.999999996916664,0.84321765090638212,-1999.1567823490936,0.84321765090638212,-2.1670823057334299,-2.1670823057334299
30.000000,309.99999998433015,61.999999996866116,0.94435715091389349,-1999.0556428490861,0.94435715091389349,-2.0659428057259186,-2.0659428057259186
30.000000,309.99999998433015,62.999999996815561,1.0412803605761247,-1998.9587196394239,1.0412803605761247,-1.9690195960636874,-1.9690195960636874
30.000000,309.99999998433015,63.999999996765013,1.1340182436101185,-1998.8659817563898,1.1340182436101185,-1.8762817130296936,-1.8762817130296936
30.000000,309.99999998433015,64.999999996714465,1.2225991271566381,-1998.7774008728434,1.2225991271566381,-1.787700829483174,-1.787700829483174
30.000000,309.99999998433015,65.999999996663917,1.3070489239838845,-1998.692951076016,1.3070489239838845,-1.7032510326559276,-1.7032510326559276
30.000000,309.99999998433015,66.999999996613354,1.3873913378166023,-1998.6126086621834,1.3873913378166023,-1.6229086188232098,-1.6229086188232098
30.000000,309.99999998433015,67.999999996562806,1.4636480531244291,-1998.5363519468756,1.4636480531244291,-1.546651903515383,-1.546651903515383
30.000000,309.99999998433015,68.999999996512258,1.5358389105644519,-1998.4641610894355,1.5358389105644519,-1.4744610460753602,-1.4744610460753602
30.000000,309.99999998433015,69.99999999646171,1.6039820691499573,-1998.3960179308501,1.6039820691499573,-1.4063178874898548,-1.4063178874898548
30.000000,309.99999998433015,70.999999996411148,1.6680941561077849,-1998.3319058438922,1.6680941561077849,-1.3422058005320272,-1.3422058005320272
30.000000,309.99999998433015,71.9999999963606,1.7281904052891817,-1998.2718095947109,1.7281904052891817,-1.2821095513506304,-1.2821095513506304
30.000000,309.99999998433015,72.999999996310052,1.784284784911832,-1998.2157152150883,1.784284784911832,-1.2260151717279801,-1.2260151717279801
30.000000,309.99999998433015,73.999999996259504,1.8363901153325175,-1998.1636098846675,1.8363901153325175,-1.1739098413072946,-1.1739098413072946
30.000000,309.99999998433015,74.999999996208956,1.8845181774798145,-1998.1154818225202,1.8845181774798145,-1.1257817791599976,-1.1257817791599976
30.000000,309.99999998433015,75.999999996158394,1.928679812512798,-1998.0713201874871,1.928679812512798,-1.0816201441270141,-1.0816201441270141
30.000000,309.99999998433015,76.999999996107846,1.9688850132147218,-1998.0311149867853,1.9688850132147218,-1.0414149434250903,-1.0414149434250903
30.000000,309.99999998433015,77.999999996057298,2.0051430075787069,-1997.9948569924213,2.0051430075787069,-1.0051569490611052,-1.0051569490611052
30.000000,309.99999998433015,78.99999999600675,2.0374623349954408,-1997.9625376650044,2.0374623349954408,-0.97283762164437126,-0.97283762164437126
30.000000,309.99999998433015,79.999999995956202,2.0658509154098921,-1997.9341490845902,2.0658509154098921,-0.94444904122992002,-0.94444904122992002
30.000000,309.99999998433015,80.99999999590564,2.0903161117744702,-1997.9096838882256,2.0903161117744702,-0.9199838448653419,-0.9199838448653419
30.000000,309.99999998433015,81.999999995855092,2.1108647860901,-1997.8891352139099,2.1108647860901,-0.89943517054971212,-0.89943517054971212
30.000000,309.99999998433015,82.999999995804544,2.1275033492929181,-1997.872496650707,2.1275033492929181,-0.88279660734689402,-0.88279660734689402
30.000000,309.99999998433015,83.999999995753996,2.1402378052133133,-1997.8597621947868,2.1402378052133133,-0.87006215142649879,-0.87006215142649879
30.000000,309.99999998433015,84.999999995703433,2.1490737888050218,-1997.850926211195,2.1490737888050218,-0.86122616783479033,-0.86122616783479033
30.000000,309.99999998433015,85.999999995652885,2.154016598814648,-1997.8459834011853,2.154016598814648,-0.85628335782516407,-0.85628335782516407
30.000000,309.99999998433015,86.999999995602337,2.1550712250363242,-1997.8449287749636,2.1550712250363242,-0.85522873160348789,-0.85522873160348789
30.000000,309.99999998433015,87.999999995551789,2.1522423702717224,-1997.8477576297282,2.1522423702717224,-0.85805758636808971,-0.85805758636808971
30.000000,309.99999998433015,88.999999995501241,2.1455344670922445,-1997.8544655329079,2.1455344670922445,-0.8647654895475676,-0.8647654895475676
30.000000,309.99999998433015,89.999999995450679,2.1349516894776119,-1997.8650483105223,2.1349516894776119,-0.87534826716220016,-0.87534826716220016
30.000000,314.99999998407736,0,-999.99000000000001,-2999.9899999999998,-999.99000000000001,-1003.0002999566398,-1003.0002999566398
30.000000,314.99999998407736,0.99999999994945232,-34.383566057366146,-2034.3835660573661,-34.383566057366146,-37.393866014005958,-37.393866014005958
30.000000,314.99999998407736,1.9999999998989046,-28.362661395492509,-2028.3626613954925,-28.362661395492509,-31.372961352132322,-31.372961352132322
30.000000,314.99999998407736,2.9999999998483573,-24.840331284217825,-2024.8403312842179,-24.840331284217825,-27.850631240857638,-27.850631240857638
30.000000,314.99999998407736,3.9999999997978093,-22.34085591141627,-2022.3408559114164,-22.34085591141627,-25.351155868056082,-25.351155868056082
30.000000,314.99999998407736,4.9999999997472617,-20.401765549389907,-2020.4017655493899,-20.401765549389907,-23.41206550602972,-23.41206550602972
30.000000,314.99999998407736,5.9999999996967137,-18.817069082494438,-2018.8170690824945,-18.817069082494438,-21.827369039134251,-21.827369039134251
30.000000,314.99999998407736,6.9999999996461657,-17.476890071804608,-2017.4768900718045,-17.476890071804608,-20.48719002844442,-20.48719002844442
30.000000,314.99999998407736,7.9999999995956186,-16.315647752827982,-2016.315647752828,-16.315647752827982,-19.325947709467794,-19.325947709467794
30.000000,314.99999998407736,8.9999999995450715,-15.291046994024061,-2015.2910469940241,-15.291046994024061,-18.301346950663874,-18.301346950663874
30.000000,314.99999998407736,9.9999999994945235,-14.374214872112475,-2014.3742148721126,-14.374214872112475,-17.384514828752287,-17.384514828752287
30.000000,314.99999998407736,10.999999999443975,-13.544563461584143,-2013.5445634615842,-13.544563461584143,-16.554863418223956,-16.554863418223956
30.000000,314.99999998407736,11.999999999393427,-12.786897391854431,-2012.7868973918544,-12.786897391854431,-15.797197348494244,-15.797197348494244
30.000000,314.99999998407736,12.999999999342879,-12.089683140982467,-2012.0896831409825,-12.089683140982467,-15.09998309762228,-15.09998309762228
30.000000,314.99999998407736,13.999999999292331,-11.443961532122653,-2011.4439615321226,-11.443961532122653,-14.454261488762466,-14.454261488762466
30.000000,314.99999998407736,14.999999999241785,-10.842636318685297,-2010.8426363186852,-10.842636318685297,-13.85293627532511,-13.85293627532511
30.000000,314.99999998407736,15.999999999191237,-10.279992824813791,-2010.2799928248137,-10.279992824813791,-13.290292781453603,-13.290292781453603
30.000000,314.99999998407736,16.999999999140691,-9.7513627599945565,-2009.7513627599947,-9.7513627599945565,-12.761662716634369,-12.761662716634369
30.000000,314.99999998407736,17.999999999090143,-9.2528849728933373,-2009.2528849728933,-9.2528849728933373,-12.26318492953315,-12.26318492953315
30.000000,314.99999998407736,18.999999999039595,-8.7813309640903192,-2008.7813309640903,-8.7813309640903192,-11.791630920730132,-11.791630920730132
30.000000,314.99999998407736,19.999999998989047,-8.3339751947745597,-2008.3339751947747,-8.3339751947745597,-11.344275151414372,-11.344275151414372
30.000000,314.99999998407736,20.999999998938499,-7.9084970583907399,-2007.9084970583908,-7.9084970583907399,-10.918797015030552,-10.918797015030552
30.000000,314.99999998407736,21.999999998887951,-7.5029056656199984,-2007.5029056656199,-7.5029056656199984,-10.513205622259811,-10.513205622259811
30.000000,314.99999998407736,22.999999998837403,-7.1154813506869585,-2007.1154813506869,-7.1154813506869585,-10.12578130732677,-10.12578130732677
30.000000,314.99999998407736,23.999999998786855,-6.7447296242718018,-2006.7447296242717,-6.7447296242718018,-9.7550295809116143,-9.7550295809116143
30.000000,314.99999998407736,24.999999998736307,-6.3893445212932418,-2006.3893445212932,-6.3893445212932418,-9.3996444779330535,-9.3996444779330535
30.000000,314.99999998407736,25.999999998685759,-6.0481791306006558,-2006.0481791306006,-6.0481791306006558,-9.0584790872404675,-9.0584790872404675
30.000000,314.99999998407736,26.999999998635211,-5.7202216788485218,-2005.7202216788485,-5.7202216788485218,-8.7305216354883335,-8.7305216354883335
30.000000,314.99999998407736,27.999999998584663,-5.4045759556107056,-2005.4045759556107,-5.4045759556107056,-8.4148759122505172,-8.4148759122505172
30.000000,314.99999998407736,28.999999998534115,-5.1004451650186269,-2005.1004451650185,-5.1004451650186269,-8.1107451216584394,-8.1107451216584394
30.000000,314.99999998407736,29.99999999848357,-4.8071185064765674,-2004.8071185064766,-4.8071185064765674,-7.817418463116379,-7.817418463116379
30.000000,314.99999998407736,30.999999998433026,-4.5239599472338989,-2004.5239599472338,-4.5239599472338989,-7.5342599038737106,-7.5342599038737106
30.000000,314.99999998407736,31.999999998382481,-4.2503987690913263,-2004.2503987690914,-4.2503987690913263,-7.2606987257311388,-7.2606987257311388
30.000000,314.99999998407736,32.999999998331937,-3.9859215615762897,-2003.9859215615763,-3.9859215615762897,-6.9962215182161014,-6.9962215182161014
30.000000,314.99999998407736,33.999999998281389,-3.7300654024562903,-2003.7300654024564,-3.7300654024562903,-6.7403653590961028,-6.7403653590961028
30.000000,314.99999998407736,34.999999998230848,-3.4824120190889758,-2003.482412019089,-3.4824120190889758,-6.4927119757287883,-6.4927119757287883
30.000000,314.99999998407736,35.9999999981803,-3.2425827648678611,-2003.2425827648678,-3.2425827648678611,-6.2528827215076728,-6.2528827215076728
30.000000,314.99999998407736,36.999999998129759,-3.0102342768427754,-2003.0102342768428,-3.0102342768427754,-6.0205342334825875,-6.0205342334825875
30.000000,314.99999998407736,37.999999998079211,-2.7850547056206358,-2002.7850547056207,-2.7850547056206358,-5.7953546622604479,-5.7953546622604479
30.000000,314.99999998407736,38.99999999802867,-2.5667604284744745,-2002.5667604284745,-2.5667604284744745,-5.5770603851142866,-5.5770603851142866
30.000000,314.99999998407736,39.999999997978122,-2.3550931723934374,-2002.3550931723935,-2.3550931723934374,-5.3653931290332491,-5.3653931290332491
30.000000,314.99999998407736,40.999999997927581,-2.1498174864865103,-2002.1498174864864,-2.1498174864865103,-5.1601174431263228,-5.1601174431263228
30.000000,314.99999998407736,41.999999997877033,-1.9507185133866456,-2001.9507185133866,-1.9507185133866456,-4.9610184700264579,-4.9610184700264579
30.000000,314.99999998407736,42.999999997826492,-1.7576000176076423,-2001.7576000176077,-1.7576000176076423,-4.7678999742474542,-4.7678999742474542
30.000000,314.99999998407736,43.999999997775944,-1.5702826355829975,-2001.570282635583,-1.5702826355829975,-4.5805825922228092,-4.5805825922228092
30.000000,314.99999998407736,44.999999997725396,-1.3886023176730553,-2001.3886023176731,-1.3886023176730553,-4.3989022743128672,-4.3989022743128672
30.000000,314.99999998407736,45.999999997674855,-1.2124089370062154,-2001.2124089370061,-1.2124089370062154,-4.2227088936460273,-4.2227088936460273
30.000000,314.99999998407736,46.999999997624307,-1.0415650438098734,-2001.0415650438099,-1.0415650438098734,-4.0518650004496859,-4.0518650004496859
30.000000,314.99999998407736,47.999999997573767,-0.87594474703838943,-2000.8759447470384,-0.87594474703838943,-3.8862447036782015,-3.8862447036782015
30.000000,314.99999998407736,48.999999997523219,-0.71543270773595924,-2000.715432707736,-0.71543270773595924,-3.7257326643757711,-3.7257326643757711
30.000000,314.99999998407736,49.999999997472678,-0.55992323077701822,-2000.559923230777,-0.55992323077701822,-3.5702231874168304,-3.5702231874168304
30.000000,314.99999998407736,50.99999999742213,-0.40931944348230337,-2000.4093194434822,-0.40931944348230337,-3.4196194001221154,-3.4196194001221154
30.000000,314.99999998407736,51.999999997371589,-0.26353255117485674,-2000.2635325511749,-0.26353255117485674,-3.2738325078146691,-3.2738325078146691
30.000000,314.99999998407736,52.999999997321041,-0.1224811610678664,-2000.1224811610678,-0.1224811610678664,-3.1327811177076783,-3.1327811177076783
30.000000,314.99999998407736,53.9999999972705,0.013909332995200356,-1999.9860906670049,0.013909332995200356,-2.9963906236446118,-2.9963906236446118
30.000000,314.99999998407736,54.999999997219952,0.14570731146507562,-1999.854292688535,0.14570731146507562,-2.8645926451747363,-2.8645926451747363
30.000000,314.99999998407736,55.999999997169411,0.27297544136892304,-1999.727024558631,0.27297544136892304,-2.7373245152708892,-2.7373245152708892
30.000000,314.99999998407736,56.999999997118863,0.3957711449366183,-1999.6042288550634,0.3957711449366183,-2.614528811703194,-2.614528811703194
30.000000,314.99999998407736,57.999999997068315,0.51414702894883668,-1999.4858529710511,0.51414702894883668,-2.4961529276909755,-2.4961529276909755
30.000000,314.99999998407736,58.999999997017767,0.62815127865962639,-1999.3718487213405,0.62815127865962639,-2.3821486779801857,-2.3821486779801857
30.000000,314.99999998407736,59.999999996967219,0.73782801969144485,-1999.2621719803085,0.73782801969144485,-2.2724719369483672,-2.2724719369483672
30.000000,314.99999998407736,60.999999996916664,0.84321765090638212,-1999.1567823490936,0.84321765090638212,-2.1670823057334299,-2.1670823057334299
30.000000,314.99999998407736,61.999999996866116,0.94435715091389349,-1999.0556428490861,0.94435715091389349,-2.0659428057259186,-2.0659428057259186
30.000000,314.99999998407736,62.999999996815561,1.0412803605761247,-1998.9587196394239,1.0412803605761247,-1.9690195960636874,-1.9690195960636874
30.000000,314.99999998407736,63.999999996765013,1.1340182436101185,-1998.8659817563898,1.1340182436101185,-1.8762817130296936,-1.8762817130296936
30.000000,314.99999998407736,64.999999996714465,1.2225991271566381,-1998.7774008728434,1.2225991271566381,-1.787700829483174,-1.787700829483174
30.000000,314.99999998407736,65.999999996663917,1.3070489239838845,-1998.692951076016,1.3070489239838845,-1.7032510326559276,-1.7032510326559276
30.000000,314.99999998407736,66.999999996613354,1.3873913378166023,-1998.6126086621834,1.3873913378166023,-1.6229086188232098,-1.6229086188232098
30.000000,314.99999998407736,67.999999996562806,1.4636480531244291,-1998.5363519468756,1.4636480531244291,-1.546651903515383,-1.546651903515383
30.000000,314.99999998407736,68.999999996512258,1.5358389105644519,-1998.4641610894355,1.5358389105644519,-1.4744610460753602,-1.4744610460753602
30.000000,314.99999998407736,69.99999999646171,1.6039820691499573,-1998.3960179308501,1.6039820691499573,-1.4063178874898548,-1.4063178874898548
30.000000,314.99999998407736,70.999999996411148,1.6680941561077849,-1998.3319058438922,1.6680941561077849,-1.3422058005320272,-1.3422058005320272
30.000000,314.99999998407736,71.9999999963606,1.7281904052891817,-1998.2718095947109,1.7281904052891817,-1.2821095513506304,-1.2821095513506304
30.000000,314.99999998407736,72.999999996310052,1.784284784911832,-1998.2157152150883,1.784284784911832,-1.2260151717279801,-1.2260151717279801
30.000000,314.99999998407736,73.999999996259504,1.8363901153325175,-1998.1636098846675,1.8363901153325175,-1.1739098413072946,-1.1739098413072946
30.000000,314.99999998407736,74.999999996208956,1.8845181774798145,-1998.1154818225202,1.8845181774798145,-1.1257817791599976,-1.1257817791599976
30.000000,314.99999998407736,75.999999996158394,1.928679812512798,-1998.0713201874871,1.928679812512798,-1.0816201441270141,-1.0816201441270141
30.000000,314.99999998407736,76.999999996107846,1.9688850132147218,-1998.0311149867853,1.9688850132147218,-1.0414149434250903,-1.0414149434250903
30.000000,314.99999998407736,77.999999996057298,2.0051430075787069,-1997.9948569924213,2.0051430075787069,-1.0051569490611052,-1.0051569490611052
30.000000,314.99999998407736,78.99999999600675,2.0374623349954408,-1997.9625376650044,2.0374623349954408,-0.97283762164437126,-0.97283762164437126
30.000000,314.99999998407736,79.999999995956202,2.0658509154098921,-1997.9341490845902,2.0658509154098921,-0.94444904122992002,-0.94444904122992002
30.000000,314.99999998407736,80.99999999590564,2.0903161117744702,-1997.9096838882256,2.0903161117744702,-0.9199838448653419,-0.9199838448653419
30.000000,314.99999998407736,81.999999995855092,2.1108647860901,-1997.8891352139099,2.1108647860901,-0.89943517054971212,-0.89943517054971212
30.000000,314.99999998407736,82.999999995804544,2.1275033492929181,-1997.872496650707,2.1275033492929181,-0.88279660734689402,-0.88279660734689402
30.000000,314.99999998407736,83.999999995753996,2.1402378052133133,-1997.8597621947868,2.1402378052133133,-0.87006215142649879,-0.87006215142649879
30.000000,314.99999998407736,84.999999995703433,2.1490737888050218,-1997.850926211195,2.1490737888050218,-0.86122616783479033,-0.86122616783479033
30.000000,314.99999998407736,85.999999995652885,2.154016598814648,-1997.8459834011853,2.154016598814648,-0.85628335782516407,-0.85628335782516407
30.000000,314.99999998407736,86.999999995602337,2.1550712250363242,-1997.8449287749636,2.1550712250363242,-0.85522873160348789,-0.85522873160348789
30.000000,314.99999998407736,87.999999995551789,2.1522423702717224,-1997.8477576297282,2.1522423702717224,-0.85805758636808971,-0.85805758636808971
30.000000,314.99999998407736,88.999999995501241,2.1455344670922445,-1997.8544655329079,2.1455344670922445,-0.8647654895475676,-0.8647654895475676
30.000000,314.99999998407736,89.999999995450679,2.1349516894776119,-1997.8650483105223,2.1349516894776119,-0.87534826716220016,-0.87534826716220016
30.000000,319.99999998382464,0,-999.99000000000001,-2999.9899999999998,-999.99000000000001,-1003.0002999566398,-1003.0002999566398
30.000000,319.99999998382464,0.99999999994945232,-34.383566057366146,-2034.3835660573661,-34.383566057366146,-37.393866014005958,-37.393866014005958
30.000000,319.99999998382464,1.9999999998989046,-28.362661395492509,-2028.3626613954925,-28.362661395492509,-31.372961352132322,-31.372961352132322
30.000000,319.99999998382464,2.9999999998483573,-24.840331284217825,-2024.8403312842179,-24.840331284217825,-27.850631240857638,-27.850631240857638
30.000000,319.99999998382464,3.9999999997978093,-22.34085591141627,-2022.3408559114164,-22.34085591141627,-25.351155868056082,-25.351155868056082
30.000000,319.99999998382464,4.9999999997472617,-20.401765549389907,-2020.4017655493899,-20.401765549389907,-23.41206550602972,-23.41206550602972
30.000000,319.99999998382464,5.9999999996967137,-18.817069082494438,-2018.8170690824945,-18.817069082494438,-21.827369039134251,-21.827369039134251
30.000000,319.99999998382464,6.9999999996461657,-17.476890071804608,-2017.4768900718045,-17.476890071804608,-20.48719002844442,-20.48719002844442
30.000000,319.99999998382464,7.9999999995956186,-16.315647752827982,-2016.315647752828,-16.315647752827982,-19.325947709467794,-19.325947709467794
30.000000,319.99999998382464,8.9999999995450715,-15.291046994024061,-2015.2910469940241,-15.291046994024061,-18.301346950663874,-18.301346950663874
30.000000,319.99999998382464,9.9999999994945235,-14.374214872112475,-2014.3742148721126,-14.374214872112475,-17.384514828752287,-17.384514828752287
30.000000,319.99999998382464,10.999999999443975,-13.544563461584143,-2013.5445634615842,-13.544563461584143,-16.554863418223956,-16.554863418223956
30.000000,319.99999998382464,11.999999999393427,-12.786897391854431,-2012.7868973918544,-12.786897391854431,-15.797197348494244,-15.797197348494244
30.000000,319.99999998382464,12.999999999342879,-12.089683140982467,-2012.0896831409825,-12.089683140982467,-15.09998309762228,-15.09998309762228
30.000000,319.99999998382464,13.999999999292331,-11.443961532122653,-2011.4439615321226,-11.443961532122653,-14.454261488762466,-14.454261488762466
30.000000,319.99999998382464,14.999999999241785,-10.842636318685297,-2010.8426363186852,-10.842636318685297,-13.85293627532511,-13.85293627532511
30.000000,319.99999998382464,15.999999999191237,-10.279992824813791,-2010.2799928248137,-10.279992824813791,-13.290292781453603,-13.290292781453603
30.000000,319.99999998382464,16.999999999140691,-9.7513627599945565,-2009.7513627599947,-9.7513627599945565,-12.761662716634369,-12.761662716634369
30.000000,319.99999998382464,17.999999999090143,-9.2528849728933373,-2009.2528849728933,-9.2528849728933373,-12.26318492953315,-12.26318492953315
30.000000,319.99999998382464,18.999999999039595,-8.7813309640903192,-2008.7813309640903,-8.7813309640903192,-11.791630920730132,-11.791630920730132
30.000000,319.99999998382464,19.999999998989047,-8.3339751947745597,-2008.3339751947747,-8.3339751947745597,-11.344275151414372,-11.344275151414372
30.000000,319.99999998382464,20.999999998938499,-7.9084970583907399,-2007.9084970583908,-7.9084970583907399,-10.918797015030552,-10.918797015030552
30.000000,319.99999998382464,21.999999998887951,-7.5029056656199984,-2007.5029056656199,-7.5029056656199984,-10.513205622259811,-10.513205622259811
30.000000,319.99999998382464,22.999999998837403,-7.1154813506869585,-2007.1154813506869,-7.1154813506869585,-10.12578130732677,-10.12578130732677
30.000000,319.99999998382464,23.999999998786855,-6.7447296242718018,-2006.7447296242717,-6.7447296242718018,-9.7550295809116143,-9.7550295809116143
30.000000,319.99999998382464,24.999999998736307,-6.3893445212932418,-2006.3893445212932,-6.3893445212932418,-9.3996444779330535,-9.3996444779330535
30.000000,319.99999998382464,25.999999998685759,-6.0481791306006558,-2006.0481791306006,-6.0481791306006558,-9.0584790872404675,-9.0584790872404675
30.000000,319.99999998382464,26.999999998635211,-5.7202216788485218,-2005.7202216788485,-5.7202216788485218,-8.7305216354883335,-8.7305216354883335
30.000000,319.99999998382464,27.999999998584663,-5.4045759556107056,-2005.4045759556107,-5.4045759556107056,-8.4148759122505172,-8.4148759122505172
30.000000,319.99999998382464,28.999999998534115,-5.1004451650186269,-2005.1004451650185,-5.1004451650186269,-8.1107451216584394,-8.1107451216584394
30.000000,319.99999998382464,29.99999999848357,-4.8071185064765674,-2004.8071185064766,-4.8071185064765674,-7.817418463116379,-7.817418463116379
30.000000,319.99999998382464,30.999999998433026,-4.5239599472338989,-2004.5239599472338,-4.5239599472338989,-7.5342599038737106,-7.5342599038737106
30.000000,319.99999998382464,31.999999998382481,-4.2503987690913263,-2004.2503987690914,-4.2503987690913263,-7.2606987257311388,-7.2606987257311388
30.000000,319.99999998382464,32.999999998331937,-3.9859215615762897,-2003.9859215615763,-3.9859215615762897,-6.9962215182161014,-6.9962215182161014
30.000000,319.99999998382464,33.999999998281389,-3.7300654024562903,-2003.7300654024564,-3.7300654024562903,-6.7403653590961028,-6.7403653590961028
30.000000,319.99999998382464,34.999999998230848,-3.4824120190889758,-2003.482412019089,-3.4824120190889758,-6.4927119757287883,-6.4927119757287883
30.000000,319.99999998382464,35.9999999981803,-3.2425827648678611,-2003.2425827648678,-3.2425827648678611,-6.2528827215076728,-6.2528827215076728
30.000000,319.99999998382464,36.999999998129759,-3.0102342768427754,-2003.0102342768428,-3.0102342768427754,-6.0205342334825875,-6.0205342334825875
30.000000,319.99999998382464,37.999999998079211,-2.7850547056206358,-2002.7850547056207,-2.7850547056206358,-5.7953546622604479,-5.7953546622604479
30.000000,319.99999998382464,38.99999999802867,-2.5667604284744745,-2002.5667604284745,-2.5667604284744745,-5.5770603851142866,-5.5770603851142866
30.000000,319.99999998382464,39.999999997978122,-2.3550931723934374,-2002.3550931723935,-2.3550931723934374,-5.3653931290332491,-5.3653931290332491
30.000000,319.99999998382464,40.999999997927581,-2.1498174864865103,-2002.1498174864864,-2.1498174864865103,-5.1601174431263228,-5.1601174431263228
30.000000,319.99999998382464,41.999999997877033,-1.9507185133866456,-2001.9507185133866,-1.9507185133866456,-4.9610184700264579,-4.9610184700264579
30.000000,319.99999998382464,42.999999997826492,-1.7576000176076423,-2001.7576000176077,-1.7576000176076423,-4.7678999742474542,-4.7678999742474542
30.000000,319.99999998382464,43.999999997775944,-1.5702826355829975,-2001.570282635583,-1.5702826355829975,-4.5805825922228092,-4.5805825922228092
30.000000,319.99999998382464,44.999999997725396,-1.3886023176730553,-2001.3886023176731,-1.3886023176730553,-4.3989022743128672,-4.3989022743128672
30.000000,319.99999998382464,45.999999997674855,-1.2124089370062154,-2001.2124089370061,-1.2124089370062154,-4.2227088936460273,-4.2227088936460273
30.000000,319.99999998382464,46.999999997624307,-1.0415650438098734,-2001.0415650438099,-1.0415650438098734,-4.0518650004496859,-4.0518650004496859
30.000000,319.99999998382464,47.999999997573767,-0.87594474703838943,-2000.8759447470384,-0.87594474703838943,-3.8862447036782015,-3.8862447036782015
30.000000,319.99999998382464,48.999999997523219,-0.71543270773595924,-2000.715432707736,-0.71543270773595924,-3.7257326643757711,-3.7257326643757711
30.000000,319.99999998382464,49.999999997472678,-0.55992323077701822,-2000.559923230777,-0.55992323077701822,-3.5702231874168304,-3.5702231874168304
30.000000,319.99999998382464,50.99999999742213,-0.40931944348230337,-2000.4093194434822,-0.40931944348230337,-3.4196194001221154,-3.4196194001221154
30.000000,319.99999998382464,51.999999997371589,-0.26353255117485674,-2000.2635325511749,-0.26353255117485674,-3.2738325078146691,-3.2738325078146691
30.000000,319.99999998382464,52.999999997321041,-0.1224811610678664,-2000.1224811610678,-0.1224811610678664,-3.1327811177076783,-3.1327811177076783
30.000000,319.99999998382464,53.9999999972705,0.013909332995200356,-1999.9860906670049,0.013909332995200356,-2.9963906236446118,-2.9963906236446118
30.000000,319.99999998382464,54.999999997219952,0.14570731146507562,-1999.854292688535,0.14570731146507562,-2.8645926451747363,-2.8645926451747363
30.000000,319.99999998382464,55.999999997169411,0.27297544136892304,-1999.727024558631,0.27297544136892304,-2.7373245152708892,-2.7373245152708892
30.000000,319.99999998382464,56.999999997118863,0.3957711449366183,-1999.6042288550634,0.3957711449366183,-2.614528811703194,-2.614528811703194
30.000000,319.99999998382464,57.999999997068315,0.51414702894883668,-1999.4858529710511,0.51414702894883668,-2.4961529276909755,-2.4961529276909755
30.000000,319.99999998382464,58.999999997017767,0.62815127865962639,-1999.3718487213405,0.62815127865962639,-2.3821486779801857,-2.3821486779801857
30.000000,319.99999998382464,59.999999996967219,0.73782801969144485,-1999.2621719803085,0.73782801969144485,-2.2724719369483672,-2.2724719369483672
30.000000,319.99999998382464,60.999999996916664,0.84321765090638212,-1999.1567823490936,0.84321765090638212,-2.1670823057334299,-2.1670823057334299
30.000000,319.99999998382464,61.999999996866116,0.94435715091389349,-1999.0556428490861,0.94435715091389349,-2.0659428057259186,-2.0659428057259186
30.000000,319.99999998382464,62.999999996815561,1.0412803605761247,-1998.9587196394239,1.0412803605761247,-1.9690195960636874,-1.9690195960636874
30.000000,319.99999998382464,63.999999996765013,1.1340182436101185,-1998.8659817563898,1.1340182436101185,-1.8762817130296936,-1.8762817130296936
30.000000,319.99999998382464,64.999999996714465,1.2225991271566381,-1998.7774008728434,1.2225991271566381,-1.787700829483174,-1.787700829483174
30.000000,319.99999998382464,65.999999996663917,1.3070489239838845,-1998.692951076016,1.3070489239838845,-1.7032510326559276,-1.7032510326559276
30.000000,319.99999998382464,66.999999996613354,1.3873913378166023,-1998.6126086621834,1.3873913378166023,-1.6229086188232098,-1.6229086188232098
30.000000,319.99999998382464,67.999999996562806,1.4636480531244291,-1998.5363519468756,1.4636480531244291,-1.546651903515383,-1.546651903515383
30.000000,319.99999998382464,68.999999996512258,1.5358389105644519,-1998.4641610894355,1.5358389105644519,-1.4744610460753602,-1.4744610460753602
30.000000,319.99999998382464,69.99999999646171,1.6039820691499573,-1998.3960179308501,1.6039820691499573,-1.4063178874898548,-1.4063178874898548
30.000000,319.99999998382464,70.999999996411148,1.6680941561077849,-1998.3319058438922,1.6680941561077849,-1.3422058005320272,-1.3422058005320272
30.000000,319.99999998382464,71.9999999963606,1.7281904052891817,-1998.2718095947109,1.7281904052891817,-1.2821095513506304,-1.2821095513506304
30.000000,319.99999998382464,72.999999996310052,1.784284784911832,-1998.2157152150883,1.784284784911832,-1.2260151717279801,-1.2260151717279801
30.000000,319.99999998382464,73.999999996259504,1.8363901153325175,-1998.1636098846675,1.8363901153325175,-1.1739098413072946,-1.1739098413072946
30.000000,319.99999998382464,74.999999996208956,1.8845181774798145,-1998.1154818225202,1.8845181774798145,-1.1257817791599976,-1.1257817791599976
30.000000,319.99999998382464,75.999999996158394,1.928679812512798,-1998.0713201874871,1.928679812512798,-1.0816201441270141,-1.0816201441270141
30.000000,319.99999998382464,76.999999996107846,1.9688850132147218,-1998.0311149867853,1.9688850132147218,-1.0414149434250903,-1.0414149434250903
30.000000,319.99999998382464,77.999999996057298,2.0051430075787069,-1997.9948569924213,2.0051430075787069,-1.0051569490611052,-1.0051569490611052
30.000000,319.99999998382464,78.99999999600675,2.0374623349954408,-1997.9625376650044,2.0374623349954408,-0.97283762164437126,-0.97283762164437126
30.000000,319.99999998382464,79.999999995956202,2.0658509154098921,-1997.9341490845902,2.0658509154098921,-0.94444904122992002,-0.94444904122992002
30.000000,319.99999998382464,80.99999999590564,2.0903161117744702,-1997.9096838882256,2.0903161117744702,-0.9199838448653419,-0.9199838448653419
30.000000,319.99999998382464,81.999999995855092,2.1108647860901,-1997.8891352139099,2.1108647860901,-0.89943517054971212,-0.89943517054971212
30.000000,319.99999998382464,82.999999995804544,2.1275033492929181,-1997.872496650707,2.1275033492929181,-0.88279660734689402,-0.88279660734689402
30.000000,319.99999998382464,83.999999995753996,2.1402378052133133,-1997.8597621947868,2.1402378052133133,-0.87006215142649879,-0.87006215142649879
30.000000,319.99999998382464,84.999999995703433,2.1490737888050218,-1997.850926211195,2.1490737888050218,-0.86122616783479033,-0.86122616783479033
30.000000,319.99999998382464,85.999999995652885,2.154016598814648,-1997.8459834011853,2.154016598814648,-0.85628335782516407,-0.85628335782516407
30.000000,319.99999998382464,86.999999995602337,2.1550712250363242,-1997.8449287749636,2.1550712250363242,-0.85522873160348789,-0.85522873160348789
30.000000,319.99999998382464,87.999999995551789,2.1522423702717224,-1997.8477576297282,2.1522423702717224,-0.85805758636808971,-0.85805758636808971
30.000000,319.99999998382464,88.999999995501241,2.1455344670922445,-1997.8544655329079,2.1455344670922445,-0.8647654895475676,-0.8647654895475676
30.000000,319.99999998382464,89.999999995450679,2.1349516894776119,-1997.8650483105223,2.1349516894776119,-0.87534826716220016,-0.87534826716220016
30.000000,324.99999998357185,0,-999.99000000000001,-2999.9899999999998,-999.99000000000001,-1003.0002999566398,-1003.0002999566398
30.000000,324.99999998357185,0.99999999994945232,-34.383566057366146,-2034.3835660573661,-34.383566057366146,-37.393866014005958,-37.393866014005958
30.000000,324.99999998357185,1.9999999998989046,-28.362661395492509,-2028.3626613954925,-28.362661395492509,-31.372961352132322,-31.372961352132322
30.000000,324.99999998357185,2.9999999998483573,-24.840331284217825,-2024.8403312842179,-24.840331284217825,-27.850631240857638,-27.850631240857638
30.000000,324.99999998357185,3.9999999997978093,-22.34085591141627,-2022.3408559114164,-22.34085591141627,-25.351155868056082,-25.351155868056082
30.000000,324.99999998357185,4.9999999997472617,-20.401765549389907,-2020.4017655493899,-20.401765549389907,-23.41206550602972,-23.41206550602972
30.000000,324.99999998357185,5.9999999996967137,-18.817069082494438,-2018.8170690824945,-18.817069082494438,-21.827369039134251,-21.827369039134251
30.000000,324.99999998357185,6.9999999996461657,-17.476890071804608,-2017.4768900718045,-17.476890071804608,-20.48719002844442,-20.48719002844442
30.000000,324.99999998357185,7.9999999995956186,-16.315647752827982,-2016.315647752828,-16.315647752827982,-19.325947709467794,-19.325947709467794
30.000000,324.99999998357185,8.9999999995450715,-15.291046994024061,-2015.2910469940241,-15.291046994024061,-18.301346950663874,-18.301346950663874
30.000000,324.99999998357185,9.9999999994945235,-14.374214872112475,-2014.3742148721126,-14.374214872112475,-17.384514828752287,-17.384514828752287
30.000000,324.99999998357185,10.999999999443975,-13.544563461584143,-2013.5445634615842,-13.544563461584143,-16.554863418223956,-16.554863418223956
30.000000,324.99999998357185,11.999999999393427,-12.786897391854431,-2012.7868973918544,-12.786897391854431,-15.797197348494244,-15.797197348494244
30.000000,324.99999998357185,12.999999999342879,-12.089683140982467,-2012.0896831409825,-12.089683140982467,-15.09998309762228,-15.09998309762228
30.000000,324.99999998357185,13.999999999292331,-11.443961532122653,-2011.4439615321226,-11.443961532122653,-14.454261488762466,-14.454261488762466
30.000000,324.99999998357185,14.999999999241785,-10.842636318685297,-2010.8426363186852,-10.842636318685297,-13.85293627532511,-13.85293627532511
30.000000,324.99999998357185,15.999999999191237,-10.279992824813791,-2010.2799928248137,-10.279992824813791,-13.290292781453603,-13.290292781453603
30.000000,324.99999998357185,16.999999999140691,-9.7513627599945565,-2009.7513627599947,-9.7513627599945565,-12.761662716634369,-12.761662716634369
30.000000,324.99999998357185,17.999999999090143,-9.2528849728933373,-2009.2528849728933,-9.2528849728933373,-12.26318492953315,-12.26318492953315
30.000000,324.99999998357185,18.999999999039595,-8.7813309640903192,-2008.7813309640903,-8.7813309640903192,-11.791630920730132,-11.791630920730132
30.000000,324.99999998357185,19.999999998989047,-8.3339751947745597,-2008.3339751947747,-8.3339751947745597,-11.344275151414372,-11.344275151414372
30.000000,324.99999998357185,20.999999998938499,-7.9084970583907399,-2007.9084970583908,-7.9084970583907399,-10.918797015030552,-10.918797015030552
30.000000,324.99999998357185,21.999999998887951,-7.5029056656199984,-2007.5029056656199,-7.5029056656199984,-10.513205622259811,-10.513205622259811
30.000000,324.99999998357185,22.999999998837403,-7.1154813506869585,-2007.1154813506869,-7.1154813506869585,-10.12578130732677,-10.12578130732677
30.000000,324.99999998357185,23.999999998786855,-6.7447296242718018,-2006.7447296242717,-6.7447296242718018,-9.7550295809116143,-9.7550295809116143
30.000000,324.99999998357185,24.999999998736307,-6.3893445212932418,-2006.3893445212932,-6.3893445212932418,-9.3996444779330535,-9.3996444779330535
30.000000,324.99999998357185,25.999999998685759,-6.0481791306006558,-2006.0481791306006,-6.0481791306006558,-9.0584790872404675,-9.0584790872404675
30.000000,324.99999998357185,26.999999998635211,-5.7202216788485218,-2005.7202216788485,-5.7202216788485218,-8.7305216354883335,-8.7305216354883335
30.000000,324.99999998357185,27.999999998584663,-5.4045759556107056,-2005.4045759556107,-5.4045759556107056,-8.4148759122505172,-8.4148759122505172
30.000000,324.99999998357185,28.999999998534115,-5.1004451650186269,-2005.1004451650185,-5.1004451650186269,-8.1107451216584394,-8.1107451216584394
30.000000,324.99999998357185,29.99999999848357,-4.8071185064765674,-2004.8071185064766,-4.8071185064765674,-7.817418463116379,-7.817418463116379
30.000000,324.99999998357185,30.999999998433026,-4.5239599472338989,-2004.5239599472338,-4.5239599472338989,-7.5342599038737106,-7.5342599038737106
30.000000,324.99999998357185,31.999999998382481,-4.2503987690913263,-2004.2503987690914,-4.2503987690913263,-7.2606987257311388,-7.2606987257311388
30.000000,324.99999998357185,32.999999998331937,-3.9859215615762897,-2003.9859215615763,-3.9859215615762897,-6.9962215182161014,-6.9962215182161014
30.000000,324.99999998357185,33.999999998281389,-3.7300654024562903,-2003.7300654024564,-3.7300654024562903,-6.7403653590961028,-6.7403653590961028
30.000000,324.99999998357185,34.999999998230848,-3.4824120190889758,-2003.482412019089,-3.4824120190889758,-6.4927119757287883,-6.4927119757287883
30.000000,324.99999998357185,35.9999999981803,-3.2425827648678611,-2003.2425827648678,-3.2425827648678611,-6.2528827215076728,-6.2528827215076728
30.000000,324.99999998357185,36.999999998129759,-3.0102342768427754,-2003.0102342768428,-3.0102342768427754,-6.0205342334825875,-6.0205342334825875
30.000000,324.99999998357185,37.999999998079211,-2.7850547056206358,-2002.7850547056207,-2.7850547056206358,-5.7953546622604479,-5.7953546622604479
30.000000,324.99999998357185,38.99999999802867,-2.5667604284744745,-2002.5667604284745,-2.5667604284744745,-5.5770603851142866,-5.5770603851142866
30.000000,324.99999998357185,39.999999997978122,-2.3550931723934374,-2002.3550931723935,-2.3550931723934374,-5.3653931290332491,-5.3653931290332491
30.000000,324.99999998357185,40.999999997927581,-2.1498174864865103,-2002.1498174864864,-2.1498174864865103,-5.1601174431263228,-5.1601174431263228
30.000000,324.99999998357185,41.999999997877033,-1.9507185133866456,-2001.9507185133866,-1.9507185133866456,-4.9610184700264579,-4.9610184700264579
30.000000,324.99999998357185,42.999999997826492,-1.7576000176076423,-2001.7576000176077,-1.7576000176076423,-4.7678999742474542,-4.7678999742474542
30.000000,324.99999998357185,43.999999997775944,-1.5702826355829975,-2001.570282635583,-1.5702826355829975,-4.5805825922228092,-4.5805825922228092
30.000000,324.99999998357185,44.999999997725396,-1.3886023176730553,-2001.3886023176731,-1.3886023176730553,-4.3989022743128672,-4.3989022743128672
30.000000,324.99999998357185,45.999999997674855,-1.2124089370062154,-2001.2124089370061,-1.2124089370062154,-4.2227088936460273,-4.2227088936460273
30.000000,324.99999998357185,46.999999997624307,-1.0415650438098734,-2001.0415650438099,-1.0415650438098734,-4.0518650004496859,-4.0518650004496859
30.000000,324.99999998357185,47.999999997573767,-0.87594474703838943,-2000.8759447470384,-0.87594474703838943,-3.8862447036782015,-3.8862447036782015
30.000000,324.99999998357185,48.999999997523219,-0.71543270773595924,-2000.715432707736,-0.71543270773595924,-3.7257326643757711,-3.7257326643757711
30.000000,324.99999998357185,49.999999997472678,-0.55992323077701822,-2000.559923230777,-0.55992323077701822,-3.5702231874168304,-3.5702231874168304
30.000000,324.99999998357185,50.99999999742213,-0.40931944348230337,-2000.4093194434822,-0.40931944348230337,-3.4196194001221154,-3.4196194001221154
30.000000,324.99999998357185,51.999999997371589,-0.26353255117485674,-2000.2635325511749,-0.26353255117485674,-3.2738325078146691,-3.2738325078146691
30.000000,324.99999998357185,52.999999997321041,-0.1224811610678664,-2000.1224811610678,-0.1224811610678664,-3.1327811177076783,-3.1327811177076783
30.000000,324.99999998357185,53.9999999972705,0.013909332995200356,-1999.9860906670049,0.013909332995200356,-2.9963906236446118,-2.9963906236446118
30.000000,324.99999998357185,54.999999997219952,0.14570731146507562,-1999.854292688535,0.14570731146507562,-2.8645926451747363,-2.8645926451747363
30.000000,324.99999998357185,55.999999997169411,0.27297544136892304,-1999.727024558631,0.27297544136892304,-2.7373245152708892,-2.7373245152708892
30.000000,324.99999998357185,56.999999997118863,0.3957711449366183,-1999.6042288550634,0.3957711449366183,-2.614528811703194,-2.614528811703194
30.000000,324.99999998357185,57.999999997068315,0.51414702894883668,-1999.4858529710511,0.51414702894883668,-2.4961529276909755,-2.4961529276909755
30.000000,324.99999998357185,58.999999997017767,0.62815127865962639,-1999.3718487213405,0.62815127865962639,-2.3821486779801857,-2.3821486779801857
30.000000,324.99999998357185,59.999999996967219,0.73782801969144485,-1999.2621719803085,0.73782801969144485,-2.2724719369483672,-2.2724719369483672
30.000000,324.99999998357185,60.999999996916664,0.84321765090638212,-1999.1567823490936,0.84321765090638212,-2.1670823057334299,-2.1670823057334299
30.000000,324.99999998357185,61.999999996866116,0.94435715091389349,-1999.0556428490861,0.94435715091389349,-2.0659428057259186,-2.0659428057259186
30.000000,324.99999998357185,62.999999996815561,1.0412803605761247,-1998.9587196394239,1.0412803605761247,-1.9690195960636874,-1.9690195960636874
30.000000,324.99999998357185,63.999999996765013,1.1340182436101185,-1998.8659817563898,1.1340182436101185,-1.8762817130296936,-1.8762817130296936
30.000000,324.99999998357185,64.999999996714465,1.2225991271566381,-1998.7774008728434,1.2225991271566381,-1.787700829483174,-1.787700829483174
30.000000,324.99999998357185,65.999999996663917,1.3070489239838845,-1998.692951076016,1.3070489239838845,-1.7032510326559276,-1.7032510326559276
30.000000,324.99999998357185,66.999999996613354,1.3873913378166023,-1998.6126086621834,1.3873913378166023,-1.6229086188232098,-1.6229086188232098
30.000000,324.99999998357185,67.999999996562806,1.4636480531244291,-1998.5363519468756,1.4636480531244291,-1.546651903515383,-1.546651903515383
30.000000,324.99999998357185,68.999999996512258,1.5358389105644519,-1998.4641610894355,1.5358389105644519,-1.4744610460753602,-1.4744610460753602
30.000000,324.99999998357185,69.99999999646171,1.6039820691499573,-1998.3960179308501,1.6039820691499573,-1.4063178874898548,-1.4063178874898548
30.000000,324.99999998357185,70.999999996411148,1.6680941561077849,-1998.3319058438922,1.6680941561077849,-1.3422058005320272,-1.3422058005320272
30.000000,324.99999998357185,71.9999999963606,1.7281904052891817,-1998.2718095947109,1.7281904052891817,-1.2821095513506304,-1.2821095513506304
30.000000,324.99999998357185,72.999999996310052,1.784284784911832,-1998.2157152150883,1.784284784911832,-1.2260151717279801,-1.2260151717279801
30.000000,324.99999998357185,73.999999996259504,1.8363901153325175,-1998.1636098846675,1.8363901153325175,-1.1739098413072946,-1.1739098413072946
30.000000,324.99999998357185,74.999999996208956,1.8845181774798145,-1998.1154818225202,1.8845181774798145,-1.1257817791599976,-1.1257817791599976
30.000000,324.99999998357185,75.999999996158394,1.928679812512798,-1998.0713201874871,1.928679812512798,-1.0816201441270141,-1.0816201441270141
30.000000,324.99999998357185,76.999999996107846,1.9688850132147218,-1998.0311149867853,1.9688850132147218,-1.0414149434250903,-1.0414149434250903
30.000000,324.99999998357185,77.999999996057298,2.0051430075787069,-1997.9948569924213,2.0051430075787069,-1.0051569490611052,-1.0051569490611052
30.000000,324.99999998357185,78.99999999600675,2.0374623349954408,-1997.9625376650044,2.0374623349954408,-0.97283762164437126,-0.97283762164437126
30.000000,324.99999998357185,79.999999995956202,2.0658509154098921,-1997.9341490845902,2.0658509154098921,-0.94444904122992002,-0.94444904122992002
30.000000,324.99999998357185,80.99999999590564,2.0903161117744702,-1997.9096838882256,2.0903161117744702,-0.9199838448653419,-0.9199838448653419
30.000000,324.99999998357185,81.999999995855092,2.1108647860901,-1997.8891352139099,2.1108647860901,-0.89943517054971212,-0.89943517054971212
30.000000,324.99999998357185,82.999999995804544,2.1275033492929181,-1997.872496650707,2.1275033492929181,-0.88279660734689402,-0.88279660734689402
30.000000,324.99999998357185,83.999999995753996,2.1402378052133133,-1997.8597621947868,2.1402378052133133,-0.87006215142649879,-0.87006215142649879
30.000000,324.99999998357185,84.999999995703433,2.1490737888050218,-1997.850926211195,2.1490737888050218,-0.86122616783479033,-0.86122616783479033
30.000000,324.99999998357185,85.999999995652885,2.154016598814648,-1997.8459834011853,2.154016598814648,-0.85628335782516407,-0.85628335782516407
30.000000,324.99999998357185,86.999999995602337,2.1550712250363242,-1997.8449287749636,2.1550712250363242,-0.85522873160348789,-0.85522873160348789
30.000000,324.99999998357185,87.999999995551789,2.1522423702717224,-1997.8477576297282,2.1522423702717224,-0.85805758636808971,-0.85805758636808971
30.000000,324.99999998357185,88.999999995501241,2.1455344670922445,-1997.8544655329079,2.1455344670922445,-0.8647654895475676,-0.8647654895475676
30.000000,324.99999998357185,89.999999995450679,2.1349516894776119,-1997.8650483105223,2.1349516894776119,-0.87534826716220016,-0.87534826716220016
30.000000,329.99999998331913,0,-999.99000000000001,-2999.9899999999998,-999.99000000000001,-1003.0002999566398,-1003.0002999566398
30.000000,329.99999998331913,0.99999999994945232,-34.383566057366146,-2034.3835660573661,-34.383566057366146,-37.393866014005958,-37.393866014005958
30.000000,329.99999998331913,1.9999999998989046,-28.362661395492509,-2028.3626613954925,-28.362661395492509,-31.372961352132322,-31.372961352132322
30.000000,329.99999998331913,2.9999999998483573,-24.840331284217825,-2024.8403312842179,-24.840331284217825,-27.850631240857638,-27.850631240857638
30.000000,329.99999998331913,3.9999999997978093,-22.34085591141627,-2022.3408559114164,-22.34085591141627,-25.351155868056082,-25.351155868056082
30.000000,329.99999998331913,4.9999999997472617,-20.401765549389907,-2020.4017655493899,-20.401765549389907,-23.41206550602972,-23.41206550602972
30.000000,329.99999998331913,5.9999999996967137,-18.817069082494438,-2018.8170690824945,-18.817069082494438,-21.827369039134251,-21.827369039134251
30.000000,329.99999998331913,6.9999999996461657,-17.476890071804608,-2017.4768900718045,-17.476890071804608,-20.48719002844442,-20.48719002844442
30.000000,329.99999998331913,7.9999999995956186,-16.315647752827982,-2016.315647752828,-16.315647752827982,-19.325947709467794,-19.325947709467794
30.000000,329.99999998331913,8.9999999995450715,-15.291046994024061,-2015.2910469940241,-15.291046994024061,-18.301346950663874,-18.301346950663874
30.000000,329.99999998331913,9.9999999994945235,-14.374214872112475,-2014.3742148721126,-14.374214872112475,-17.384514828752287,-17.384514828752287
30.000000,329.99999998331913,10.999999999443975,-13.544563461584143,-2013.5445634615842,-13.544563461584143,-16.554863418223956,-16.554863418223956
30.000000,329.99999998331913,11.999999999393427,-12.786897391854431,-2012.7868973918544,-12.786897391854431,-15.797197348494244,-15.797197348494244
30.000000,329.99999998331913,12.999999999342879,-12.089683140982467,-2012.0896831409825,-12.089683140982467,-15.09998309762228,-15.09998309762228
30.000000,329.99999998331913,13.999999999292331,-11.443961532122653,-2011.4439615321226,-11.443961532122653,-14.454261488762466,-14.454261488762466
30.000000,329.99999998331913,14.999999999241785,-10.842636318685297,-2010.8426363186852,-10.842636318685297,-13.85293627532511,-13.85293627532511
30.000000,329.99999998331913,15.999999999191237,-10.279992824813791,-2010.2799928248137,-10.279992824813791,-13.290292781453603,-13.290292781453603
30.000000,329.99999998331913,16.999999999140691,-9.7513627599945565,-2009.7513627599947,-9.7513627599945565,-12.761662716634369,-12.761662716634369
30.000000,329.99999998331913,17.999999999090143,-9.2528849728933373,-2009.2528849728933,-9.2528849728933373,-12.26318492953315,-12.26318492953315
30.000000,329.99999998331913,18.999999999039595,-8.7813309640903192,-2008.7813309640903,-8.7813309640903192,-11.791630920730132,-11.791630920730132
30.000000,329.99999998331913,19.999999998989047,-8.3339751947745597,-2008.3339751947747,-8.3339751947745597,-11.344275151414372,-11.344275151414372
30.000000,329.99999998331913,20.999999998938499,-7.9084970583907399,-2007.9084970583908,-7.9084970583907399,-10.918797015030552,-10.918797015030552
30.000000,329.99999998331913,21.999999998887951,-7.5029056656199984,-2007.5029056656199,-7.5029056656199984,-10.513205622259811,-10.513205622259811
30.000000,329.99999998331913,22.999999998837403,-7.1154813506869585,-2007.1154813506869,-7.1154813506869585,-10.12578130732677,-10.12578130732677
30.000000,329.99999998331913,23.999999998786855,-6.7447296242718018,-2006.7447296242717,-6.7447296242718018,-9.7550295809116143,-9.7550295809116143
30.000000,329.99999998331913,24.999999998736307,-6.3893445212932418,-2006.3893445212932,-6.3893445212932418,-9.3996444779330535,-9.3996444779330535
30.000000,329.99999998331913,25.999999998685759,-6.0481791306006558,-2006.0481791306006,-6.0481791306006558,-9.0584790872404675,-9.0584790872404675
30.000000,329.99999998331913,26.999999998635211,-5.7202216788485218,-2005.7202216788485,-5.7202216788485218,-8.7305216354883335,-8.7305216354883335
30.000000,329.99999998331913,27.999999998584663,-5.4045759556107056,-2005.4045759556107,-5.4045759556107056,-8.4148759122505172,-8.4148759122505172
30.000000,329.99999998331913,28.999999998534115,-5.1004451650186269,-2005.1004451650185,-5.1004451650186269,-8.1107451216584394,-8.1107451216584394
30.000000,329.99999998331913,29.99999999848357,-4.8071185064765674,-2004.8071185064766,-4.8071185064765674,-7.817418463116379,-7.817418463116379
30.000000,329.99999998331913,30.999999998433026,-4.5239599472338989,-2004.5239599472338,-4.5239599472338989,-7.5342599038737106,-7.5342599038737106
30.000000,329.99999998331913,31.999999998382481,-4.2503987690913263,-2004.2503987690914,-4.2503987690913263,-7.2606987257311388,-7.2606987257311388
30.000000,329.99999998331913,32.999999998331937,-3.9859215615762897,-2003.9859215615763,-3.9859215615762897,-6.9962215182161014,-6.9962215182161014
30.000000,329.99999998331913,33.999999998281389,-3.7300654024562903,-2003.7300654024564,-3.7300654024562903,-6.7403653590961028,-6.7403653590961028
30.000000,329.99999998331913,34.999999998230848,-3.4824120190889758,-2003.482412019089,-3.4824120190889758,-6.4927119757287883,-6.4927119757287883
30.000000,329.99999998331913,35.9999999981803,-3.2425827648678611,-2003.2425827648678,-3.2425827648678611,-6.2528827215076728,-6.2528827215076728
30.000000,329.99999998331913,36.999999998129759,-3.0102342768427754,-2003.0102342768428,-3.0102342768427754,-6.0205342334825875,-6.0205342334825875
30.000000,329.99999998331913,37.999999998079211,-2.7850547056206358,-2002.7850547056207,-2.7850547056206358,-5.7953546622604479,-5.7953546622604479
30.000000,329.99999998331913,38.99999999802867,-2.5667604284744745,-2002.5667604284745,-2.5667604284744745,-5.5770603851142866,-5.5770603851142866
30.000000,329.99999998331913,39.999999997978122,-2.3550931723934374,-2002.3550931723935,-2.3550931723934374,-5.3653931290332491,-5.3653931290332491
30.000000,329.99999998331913,40.999999997927581,-2.1498174864865103,-2002.1498174864864,-2.1498174864865103,-5.1601174431263228,-5.1601174431263228
30.000000,329.99999998331913,41.999999997877033,-1.9507185133866456,-2001.9507185133866,-1.9507185133866456,-4.9610184700264579,-4.9610184700264579
30.000000,329.99999998331913,42.999999997826492,-1.7576000176076423,-2001.7576000176077,-1.7576000176076423,-4.7678999742474542,-4.7678999742474542
30.000000,329.99999998331913,43.999999997775944,-1.5702826355829975,-2001.570282635583,-1.5702826355829975,-4.5805825922228092,-4.5805825922228092
30.000000,329.99999998331913,44.999999997725396,-1.3886023176730553,-2001.3886023176731,-1.3886023176730553,-4.3989022743128672,-4.3989022743128672
30.000000,329.99999998331913,45.999999997674855,-1.2124089370062154,-2001.2124089370061,-1.2124089370062154,-4.2227088936460273,-4.2227088936460273
30.000000,329.99999998331913,46.999999997624307,-1.0415650438098734,-2001.0415650438099,-1.0415650438098734,-4.0518650004496859,-4.0518650004496859
30.000000,329.99999998331913,47.999999997573767,-0.87594474703838943,-2000.8759447470384,-0.87594474703838943,-3.8862447036782015,-3.8862447036782015
30.000000,329.99999998331913,48.999999997523219,-0.71543270773595924,-2000.715432707736,-0.71543270773595924,-3.7257326643757711,-3.7257326643757711
30.000000,329.99999998331913,49.999999997472678,-0.55992323077701822,-2000.559923230777,-0.55992323077701822,-3.5702231874168304,-3.5702231874168304
30.000000,329.99999998331913,50.99999999742213,-0.40931944348230337,-2000.4093194434822,-0.40931944348230337,-3.4196194001221154,-3.4196194001221154
30.000000,329.99999998331913,51.999999997371589,-0.26353255117485674,-2000.2635325511749,-0.26353255117485674,-3.2738325078146691,-3.2738325078146691
30.000000,329.99999998331913,52.999999997321041,-0.1224811610678664,-2000.1224811610678,-0.1224811610678664,-3.1327811177076783,-3.1327811177076783
30.000000,329.99999998331913,53.9999999972705,0.013909332995200356,-1999.9860906670049,0.013909332995200356,-2.9963906236446118,-2.9963906236446118
30.000000,329.99999998331913,54.999999997219952,0.14570731146507562,-1999.854292688535,0.14570731146507562,-2.8645926451747363,-2.8645926451747363
30.000000,329.99999998331913,55.999999997169411,0.27297544136892304,-1999.727024558631,0.27297544136892304,-2.7373245152708892,-2.7373245152708892
30.000000,329.99999998331913,56.999999997118863,0.3957711449366183,-1999.6042288550634,0.3957711449366183,-2.614528811703194,-2.614528811703194
30.000000,329.99999998331913,57.999999997068315,0.51414702894883668,-1999.4858529710511,0.51414702894883668,-2.4961529276909755,-2.4961529276909755
30.000000,329.99999998331913,58.999999997017767,0.62815127865962639,-1999.3718487213405,0.62815127865962639,-2.3821486779801857,-2.3821486779801857
30.000000,329.99999998331913,59.999999996967219,0.73782801969144485,-1999.2621719803085,0.73782801969144485,-2.2724719369483672,-2.2724719369483672
30.000000,329.99999998331913,60.999999996916664,0.84321765090638212,-1999.1567823490936,0.84321765090638212,-2.1670823057334299,-2.1670823057334299
30.000000,329.99999998331913,61.999999996866116,0.94435715091389349,-1999.0556428490861,0.94435715091389349,-2.0659428057259186,-2.0659428057259186
30.000000,329.99999998331913,62.999999996815561,1.0412803605761247,-1998.9587196394239,1.0412803605761247,-1.9690195960636874,-1.9690195960636874
30.000000,329.99999998331913,63.999999996765013,1.1340182436101185,-1998.8659817563898,1.1340182436101185,-1.8762817130296936,-1.8762817130296936
30.000000,329.99999998331913,64.999999996714465,1.2225991271566381,-1998.7774008728434,1.2225991271566381,-1.787700829483174,-1.787700829483174
30.000000,329.99999998331913,65.999999996663917,1.3070489239838845,-1998.692951076016,1.3070489239838845,-1.7032510326559276,-1.7032510326559276
30.000000,329.99999998331913,66.999999996613354,1.3873913378166023,-1998.6126086621834,1.3873913378166023,-1.6229086188232098,-1.6229086188232098
30.000000,329.99999998331913,67.999999996562806,1.4636480531244291,-1998.5363519468756,1.4636480531244291,-1.546651903515383,-1.546651903515383
30.000000,329.99999998331913,68.999999996512258,1.5358389105644519,-1998.4641610894355,1.5358389105644519,-1.4744610460753602,-1.4744610460753602
30.000000,329.99999998331913,69.99999999646171,1.6039820691499573,-1998.3960179308501,1.6039820691499573,-1.4063178874898548,-1.4063178874898548
30.000000,329.99999998331913,70.999999996411148,1.6680941561077849,-1998.3319058438922,1.6680941561077849,-1.3422058005320272,-1.3422058005320272
30.000000,329.99999998331913,71.9999999963606,1.7281904052891817,-1998.2718095947109,1.7281904052891817,-1.2821095513506304,-1.2821095513506304
30.000000,329.99999998331913,72.999999996310052,1.784284784911832,-1998.2157152150883,1.784284784911832,-1.2260151717279801,-1.2260151717279801
30.000000,329.99999998331913,73.999999996259504,1.8363901153325175,-1998.1636098846675,1.8363901153325175,-1.1739098413072946,-1.1739098413072946
30.000000,329.99999998331913,74.999999996208956,1.8845181774798145,-1998.1154818225202,1.8845181774798145,-1.1257817791599976,-1.1257817791599976
30.000000,329.99999998331913,75.999999996158394,1.928679812512798,-1998.0713201874871,1.928679812512798,-1.0816201441270141,-1.0816201441270141
30.000000,329.99999998331913,76.999999996107846,1.9688850132147218,-1998.0311149867853,1.9688850132147218,-1.0414149434250903,-1.0414149434250903
30.000000,329.99999998331913,77.999999996057298,2.0051430075787069,-1997.9948569924213,2.0051430075787069,-1.0051569490611052,-1.0051569490611052
30.000000,329.99999998331913,78.99999999600675,2.0374623349954408,-1997.9625376650044,2.0374623349954408,-0.97283762164437126,-0.97283762164437126
30.000000,329.99999998331913,79.999999995956202,2.0658509154098921,-1997.9341490845902,2.0658509154098921,-0.94444904122992002,-0.94444904122992002
30.000000,329.99999998331913,80.99999999590564,2.0903161117744702,-1997.9096838882256,2.0903161117744702,-0.9199838448653419,-0.9199838448653419
30.000000,329.99999998331913,81.999999995855092,2.1108647860901,-1997.8891352139099,2.1108647860901,-0.89943517054971212,-0.89943517054971212
30.000000,329.99999998331913,82.999999995804544,2.1275033492929181,-1997.872496650707,2.1275033492929181,-0.88279660734689402,-0.88279660734689402
30.000000,329.99999998331913,83.999999995753996,2.1402378052133133,-1997.8597621947868,2.1402378052133133,-0.87006215142649879,-0.87006215142649879
30.000000,329.99999998331913,84.999999995703433,2.1490737888050218,-1997.850926211195,2.1490737888050218,-0.86122616783479033,-0.86122616783479033
30.000000,329.99999998331913,85.999999995652885,2.154016598814648,-1997.8459834011853,2.154016598814648,-0.85628335782516407,-0.85628335782516407
30.000000,329.99999998331913,86.999999995602337,2.1550712250363242,-1997.8449287749636,2.1550712250363242,-0.85522873160348789,-0.85522873160348789
30.000000,329.99999998331913,87.999999995551789,2.1522423702717224,-1997.8477576297282,2.1522423702717224,-0.85805758636808971,-0.85805758636808971
30.000000,329.99999998331913,88.999999995501241,2.1455344670922445,-1997.8544655329079,2.1455344670922445,-0.8647654895475676,-0.8647654895475676
30.000000,329.99999998331913,89.999999995450679,2.1349516894776119,-1997.8650483105223,2.1349516894776119,-0.87534826716220016,-0.87534826716220016
30.000000,334.99999998306635,0,-999.99000000000001,-2999.9899999999998,-999.99000000000001,-1003.0002999566398,-1003.0002999566398
30.000000,334.99999998306635,0.99999999994945232,-34.383566057366146,-2034.3835660573661,-34.383566057366146,-37.393866014005958,-37.393866014005958
30.000000,334.99999998306635,1.9999999998989046,-28.362661395492509,-2028.3626613954925,-28.362661395492509,-31.372961352132322,-31.372961352132322
30.000000,334.99999998306635,2.9999999998483573,-24.840331284217825,-2024.8403312842179,-24.840331284217825,-27.850631240857638,-27.850631240857638
30.000000,334.99999998306635,3.9999999997978093,-22.34085591141627,-2022.3408559114164,-22.34085591141627,-25.351155868056082,-25.351155868056082
30.000000,334.99999998306635,4.9999999997472617,-20.401765549389907,-2020.4017655493899,-20.401765549389907,-23.41206550602972,-23.41206550602972
30.000000,334.99999998306635,5.9999999996967137,-18.817069082494438,-2018.8170690824945,-18.817069082494438,-21.827369039134251,-21.827369039134251
30.000000,334.99999998306635,6.9999999996461657,-17.476890071804608,-2017.4768900718045,-17.476890071804608,-20.48719002844442,-20.48719002844442
30.000000,334.99999998306635,7.9999999995956186,-16.315647752827982,-2016.315647752828,-16.315647752827982,-19.325947709467794,-19.325947709467794
30.000000,334.99999998306635,8.9999999995450715,-15.291046994024061,-2015.2910469940241,-15.291046994024061,-18.301346950663874,-18.301346950663874
30.000000,334.99999998306635,9.9999999994945235,-14.374214872112475,-2014.3742148721126,-14.374214872112475,-17.384514828752287,-17.384514828752287
30.000000,334.99999998306635,10.999999999443975,-13.544563461584143,-2013.5445634615842,-13.544563461584143,-16.554863418223956,-16.554863418223956
30.000000,334.99999998306635,11.999999999393427,-12.786897391854431,-2012.7868973918544,-12.786897391854431,-15.797197348494244,-15.797197348494244
30.000000,334.99999998306635,12.999999999342879,-12.089683140982467,-2012.0896831409825,-12.089683140982467,-15.09998309762228,-15.09998309762228
30.000000,334.99999998306635,13.999999999292331,-11.443961532122653,-2011.4439615321226,-11.443961532122653,-14.454261488762466,-14.454261488762466
30.000000,334.99999998306635,14.999999999241785,-10.842636318685297,-2010.8426363186852,-10.842636318685297,-13.85293627532511,-13.85293627532511
30.000000,334.99999998306635,15.999999999191237,-10.279992824813791,-2010.2799928248137,-10.279992824813791,-13.290292781453603,-13.290292781453603
30.000000,334.99999998306635,16.999999999140691,-9.7513627599945565,-2009.7513627599947,-9.7513627599945565,-12.761662716634369,-12.761662716634369
30.000000,334.99999998306635,17.999999999090143,-9.2528849728933373,-2009.2528849728933,-9.2528849728933373,-12.26318492953315,-12.26318492953315
30.000000,334.99999998306635,18.999999999039595,-8.7813309640903192,-2008.7813309640903,-8.7813309640903192,-11.791630920730132,-11.791630920730132
30.000000,334.99999998306635,19.999999998989047,-8.3339751947745597,-2008.3339751947747,-8.3339751947745597,-11.344275151414372,-11.344275151414372
30.000000,334.99999998306635,20.999999998938499,-7.9084970583907399,-2007.9084970583908,-7.9084970583907399,-10.918797015030552,-10.918797015030552
30.000000,334.99999998306635,21.999999998887951,-7.5029056656199984,-2007.5029056656199,-7.5029056656199984,-10.513205622259811,-10.513205622259811
30.000000,334.99999998306635,22.999999998837403,-7.1154813506869585,-2007.1154813506869,-7.1154813506869585,-10.12578130732677,-10.12578130732677
30.000000,334.99999998306635,23.999999998786855,-6.7447296242718018,-2006.7447296242717,-6.7447296242718018,-9.7550295809116143,-9.7550295809116143
30.000000,334.99999998306635,24.999999998736307,-6.3893445212932418,-2006.3893445212932,-6.3893445212932418,-9.3996444779330535,-9.3996444779330535
30.000000,334.99999998306635,25.999999998685759,-6.0481791306006558,-2006.0481791306006,-6.0481791306006558,-9.0584790872404675,-9.0584790872404675
30.000000,334.99999998306635,26.999999998635211,-5.7202216788485218,-2005.7202216788485,-5.7202216788485218,-8.7305216354883335,-8.7305216354883335
30.000000,334.99999998306635,27.999999998584663,-5.4045759556107056,-2005.4045759556107,-5.4045759556107056,-8.4148759122505172,-8.4148759122505172
30.000000,334.99999998306635,28.999999998534115,-5.1004451650186269,-2005.1004451650185,-5.1004451650186269,-8.1107451216584394,-8.1107451216584394
30.000000,334.99999998306635,29.99999999848357,-4.8071185064765674,-2004.8071185064766,-4.8071185064765674,-7.817418463116379,-7.817418463116379
30.000000,334.99999998306635,30.999999998433026,-4.5239599472338989,-2004.5239599472338,-4.5239599472338989,-7.5342599038737106,-7.5342599038737106
30.000000,334.99999998306635,31.999999998382481,-4.2503987690913263,-2004.2503987690914,-4.2503987690913263,-7.2606987257311388,-7.2606987257311388
30.000000,334.99999998306635,32.999999998331937,-3.9859215615762897,-2003.9859215615763,-3.9859215615762897,-6.9962215182161014,-6.9962215182161014
30.000000,334.99999998306635,33.999999998281389,-3.7300654024562903,-2003.7300654024564,-3.7300654024562903,-6.7403653590961028,-6.7403653590961028
30.000000,334.99999998306635,34.999999998230848,-3.4824120190889758,-2003.482412019089,-3.4824120190889758,-6.4927119757287883,-6.4927119757287883
30.000000,334.99999998306635,35.9999999981803,-3.2425827648678611,-2003.2425827648678,-3.2425827648678611,-6.2528827215076728,-6.2528827215076728
30.000000,334.99999998306635,36.999999998129759,-3.0102342768427754,-2003.0102342768428,-3.0102342768427754,-6.0205342334825875,-6.0205342334825875
30.000000,334.99999998306635,37.999999998079211,-2.7850547056206358,-2002.7850547056207,-2.7850547056206358,-5.7953546622604479,-5.7953546622604479
30.000000,334.99999998306635,38.99999999802867,-2.5667604284744745,-2002.5667604284745,-2.5667604284744745,-5.5770603851142866,-5.5770603851142866
30.000000,334.99999998306635,39.999999997978122,-2.3550931723934374,-2002.3550931723935,-2.3550931723934374,-5.3653931290332491,-5.3653931290332491
30.000000,334.99999998306635,40.999999997927581,-2.1498174864865103,-2002.1498174864864,-2.1498174864865103,-5.1601174431263228,-5.1601174431263228
30.000000,334.99999998306635,41.999999997877033,-1.9507185133866456,-2001.9507185133866,-1.9507185133866456,-4.9610184700264579,-4.9610184700264579
30.000000,334.99999998306635,42.999999997826492,-1.7576000176076423,-2001.7576000176077,-1.7576000176076423,-4.7678999742474542,-4.7678999742474542
30.000000,334.99999998306635,43.999999997775944,-1.5702826355829975,-2001.570282635583,-1.5702826355829975,-4.5805825922228092,-4.5805825922228092
30.000000,334.99999998306635,44.999999997725396,-1.3886023176730553,-2001.3886023176731,-1.3886023176730553,-4.3989022743128672,-4.3989022743128672
30.000000,334.99999998306635,45.999999997674855,-1.2124089370062154,-2001.2124089370061,-1.2124089370062154,-4.2227088936460273,-4.2227088936460273
30.000000,334.99999998306635,46.999999997624307,-1.0415650438098734,-2001.0415650438099,-1.0415650438098734,-4.0518650004496859,-4.0518650004496859
30.000000,334.99999998306635,47.999999997573767,-0.87594474703838943,-2000.8759447470384,-0.87594474703838943,-3.8862447036782015,-3.8862447036782015
30.000000,334.99999998306635,48.999999997523219,-0.71543270773595924,-2000.715432707736,-0.71543270773595924,-3.7257326643757711,-3.7257326643757711
30.000000,334.99999998306635,49.999999997472678,-0.55992323077701822,-2000.559923230777,-0.55992323077701822,-3.5702231874168304,-3.5702231874168304
30.000000,334.99999998306635,50.99999999742213,-0.40931944348230337,-2000.4093194434822,-0.40931944348230337,-3.4196194001221154,-3.4196194001221154
30.000000,334.99999998306635,51.999999997371589,-0.26353255117485674,-2000.2635325511749,-0.26353255117485674,-3.2738325078146691,-3.2738325078146691
30.000000,334.99999998306635,52.999999997321041,-0.1224811610678664,-2000.1224811610678,-0.1224811610678664,-3.1327811177076783,-3.1327811177076783
30.000000,334.99999998306635,53.9999999972705,0.013909332995200356,-1999.9860906670049,0.013909332995200356,-2.9963906236446118,-2.9963906236446118
30.000000,334.99999998306635,54.999999997219952,0.14570731146507562,-1999.854292688535,0.14570731146507562,-2.8645926451747363,-2.8645926451747363
30.000000,334.99999998306635,55.999999997169411,0.27297544136892304,-1999.727024558631,0.27297544136892304,-2.7373245152708892,-2.7373245152708892
30.000000,334.99999998306635,56.999999997118863,0.3957711449366183,-1999.6042288550634,0.3957711449366183,-2.614528811703194,-2.614528811703194
30.000000,334.99999998306635,57.999999997068315,0.51414702894883668,-1999.4858529710511,0.51414702894883668,-2.4961529276909755,-2.4961529276909755
30.000000,334.99999998306635,58.999999997017767,0.62815127865962639,-1999.3718487213405,0.62815127865962639,-2.3821486779801857,-2.3821486779801857
30.000000,334.99999998306635,59.999999996967219,0.73782801969144485,-1999.2621719803085,0.73782801969144485,-2.2724719369483672,-2.2724719369483672
30.000000,334.99999998306635,60.999999996916664,0.84321765090638212,-1999.1567823490936,0.84321765090638212,-2.1670823057334299,-2.1670823057334299
30.000000,334.99999998306635,61.999999996866116,0.94435715091389349,-1999.0556428490861,0.94435715091389349,-2.0659428057259186,-2.0659428057259186
30.000000,334.99999998306635,62.999999996815561,1.0412803605761247,-1998.9587196394239,1.0412803605761247,-1.9690195960636874,-1.9690195960636874
30.000000,334.99999998306635,63.999999996765013,1.1340182436101185,-1998.8659817563898,1.1340182436101185,-1.8762817130296936,-1.8762817130296936
30.000000,334.99999998306635,64.999999996714465,1.2225991271566381,-1998.7774008728434,1.2225991271566381,-1.787700829483174,-1.787700829483174
30.000000,334.99999998306635,65.999999996663917,1.3070489239838845,-1998.692951076016,1.3070489239838845,-1.7032510326559276,-1.7032510326559276
30.000000,334.99999998306635,66.999999996613354,1.3873913378166023,-1998.6126086621834,1.3873913378166023,-1.6229086188232098,-1.6229086188232098
30.000000,334.99999998306635,67.999999996562806,1.4636480531244291,-1998.5363519468756,1.4636480531244291,-1.546651903515383,-1.546651903515383
30.000000,334.99999998306635,68.999999996512258,1.5358389105644519,-1998.4641610894355,1.5358389105644519,-1.4744610460753602,-1.4744610460753602
30.000000,334.99999998306635,69.99999999646171,1.6039820691499573,-1998.3960179308501,1.6039820691499573,-1.4063178874898548,-1.4063178874898548
30.000000,334.99999998306635,70.999999996411148,1.6680941561077849,-1998.3319058438922,1.6680941561077849,-1.3422058005320272,-1.3422058005320272
30.000000,334.99999998306635,71.9999999963606,1.7281904052891817,-1998.2718095947109,1.7281904052891817,-1.2821095513506304,-1.2821095513506304
30.000000,334.99999998306635,72.999999996310052,1.784284784911832,-1998.2157152150883,1.784284784911832,-1.2260151717279801,-1.2260151717279801
30.000000,334.99999998306635,73.999999996259504,1.8363901153325175,-1998.1636098846675,1.8363901153325175,-1.1739098413072946,-1.1739098413072946
30.000000,334.99999998306635,74.999999996208956,1.8845181774798145,-1998.1154818225202,1.8845181774798145,-1.1257817791599976,-1.1257817791599976
30.000000,334.99999998306635,75.999999996158394,1.928679812512798,-1998.0713201874871,1.928679812512798,-1.0816201441270141,-1.0816201441270141
30.000000,334.99999998306635,76.999999996107846,1.9688850132147218,-1998.0311149867853,1.9688850132147218,-1.0414149434250903,-1.0414149434250903
30.000000,334.99999998306635,77.999999996057298,2.0051430075787069,-1997.9948569924213,2.0051430075787069,-1.0051569490611052,-1.0051569490611052
30.000000,334.99999998306635,78.99999999600675,2.0374623349954408,-1997.9625376650044,2.0374623349954408,-0.97283762164437126,-0.97283762164437126
30.000000,334.99999998306635,79.999999995956202,2.0658509154098921,-1997.9341490845902,2.0658509154098921,-0.94444904122992002,-0.94444904122992002
30.000000,334.99999998306635,80.99999999590564,2.0903161117744702,-1997.9096838882256,2.0903161117744702,-0.9199838448653419,-0.9199838448653419
30.000000,334.99999998306635,81.999999995855092,2.1108647860901,-1997.8891352139099,2.1108647860901,-0.89943517054971212,-0.89943517054971212
30.000000,334.99999998306635,82.999999995804544,2.1275033492929181,-1997.872496650707,2.1275033492929181,-0.88279660734689402,-0.88279660734689402
30.000000,334.99999998306635,83.999999995753996,2.1402378052133133,-1997.8597621947868,2.1402378052133133,-0.87006215142649879,-0.87006215142649879
30.000000,334.99999998306635,84.999999995703433,2.1490737888050218,-1997.850926211195,2.1490737888050218,-0.86122616783479033,-0.86122616783479033
30.000000,334.99999998306635,85.999999995652885,2.154016598814648,-1997.8459834011853,2.154016598814648,-0.85628335782516407,-0.85628335782516407
30.000000,334.99999998306635,86.999999995602337,2.1550712250363242,-1997.8449287749636,2.1550712250363242,-0.85522873160348789,-0.85522873160348789
30.000000,334.99999998306635,87.999999995551789,2.1522423702717224,-1997.8477576297282,2.1522423702717224,-0.85805758636808971,-0.85805758636808971
30.000000,334.99999998306635,88.999999995501241,2.1455344670922445,-1997.8544655329079,2.1455344670922445,-0.8647654895475676,-0.8647654895475676
30.000000,334.99999998306635,89.999999995450679,2.1349516894776119,-1997.8650483105223,2.1349516894776119,-0.87534826716220016,-0.87534826716220016
30.000000,339.99999998281362,0,-999.99000000000001,-2999.9899999999998,-999.99000000000001,-1003.0002999566398,-1003.0002999566398
30.000000,339.99999998281362,0.99999999994945232,-34.383566057366146,-2034.3835660573661,-34.383566057366146,-37.393866014005958,-37.393866014005958
30.000000,339.99999998281362,1.9999999998989046,-28.362661395492509,-2028.3626613954925,-28.362661395492509,-31.372961352132322,-31.372961352132322
30.000000,339.99999998281362,2.9999999998483573,-24.840331284217825,-2024.8403312842179,-24.840331284217825,-27.850631240857638,-27.850631240857638
30.000000,339.99999998281362,3.9999999997978093,-22.34085591141627,-2022.3408559114164,-22.34085591141627,-25.351155868056082,-25.351155868056082
30.000000,339.99999998281362,4.9999999997472617,-20.401765549389907,-2020.4017655493899,-20.401765549389907,-23.41206550602972,-23.41206550602972
30.000000,339.99999998281362,5.9999999996967137,-18.817069082494438,-2018.8170690824945,-18.817069082494438,-21.827369039134251,-21.827369039134251
30.000000,339.99999998281362,6.9999999996461657,-17.476890071804608,-2017.4768900718045,-17.476890071804608,-20.48719002844442,-20.48719002844442
30.000000,339.99999998281362,7.9999999995956186,-16.315647752827982,-2016.315647752828,-16.315647752827982,-19.325947709467794,-19.325947709467794
30.000000,339.99999998281362,8.9999999995450715,-15.291046994024061,-2015.2910469940241,-15.291046994024061,-18.301346950663874,-18.301346950663874
30.000000,339.99999998281362,9.9999999994945235,-14.374214872112475,-2014.3742148721126,-14.374214872112475,-17.384514828752287,-17.384514828752287
30.000000,339.99999998281362,10.999999999443975,-13.544563461584143,-2013.5445634615842,-13.544563461584143,-16.554863418223956,-16.554863418223956
30.000000,339.99999998281362,11.999999999393427,-12.786897391854431,-2012.7868973918544,-12.786897391854431,-15.797197348494244,-15.797197348494244
30.000000,339.99999998281362,12.999999999342879,-12.089683140982467,-2012.0896831409825,-12.089683140982467,-15.09998309762228,-15.09998309762228
30.000000,339.99999998281362,13.999999999292331,-11.443961532122653,-2011.4439615321226,-11.443961532122653,-14.454261488762466,-14.454261488762466
30.000000,339.99999998281362,14.999999999241785,-10.842636318685297,-2010.8426363186852,-10.842636318685297,-13.85293627532511,-13.85293627532511
30.000000,339.99999998281362,15.999999999191237,-10.279992824813791,-2010.2799928248137,-10.279992824813791,-13.290292781453603,-13.290292781453603
30.000000,339.99999998281362,16.999999999140691,-9.7513627599945565,-2009.7513627599947,-9.7513627599945565,-12.761662716634369,-12.761662716634369
30.000000,339.99999998281362,17.999999999090143,-9.2528849728933373,-2009.2528849728933,-9.2528849728933373,-12.26318492953315,-12.26318492953315
30.000000,339.99999998281362,18.999999999039595,-8.7813309640903192,-2008.7813309640903,-8.7813309640903192,-11.791630920730132,-11.791630920730132
30.000000,339.99999998281362,19.999999998989047,-8.3339751947745597,-2008.3339751947747,-8.3339751947745597,-11.344275151414372,-11.344275151414372
30.000000,339.99999998281362,20.999999998938499,-7.9084970583907399,-2007.9084970583908,-7.9084970583907399,-10.918797015030552,-10.918797015030552
30.000000,339.99999998281362,21.999999998887951,-7.5029056656199984,-2007.5029056656199,-7.5029056656199984,-10.513205622259811,-10.513205622259811
30.000000,339.99999998281362,22.999999998837403,-7.1154813506869585,-2007.1154813506869,-7.1154813506869585,-10.12578130732677,-10.12578130732677
30.000000,339.99999998281362,23.999999998786855,-6.7447296242718018,-2006.7447296242717,-6.7447296242718018,-9.7550295809116143,-9.7550295809116143
30.000000,339.99999998281362,24.999999998736307,-6.3893445212932418,-2006.3893445212932,-6.3893445212932418,-9.3996444779330535,-9.3996444779330535
30.000000,339.99999998281362,25.999999998685759,-6.0481791306006558,-2006.0481791306006,-6.0481791306006558,-9.0584790872404675,-9.0584790872404675
30.000000,339.99999998281362,26.999999998635211,-5.7202216788485218,-2005.7202216788485,-5.7202216788485218,-8.7305216354883335,-8.7305216354883335
30.000000,339.99999998281362,27.999999998584663,-5.4045759556107056,-2005.4045759556107,-5.4045759556107056,-8.4148759122505172,-8.4148759122505172
30.000000,339.99999998281362,28.999999998534115,-5.1004451650186269,-2005.1004451650185,-5.1004451650186269,-8.1107451216584394,-8.1107451216584394
30.000000,339.99999998281362,29.99999999848357,-4.8071185064765674,-2004.8071185064766,-4.8071185064765674,-7.817418463116379,-7.817418463116379
30.000000,339.99999998281362,30.999999998433026,-4.5239599472338989,-2004.5239599472338,-4.5239599472338989,-7.5342599038737106,-7.5342599038737106
30.000000,339.99999998281362,31.999999998382481,-4.2503987690913263,-2004.2503987690914,-4.2503987690913263,-7.2606987257311388,-7.2606987257311388
30.000000,339.99999998281362,32.999999998331937,-3.9859215615762897,-2003.9859215615763,-3.9859215615762897,-6.9962215182161014,-6.9962215182161014
30.000000,339.99999998281362,33.999999998281389,-3.7300654024562903,-2003.7300654024564,-3.7300654024562903,-6.7403653590961028,-6.7403653590961028
30.000000,339.99999998281362,34.999999998230848,-3.4824120190889758,-2003.482412019089,-3.4824120190889758,-6.4927119757287883,-6.4927119757287883
30.000000,339.99999998281362,35.9999999981803,-3.2425827648678611,-2003.2425827648678,-3.2425827648678611,-6.2528827215076728,-6.2528827215076728
30.000000,339.99999998281362,36.999999998129759,-3.0102342768427754,-2003.0102342768428,-3.0102342768427754,-6.0205342334825875,-6.0205342334825875
30.000000,339.99999998281362,37.999999998079211,-2.7850547056206358,-2002.7850547056207,-2.7850547056206358,-5.7953546622604479,-5.7953546622604479
30.000000,339.99999998281362,38.99999999802867,-2.5667604284744745,-2002.5667604284745,-2.5667604284744745,-5.5770603851142866,-5.5770603851142866
30.000000,339.99999998281362,39.999999997978122,-2.3550931723934374,-2002.3550931723935,-2.3550931723934374,-5.3653931290332491,-5.3653931290332491
30.000000,339.99999998281362,40.999999997927581,-2.1498174864865103,-2002.1498174864864,-2.1498174864865103,-5.1601174431263228,-5.1601174431263228
30.000000,339.99999998281362,41.999999997877033,-1.9507185133866456,-2001.9507185133866,-1.9507185133866456,-4.9610184700264579,-4.9610184700264579
30.000000,339.99999998281362,42.999999997826492,-1.7576000176076423,-2001.7576000176077,-1.7576000176076423,-4.7678999742474542,-4.7678999742474542
30.000000,339.99999998281362,43.999999997775944,-1.5702826355829975,-2001.570282635583,-1.5702826355829975,-4.5805825922228092,-4.5805825922228092
30.000000,339.99999998281362,44.999999997725396,-1.3886023176730553,-2001.3886023176731,-1.3886023176730553,-4.3989022743128672,-4.3989022743128672
30.000000,339.99999998281362,45.999999997674855,-1.2124089370062154,-2001.2124089370061,-1.2124089370062154,-4.2227088936460273,-4.2227088936460273
30.000000,339.99999998281362,46.999999997624307,-1.0415650438098734,-2001.0415650438099,-1.0415650438098734,-4.0518650004496859,-4.0518650004496859
30.000000,339.99999998281362,47.999999997573767,-0.87594474703838943,-2000.8759447470384,-0.87594474703838943,-3.8862447036782015,-3.8862447036782015
30.000000,339.99999998281362,48.999999997523219,-0.71543270773595924,-2000.715432707736,-0.71543270773595924,-3.7257326643757711,-3.7257326643757711
30.000000,339.99999998281362,49.999999997472678,-0.55992323077701822,-2000.559923230777,-0.55992323077701822,-3.5702231874168304,-3.5702231874168304
30.000000,339.99999998281362,50.99999999742213,-0.40931944348230337,-2000.4093194434822,-0.40931944348230337,-3.4196194001221154,-3.4196194001221154
30.000000,339.99999998281362,51.999999997371589,-0.26353255117485674,-2000.2635325511749,-0.26353255117485674,-3.2738325078146691,-3.2738325078146691
30.000000,339.99999998281362,52.999999997321041,-0.1224811610678664,-2000.1224811610678,-0.1224811610678664,-3.1327811177076783,-3.1327811177076783
30.000000,339.99999998281362,53.9999999972705,0.013909332995200356,-1999.9860906670049,0.013909332995200356,-2.9963906236446118,-2.9963906236446118
30.000000,339.99999998281362,54.999999997219952,0.14570731146507562,-1999.854292688535,0.14570731146507562,-2.8645926451747363,-2.8645926451747363
30.000000,339.99999998281362,55.999999997169411,0.27297544136892304,-1999.727024558631,0.27297544136892304,-2.7373245152708892,-2.7373245152708892
30.000000,339.99999998281362,56.999999997118863,0.3957711449366183,-1999.6042288550634,0.3957711449366183,-2.614528811703194,-2.614528811703194
30.000000,339.99999998281362,57.999999997068315,0.51414702894883668,-1999.4858529710511,0.51414702894883668,-2.4961529276909755,-2.4961529276909755
30.000000,339.99999998281362,58.999999997017767,0.62815127865962639,-1999.3718487213405,0.62815127865962639,-2.3821486779801857,-2.3821486779801857
30.000000,339.99999998281362,59.999999996967219,0.73782801969144485,-1999.2621719803085,0.73782801969144485,-2.2724719369483672,-2.2724719369483672
30.000000,339.99999998281362,60.999999996916664,0.84321765090638212,-1999.1567823490936,0.84321765090638212,-2.1670823057334299,-2.1670823057334299
30.000000,339.99999998281362,61.999999996866116,0.94435715091389349,-1999.0556428490861,0.94435715091389349,-2.0659428057259186,-2.0659428057259186
30.000000,339.99999998281362,62.999999996815561,1.0412803605761247,-1998.9587196394239,1.0412803605761247,-1.9690195960636874,-1.9690195960636874
30.000000,339.99999998281362,63.999999996765013,1.1340182436101185,-1998.8659817563898,1.1340182436101185,-1.8762817130296936,-1.8762817130296936
30.000000,339.99999998281362,64.999999996714465,1.2225991271566381,-1998.7774008728434,1.2225991271566381,-1.787700829483174,-1.787700829483174
30.000000,339.99999998281362,65.999999996663917,1.3070489239838845,-1998.692951076016,1.3070489239838845,-1.7032510326559276,-1.7032510326559276
30.000000,339.99999998281362,66.999999996613354,1.3873913378166023,-1998.6126086621834,1.3873913378166023,-1.6229086188232098,-1.6229086188232098
30.000000,339.99999998281362,67.999999996562806,1.4636480531244291,-1998.5363519468756,1.4636480531244291,-1.546651903515383,-1.546651903515383
30.000000,339.99999998281362,68.999999996512258,1.5358389105644519,-1998.4641610894355,1.5358389105644519,-1.4744610460753602,-1.4744610460753602
30.000000,339.99999998281362,69.99999999646171,1.6039820691499573,-1998.3960179308501,1.6039820691499573,-1.4063178874898548,-1.4063178874898548
30.000000,339.99999998281362,70.999999996411148,1.6680941561077849,-1998.3319058438922,1.6680941561077849,-1.3422058005320272,-1.3422058005320272
30.000000,339.99999998281362,71.9999999963606,1.7281904052891817,-1998.2718095947109,1.7281904052891817,-1.2821095513506304,-1.2821095513506304
30.000000,339.99999998281362,72.999999996310052,1.784284784911832,-1998.2157152150883,1.784284784911832,-1.2260151717279801,-1.2260151717279801
30.000000,339.99999998281362,73.999999996259504,1.8363901153325175,-1998.1636098846675,1.8363901153325175,-1.1739098413072946,-1.1739098413072946
30.000000,339.99999998281362,74.999999996208956,1.8845181774798145,-1998.1154818225202,1.8845181774798145,-1.1257817791599976,-1.1257817791599976
30.000000,339.99999998281362,75.999999996158394,1.928679812512798,-1998.0713201874871,1.928679812512798,-1.0816201441270141,-1.0816201441270141
30.000000,339.99999998281362,76.999999996107846,1.9688850132147218,-1998.0311149867853,1.9688850132147218,-1.0414149434250903,-1.0414149434250903
30.000000,339.99999998281362,77.999999996057298,2.0051430075787069,-1997.9948569924213,2.0051430075787069,-1.0051569490611052,-1.0051569490611052
30.000000,339.99999998281362,78.99999999600675,2.0374623349954408,-1997.9625376650044,2.0374623349954408,-0.97283762164437126,-0.97283762164437126
30.000000,339.99999998281362,79.999999995956202,2.0658509154098921,-1997.9341490845902,2.0658509154098921,-0.94444904122992002,-0.94444904122992002
30.000000,339.99999998281362,80.99999999590564,2.0903161117744702,-1997.9096838882256,2.0903161117744702,-0.9199838448653419,-0.9199838448653419
30.000000,339.99999998281362,81.999999995855092,2.1108647860901,-1997.8891352139099,2.1108647860901,-0.89943517054971212,-0.89943517054971212
30.000000,339.99999998281362,82.999999995804544,2.1275033492929181,-1997.872496650707,2.1275033492929181,-0.88279660734689402,-0.88279660734689402
30.000000,339.99999998281362,83.999999995753996,2.1402378052133133,-1997.8597621947868,2.1402378052133133,-0.87006215142649879,-0.87006215142649879
30.000000,339.99999998281362,84.999999995703433,2.1490737888050218,-1997.850926211195,2.1490737888050218,-0.86122616783479033,-0.86122616783479033
30.000000,339.99999998281362,85.999999995652885,2.154016598814648,-1997.8459834011853,2.154016598814648,-0.85628335782516407,-0.85628335782516407
30.000000,339.99999998281362,86.999999995602337,2.1550712250363242,-1997.8449287749636,2.1550712250363242,-0.85522873160348789,-0.85522873160348789
30.000000,339.99999998281362,87.999999995551789,2.1522423702717224,-1997.8477576297282,2.1522423702717224,-0.85805758636808971,-0.85805758636808971
30.000000,339.99999998281362,88.999999995501241,2.1455344670922445,-1997.8544655329079,2.1455344670922445,-0.8647654895475676,-0.8647654895475676
30.000000,339.99999998281362,89.999999995450679,2.1349516894776119,-1997.8650483105223,2.1349516894776119,-0.87534826716220016,-0.87534826716220016
30.000000,344.99999998256084,0,-999.99000000000001,-2999.9899999999998,-999.99000000000001,-1003.0002999566398,-1003.0002999566398
30.000000,344.99999998256084,0.99999999994945232,-34.383566057366146,-2034.3835660573661,-34.383566057366146,-37.393866014005958,-37.393866014005958
30.000000,344.99999998256084,1.9999999998989046,-28.362661395492509,-2028.3626613954925,-28.362661395492509,-31.372961352132322,-31.372961352132322
30.000000,344.99999998256084,2.9999999998483573,-24.840331284217825,-2024.8403312842179,-24.840331284217825,-27.850631240857638,-27.850631240857638
30.000000,344.99999998256084,3.9999999997978093,-22.34085591141627,-2022.3408559114164,-22.34085591141627,-25.351155868056082,-25.351155868056082
30.000000,344.99999998256084,4.9999999997472617,-20.401765549389907,-2020.4017655493899,-20.401765549389907,-23.41206550602972,-23.41206550602972
30.000000,344.99999998256084,5.9999999996967137,-18.817069082494438,-2018.8170690824945,-18.817069082494438,-21.827369039134251,-21.827369039134251
30.000000,344.99999998256084,6.9999999996461657,-17.476890071804608,-2017.4768900718045,-17.476890071804608,-20.48719002844442,-20.48719002844442
30.000000,344.99999998256084,7.9999999995956186,-16.315647752827982,-2016.315647752828,-16.315647752827982,-19.325947709467794,-19.325947709467794
30.000000,344.99999998256084,8.9999999995450715,-15.291046994024061,-2015.2910469940241,-15.291046994024061,-18.301346950663874,-18.301346950663874
30.000000,344.99999998256084,9.9999999994945235,-14.374214872112475,-2014.3742148721126,-14.374214872112475,-17.384514828752287,-17.384514828752287
30.000000,344.99999998256084,10.999999999443975,-13.544563461584143,-2013.5445634615842,-13.544563461584143,-16.554863418223956,-16.554863418223956
30.000000,344.99999998256084,11.999999999393427,-12.786897391854431,-2012.7868973918544,-12.786897391854431,-15.797197348494244,-15.797197348494244
30.000000,344.99999998256084,12.999999999342879,-12.089683140982467,-2012.0896831409825,-12.089683140982467,-15.09998309762228,-15.09998309762228
30.000000,344.99999998256084,13.999999999292331,-11.443961532122653,-2011.4439615321226,-11.443961532122653,-14.454261488762466,-14.454261488762466
30.000000,344.99999998256084,14.999999999241785,-10.842636318685297,-2010.8426363186852,-10.842636318685297,-13.85293627532511,-13.85293627532511
30.000000,344.99999998256084,15.999999999191237,-10.279992824813791,-2010.2799928248137,-10.279992824813791,-13.290292781453603,-13.290292781453603
30.000000,344.99999998256084,16.999999999140691,-9.7513627599945565,-2009.7513627599947,-9.7513627599945565,-12.761662716634369,-12.761662716634369
30.000000,344.99999998256084,17.999999999090143,-9.2528849728933373,-2009.2528849728933,-9.2528849728933373,-12.26318492953315,-12.26318492953315
30.000000,344.99999998256084,18.999999999039595,-8.7813309640903192,-2008.7813309640903,-8.7813309640903192,-11.791630920730132,-11.791630920730132
30.000000,344.99999998256084,19.999999998989047,-8.3339751947745597,-2008.3339751947747,-8.3339751947745597,-11.344275151414372,-11.344275151414372
30.000000,344.99999998256084,20.999999998938499,-7.9084970583907399,-2007.9084970583908,-7.9084970583907399,-10.918797015030552,-10.918797015030552
30.000000,344.99999998256084,21.999999998887951,-7.5029056656199984,-2007.5029056656199,-7.5029056656199984,-10.513205622259811,-10.513205622259811
30.000000,344.99999998256084,22.999999998837403,-7.1154813506869585,-2007.1154813506869,-7.1154813506869585,-10.12578130732677,-10.12578130732677
30.000000,344.99999998256084,23.999999998786855,-6.7447296242718018,-2006.7447296242717,-6.7447296242718018,-9.7550295809116143,-9.7550295809116143
30.000000,344.99999998256084,24.999999998736307,-6.3893445212932418,-2006.3893445212932,-6.3893445212932418,-9.3996444779330535,-9.3996444779330535
30.000000,344.99999998256084,25.999999998685759,-6.0481791306006558,-2006.0481791306006,-6.0481791306006558,-9.0584790872404675,-9.0584790872404675
30.000000,344.99999998256084,26.999999998635211,-5.7202216788485218,-2005.7202216788485,-5.7202216788485218,-8.7305216354883335,-8.7305216354883335
30.000000,344.99999998256084,27.999999998584663,-5.4045759556107056,-2005.4045759556107,-5.4045759556107056,-8.4148759122505172,-8.4148759122505172
30.000000,344.99999998256084,28.999999998534115,-5.1004451650186269,-2005.1004451650185,-5.1004451650186269,-8.1107451216584394,-8.1107451216584394
30.000000,344.99999998256084,29.99999999848357,-4.8071185064765674,-2004.8071185064766,-4.8071185064765674,-7.817418463116379,-7.817418463116379
30.000000,344.99999998256084,30.999999998433026,-4.5239599472338989,-2004.5239599472338,-4.5239599472338989,-7.5342599038737106,-7.5342599038737106
30.000000,344.99999998256084,31.999999998382481,-4.2503987690913263,-2004.2503987690914,-4.2503987690913263,-7.2606987257311388,-7.2606987257311388
30.000000,344.99999998256084,32.999999998331937,-3.9859215615762897,-2003.9859215615763,-3.9859215615762897,-6.9962215182161014,-6.9962215182161014
30.000000,344.99999998256084,33.999999998281389,-3.7300654024562903,-2003.7300654024564,-3.7300654024562903,-6.7403653590961028,-6.7403653590961028
30.000000,344.99999998256084,34.999999998230848,-3.4824120190889758,-2003.482412019089,-3.4824120190889758,-6.4927119757287883,-6.4927119757287883
30.000000,344.99999998256084,35.9999999981803,-3.2425827648678611,-2003.2425827648678,-3.2425827648678611,-6.2528827215076728,-6.2528827215076728
30.000000,344.99999998256084,36.999999998129759,-3.0102342768427754,-2003.0102342768428,-3.0102342768427754,-6.0205342334825875,-6.0205342334825875
30.000000,344.99999998256084,37.999999998079211,-2.7850547056206358,-2002.7850547056207,-2.7850547056206358,-5.7953546622604479,-5.7953546622604479
30.000000,344.99999998256084,38.99999999802867,-2.5667604284744745,-2002.5667604284745,-2.5667604284744745,-5.5770603851142866,-5.5770603851142866
30.000000,344.99999998256084,39.999999997978122,-2.3550931723934374,-2002.3550931723935,-2.3550931723934374,-5.3653931290332491,-5.3653931290332491
30.000000,344.99999998256084,40.999999997927581,-2.1498174864865103,-2002.1498174864864,-2.1498174864865103,-5.1601174431263228,-5.1601174431263228
30.000000,344.99999998256084,41.999999997877033,-1.9507185133866456,-2001.9507185133866,-1.9507185133866456,-4.9610184700264579,-4.9610184700264579
30.000000,344.99999998256084,42.999999997826492,-1.7576000176076423,-2001.7576000176077,-1.7576000176076423,-4.7678999742474542,-4.7678999742474542
30.000000,344.99999998256084,43.999999997775944,-1.5702826355829975,-2001.570282635583,-1.5702826355829975,-4.5805825922228092,-4.5805825922228092
30.000000,344.99999998256084,44.999999997725396,-1.3886023176730553,-2001.3886023176731,-1.3886023176730553,-4.3989022743128672,-4.3989022743128672
30.000000,344.99999998256084,45.999999997674855,-1.2124089370062154,-2001.2124089370061,-1.2124089370062154,-4.2227088936460273,-4.2227088936460273
30.000000,344.99999998256084,46.999999997624307,-1.0415650438098734,-2001.0415650438099,-1.0415650438098734,-4.0518650004496859,-4.0518650004496859
30.000000,344.99999998256084,47.999999997573767,-0.87594474703838943,-2000.8759447470384,-0.87594474703838943,-3.8862447036782015,-3.8862447036782015
30.000000,344.99999998256084,48.999999997523219,-0.71543270773595924,-2000.715432707736,-0.71543270773595924,-3.7257326643757711,-3.7257326643757711
30.000000,344.99999998256084,49.999999997472678,-0.55992323077701822,-2000.559923230777,-0.55992323077701822,-3.5702231874168304,-3.5702231874168304
30.000000,344.99999998256084,50.99999999742213,-0.40931944348230337,-2000.4093194434822,-0.40931944348230337,-3.4196194001221154,-3.4196194001221154
30.000000,344.99999998256084,51.999999997371589,-0.26353255117485674,-2000.2635325511749,-0.26353255117485674,-3.2738325078146691,-3.2738325078146691
30.000000,344.99999998256084,52.999999997321041,-0.1224811610678664,-2000.1224811610678,-0.1224811610678664,-3.1327811177076783,-3.1327811177076783
30.000000,344.99999998256084,53.9999999972705,0.013909332995200356,-1999.9860906670049,0.013909332995200356,-2.9963906236446118,-2.9963906236446118
30.000000,344.99999998256084,54.999999997219952,0.14570731146507562,-1999.854292688535,0.14570731146507562,-2.8645926451747363,-2.8645926451747363
30.000000,344.99999998256084,55.999999997169411,0.27297544136892304,-1999.727024558631,0.27297544136892304,-2.7373245152708892,-2.7373245152708892
30.000000,344.99999998256084,56.999999997118863,0.3957711449366183,-1999.6042288550634,0.3957711449366183,-2.614528811703194,-2.614528811703194
30.000000,344.99999998256084,57.999999997068315,0.51414702894883668,-1999.4858529710511,0.51414702894883668,-2.4961529276909755,-2.4961529276909755
30.000000,344.99999998256084,58.999999997017767,0.62815127865962639,-1999.3718487213405,0.62815127865962639,-2.3821486779801857,-2.3821486779801857
30.000000,344.99999998256084,59.999999996967219,0.73782801969144485,-1999.2621719803085,0.73782801969144485,-2.2724719369483672,-2.2724719369483672
30.000000,344.99999998256084,60.999999996916664,0.84321765090638212,-1999.1567823490936,0.84321765090638212,-2.1670823057334299,-2.1670823057334299
30.000000,344.99999998256084,61.999999996866116,0.94435715091389349,-1999.0556428490861,0.94435715091389349,-2.0659428057259186,-2.0659428057259186
30.000000,344.99999998256084,62.999999996815561,1.0412803605761247,-1998.9587196394239,1.0412803605761247,-1.9690195960636874,-1.9690195960636874
30.000000,344.99999998256084,63.999999996765013,1.1340182436101185,-1998.8659817563898,1.1340182436101185,-1.8762817130296936,-1.8762817130296936
30.000000,344.99999998256084,64.999999996714465,1.2225991271566381,-1998.7774008728434,1.2225991271566381,-1.787700829483174,-1.787700829483174
30.000000,344.99999998256084,65.999999996663917,1.3070489239838845,-1998.692951076016,1.3070489239838845,-1.7032510326559276,-1.7032510326559276
30.000000,344.99999998256084,66.999999996613354,1.3873913378166023,-1998.6126086621834,1.3873913378166023,-1.6229086188232098,-1.6229086188232098
30.000000,344.99999998256084,67.999999996562806,1.4636480531244291,-1998.5363519468756,1.4636480531244291,-1.546651903515383,-1.546651903515383
30.000000,344.99999998256084,68.999999996512258,1.5358389105644519,-1998.4641610894355,1.5358389105644519,-1.4744610460753602,-1.4744610460753602
30.000000,344.99999998256084,69.99999999646171,1.6039820691499573,-1998.3960179308501,1.6039820691499573,-1.4063178874898548,-1.4063178874898548
30.000000,344.99999998256084,70.999999996411148,1.6680941561077849,-1998.3319058438922,1.6680941561077849,-1.3422058005320272,-1.3422058005320272
30.000000,344.99999998256084,71.9999999963606,1.7281904052891817,-1998.2718095947109,1.7281904052891817,-1.2821095513506304,-1.2821095513506304
30.000000,344.99999998256084,72.999999996310052,1.784284784911832,-1998.2157152150883,1.784284784911832,-1.2260151717279801,-1.2260151717279801
30.000000,344.99999998256084,73.999999996259504,1.8363901153325175,-1998.1636098846675,1.8363901153325175,-1.1739098413072946,-1.1739098413072946
30.000000,344.99999998256084,74.999999996208956,1.8845181774798145,-1998.1154818225202,1.8845181774798145,-1.1257817791599976,-1.1257817791599976
30.000000,344.99999998256084,75.999999996158394,1.928679812512798,-1998.0713201874871,1.928679812512798,-1.0816201441270141,-1.0816201441270141
30.000000,344.99999998256084,76.999999996107846,1.9688850132147218,-1998.0311149867853,1.9688850132147218,-1.0414149434250903,-1.0414149434250903
30.000000,344.99999998256084,77.999999996057298,2.0051430075787069,-1997.9948569924213,2.0051430075787069,-1.0051569490611052,-1.0051569490611052
30.000000,344.99999998256084,78.99999999600675,2.0374623349954408,-1997.9625376650044,2.0374623349954408,-0.97283762164437126,-0.97283762164437126
30.000000,344.99999998256084,79.999999995956202,2.0658509154098921,-1997.9341490845902,2.0658509154098921,-0.94444904122992002,-0.94444904122992002
30.000000,344.99999998256084,80.99999999590564,2.0903161117744702,-1997.9096838882256,2.0903161117744702,-0.9199838448653419,-0.9199838448653419
30.000000,344.99999998256084,81.999999995855092,2.1108647860901,-1997.8891352139099,2.1108647860901,-0.89943517054971212,-0.89943517054971212
30.000000,344.99999998256084,82.999999995804544,2.1275033492929181,-1997.872496650707,2.1275033492929181,-0.88279660734689402,-0.88279660734689402
30.000000,344.99999998256084,83.999999995753996,2.1402378052133133,-1997.8597621947868,2.1402378052133133,-0.87006215142649879,-0.87006215142649879
30.000000,344.99999998256084,84.999999995703433,2.1490737888050218,-1997.850926211195,2.1490737888050218,-0.86122616783479033,-0.86122616783479033
30.000000,344.99999998256084,85.999999995652885,2.154016598814648,-1997.8459834011853,2.154016598814648,-0.85628335782516407,-0.85628335782516407
30.000000,344.99999998256084,86.999999995602337,2.1550712250363242,-1997.8449287749636,2.1550712250363242,-0.85522873160348789,-0.85522873160348789
30.000000,344.99999998256084,87.999999995551789,2.1522423702717224,-1997.8477576297282,2.1522423702717224,-0.85805758636808971,-0.85805758636808971
30.000000,344.99999998256084,88.999999995501241,2.1455344670922445,-1997.8544655329079,2.1455344670922445,-0.8647654895475676,-0.8647654895475676
30.000000,344.99999998256084,89.999999995450679,2.1349516894776119,-1997.8650483105223,2.1349516894776119,-0.87534826716220016,-0.87534826716220016
30.000000,349.99999998230811,0,-999.99000000000001,-2999.9899999999998,-999.99000000000001,-1003.0002999566398,-1003.0002999566398
30.000000,349.99999998230811,0.99999999994945232,-34.383566057366146,-2034.3835660573661,-34.383566057366146,-37.393866014005958,-37.393866014005958
30.000000,349.99999998230811,1.9999999998989046,-28.362661395492509,-2028.3626613954925,-28.362661395492509,-31.372961352132322,-31.372961352132322
30.000000,349.99999998230811,2.9999999998483573,-24.840331284217825,-2024.8403312842179,-24.840331284217825,-27.850631240857638,-27.850631240857638
30.000000,349.99999998230811,3.9999999997978093,-22.34085591141627,-2022.3408559114164,-22.34085591141627,-25.351155868056082,-25.351155868056082
30.000000,349.99999998230811,4.9999999997472617,-20.401765549389907,-2020.4017655493899,-20.401765549389907,-23.41206550602972,-23.41206550602972
30.000000,349.99999998230811,5.9999999996967137,-18.817069082494438,-2018.8170690824945,-18.817069082494438,-21.827369039134251,-21.827369039134251
30.000000,349.99999998230811,6.9999999996461657,-17.476890071804608,-2017.4768900718045,-17.476890071804608,-20.48719002844442,-20.48719002844442
30.000000,349.99999998230811,7.9999999995956186,-16.315647752827982,-2016.315647752828,-16.315647752827982,-19.325947709467794,-19.325947709467794
30.000000,349.99999998230811,8.9999999995450715,-15.291046994024061,-2015.2910469940241,-15.291046994024061,-18.301346950663874,-18.301346950663874
30.000000,349.99999998230811,9.9999999994945235,-14.374214872112475,-2014.3742148721126,-14.374214872112475,-17.384514828752287,-17.384514828752287
30.000000,349.99999998230811,10.999999999443975,-13.544563461584143,-2013.5445634615842,-13.544563461584143,-16.554863418223956,-16.554863418223956
30.000000,349.99999998230811,11.999999999393427,-12.786897391854431,-2012.7868973918544,-12.786897391854431,-15.797197348494244,-15.797197348494244
30.000000,349.99999998230811,12.999999999342879,-12.089683140982467,-2012.0896831409825,-12.089683140982467,-15.09998309762228,-15.09998309762228
30.000000,349.99999998230811,13.999999999292331,-11.443961532122653,-2011.4439615321226,-11.443961532122653,-14.454261488762466,-14.454261488762466
30.000000,349.99999998230811,14.999999999241785,-10.842636318685297,-2010.8426363186852,-10.842636318685297,-13.85293627532511,-13.85293627532511
30.000000,349.99999998230811,15.999999999191237,-10.279992824813791,-2010.2799928248137,-10.279992824813791,-13.290292781453603,-13.290292781453603
30.000000,349.99999998230811,16.999999999140691,-9.7513627599945565,-2009.7513627599947,-9.7513627599945565,-12.761662716634369,-12.761662716634369
30.000000,349.99999998230811,17.999999999090143,-9.2528849728933373,-2009.2528849728933,-9.2528849728933373,-12.26318492953315,-12.26318492953315
30.000000,349.99999998230811,18.999999999039595,-8.7813309640903192,-2008.7813309640903,-8.7813309640903192,-11.791630920730132,-11.791630920730132
30.000000,349.99999998230811,19.999999998989047,-8.3339751947745597,-2008.3339751947747,-8.3339751947745597,-11.344275151414372,-11.344275151414372
30.000000,349.99999998230811,20.999999998938499,-7.9084970583907399,-2007.9084970583908,-7.9084970583907399,-10.918797015030552,-10.918797015030552
30.000000,349.99999998230811,21.999999998887951,-7.5029056656199984,-2007.5029056656199,-7.5029056656199984,-10.513205622259811,-10.513205622259811
30.000000,349.99999998230811,22.999999998837403,-7.1154813506869585,-2007.1154813506869,-7.1154813506869585,-10.12578130732677,-10.12578130732677
30.000000,349.99999998230811,23.999999998786855,-6.7447296242718018,-2006.7447296242717,-6.7447296242718018,-9.7550295809116143,-9.7550295809116143
30.000000,349.99999998230811,24.999999998736307,-6.3893445212932418,-2006.3893445212932,-6.3893445212932418,-9.3996444779330535,-9.3996444779330535
30.000000,349.99999998230811,25.999999998685759,-6.0481791306006558,-2006.0481791306006,-6.0481791306006558,-9.0584790872404675,-9.0584790872404675
30.000000,349.99999998230811,26.999999998635211,-5.7202216788485218,-2005.7202216788485,-5.7202216788485218,-8.7305216354883335,-8.7305216354883335
30.000000,349.99999998230811,27.999999998584663,-5.4045759556107056,-2005.4045759556107,-5.4045759556107056,-8.4148759122505172,-8.4148759122505172
30.000000,349.99999998230811,28.999999998534115,-5.1004451650186269,-2005.1004451650185,-5.1004451650186269,-8.1107451216584394,-8.1107451216584394
30.000000,349.99999998230811,29.99999999848357,-4.8071185064765674,-2004.8071185064766,-4.8071185064765674,-7.817418463116379,-7.817418463116379
30.000000,349.99999998230811,30.999999998433026,-4.5239599472338989,-2004.5239599472338,-4.5239599472338989,-7.5342599038737106,-7.5342599038737106
30.000000,349.99999998230811,31.999999998382481,-4.2503987690913263,-2004.2503987690914,-4.2503987690913263,-7.2606987257311388,-7.2606987257311388
30.000000,349.99999998230811,32.999999998331937,-3.9859215615762897,-2003.9859215615763,-3.9859215615762897,-6.9962215182161014,-6.9962215182161014
30.000000,349.99999998230811,33.999999998281389,-3.7300654024562903,-2003.7300654024564,-3.7300654024562903,-6.7403653590961028,-6.7403653590961028
30.000000,349.99999998230811,34.999999998230848,-3.4824120190889758,-2003.482412019089,-3.4824120190889758,-6.4927119757287883,-6.4927119757287883
30.000000,349.99999998230811,35.9999999981803,-3.2425827648678611,-2003.2425827648678,-3.2425827648678611,-6.2528827215076728,-6.2528827215076728
30.000000,349.99999998230811,36.999999998129759,-3.0102342768427754,-2003.0102342768428,-3.0102342768427754,-6.0205342334825875,-6.0205342334825875
30.000000,349.99999998230811,37.999999998079211,-2.7850547056206358,-2002.7850547056207,-2.7850547056206358,-5.7953546622604479,-5.7953546622604479
30.000000,349.99999998230811,38.99999999802867,-2.5667604284744745,-2002.5667604284745,-2.5667604284744745,-5.5770603851142866,-5.5770603851142866
30.000000,349.99999998230811,39.999999997978122,-2.3550931723934374,-2002.3550931723935,-2.3550931723934374,-5.3653931290332491,-5.3653931290332491
30.000000,349.99999998230811,40.999999997927581,-2.1498174864865103,-2002.1498174864864,-2.1498174864865103,-5.1601174431263228,-5.1601174431263228
30.000000,349.99999998230811,41.999999997877033,-1.9507185133866456,-2001.9507185133866,-1.9507185133866456,-4.9610184700264579,-4.9610184700264579
30.000000,349.99999998230811,42.999999997826492,-1.7576000176076423,-2001.7576000176077,-1.7576000176076423,-4.7678999742474542,-4.7678999742474542
30.000000,349.99999998230811,43.999999997775944,-1.5702826355829975,-2001.570282635583,-1.5702826355829975,-4.5805825922228092,-4.5805825922228092
30.000000,349.99999998230811,44.999999997725396,-1.3886023176730553,-2001.3886023176731,-1.3886023176730553,-4.3989022743128672,-4.3989022743128672
30.000000,349.99999998230811,45.999999997674855,-1.2124089370062154,-2001.2124089370061,-1.2124089370062154,-4.2227088936460273,-4.2227088936460273
30.000000,349.99999998230811,46.999999997624307,-1.0415650438098734,-2001.0415650438099,-1.0415650438098734,-4.0518650004496859,-4.0518650004496859
30.000000,349.99999998230811,47.999999997573767,-0.87594474703838943,-2000.8759447470384,-0.87594474703838943,-3.8862447036782015,-3.8862447036782015
30.000000,349.99999998230811,48.999999997523219,-0.71543270773595924,-2000.715432707736,-0.71543270773595924,-3.7257326643757711,-3.7257326643757711
30.000000,349.99999998230811,49.999999997472678,-0.55992323077701822,-2000.559923230777,-0.55992323077701822,-3.5702231874168304,-3.5702231874168304
30.000000,349.99999998230811,50.99999999742213,-0.40931944348230337,-2000.4093194434822,-0.40931944348230337,-3.4196194001221154,-3.4196194001221154
30.000000,349.99999998230811,51.999999997371589,-0.26353255117485674,-2000.2635325511749,-0.26353255117485674,-3.2738325078146691,-3.2738325078146691
30.000000,349.99999998230811,52.999999997321041,-0.1224811610678664,-2000.1224811610678,-0.1224811610678664,-3.1327811177076783,-3.1327811177076783
30.000000,349.99999998230811,53.9999999972705,0.013909332995200356,-1999.9860906670049,0.013909332995200356,-2.9963906236446118,-2.9963906236446118
30.000000,349.99999998230811,54.999999997219952,0.14570731146507562,-1999.854292688535,0.14570731146507562,-2.8645926451747363,-2.8645926451747363
30.000000,349.99999998230811,55.999999997169411,0.27297544136892304,-1999.727024558631,0.27297544136892304,-2.7373245152708892,-2.7373245152708892
30.000000,349.99999998230811,56.999999997118863,0.3957711449366183,-1999.6042288550634,0.3957711449366183,-2.614528811703194,-2.614528811703194
30.000000,349.99999998230811,57.999999997068315,0.51414702894883668,-1999.4858529710511,0.51414702894883668,-2.4961529276909755,-2.4961529276909755
30.000000,349.99999998230811,58.999999997017767,0.62815127865962639,-1999.3718487213405,0.62815127865962639,-2.3821486779801857,-2.3821486779801857
30.000000,349.99999998230811,59.999999996967219,0.73782801969144485,-1999.2621719803085,0.73782801969144485,-2.2724719369483672,-2.2724719369483672
30.000000,349.99999998230811,60.999999996916664,0.84321765090638212,-1999.1567823490936,0.84321765090638212,-2.1670823057334299,-2.1670823057334299
30.000000,349.99999998230811,61.999999996866116,0.94435715091389349,-1999.0556428490861,0.94435715091389349,-2.0659428057259186,-2.0659428057259186
30.000000,349.99999998230811,62.999999996815561,1.0412803605761247,-1998.9587196394239,1.0412803605761247,-1.9690195960636874,-1.9690195960636874
30.000000,349.99999998230811,63.999999996765013,1.1340182436101185,-1998.8659817563898,1.1340182436101185,-1.8762817130296936,-1.8762817130296936
30.000000,349.99999998230811,64.999999996714465,1.2225991271566381,-1998.7774008728434,1.2225991271566381,-1.787700829483174,-1.787700829483174
30.000000,349.99999998230811,65.999999996663917,1.3070489239838845,-1998.692951076016,1.3070489239838845,-1.7032510326559276,-1.7032510326559276
30.000000,349.99999998230811,66.999999996613354,1.3873913378166023,-1998.6126086621834,1.3873913378166023,-1.6229086188232098,-1.6229086188232098
30.000000,349.99999998230811,67.999999996562806,1.4636480531244291,-1998.5363519468756,1.4636480531244291,-1.546651903515383,-1.546651903515383
30.000000,349.99999998230811,68.999999996512258,1.5358389105644519,-1998.4641610894355,1.5358389105644519,-1.4744610460753602,-1.4744610460753602
30.000000,349.99999998230811,69.99999999646171,1.6039820691499573,-1998.3960179308501,1.6039820691499573,-1.4063178874898548,-1.4063178874898548
30.000000,349.99999998230811,70.999999996411148,1.6680941561077849,-1998.3319058438922,1.6680941561077849,-1.3422058005320272,-1.3422058005320272
30.000000,349.99999998230811,71.9999999963606,1.7281904052891817,-1998.2718095947109,1.7281904052891817,-1.2821095513506304,-1.2821095513506304
30.000000,349.99999998230811,72.999999996310052,1.784284784911832,-1998.2157152150883,1.784284784911832,-1.2260151717279801,-1.2260151717279801
30.000000,349.99999998230811,73.999999996259504,1.8363901153325175,-1998.1636098846675,1.8363901153325175,-1.1739098413072946,-1.1739098413072946
30.000000,349.99999998230811,74.999999996208956,1.8845181774798145,-1998.1154818225202,1.8845181774798145,-1.1257817791599976,-1.1257817791599976
30.000000,349.99999998230811,75.999999996158394,1.928679812512798,-1998.0713201874871,1.928679812512798,-1.0816201441270141,-1.0816201441270141
30.000000,349.99999998230811,76.999999996107846,1.9688850132147218,-1998.0311149867853,1.9688850132147218,-1.0414149434250903,-1.0414149434250903
30.000000,349.99999998230811,77.999999996057298,2.0051430075787069,-1997.9948569924213,2.0051430075787069,-1.0051569490611052,-1.0051569490611052
30.000000,349.99999998230811,78.99999999600675,2.0374623349954408,-1997.9625376650044,2.0374623349954408,-0.97283762164437126,-0.97283762164437126
30.000000,349.99999998230811,79.999999995956202,2.0658509154098921,-1997.9341490845902,2.0658509154098921,-0.94444904122992002,-0.94444904122992002
30.000000,349.99999998230811,80.99999999590564,2.0903161117744702,-1997.9096838882256,2.0903161117744702,-0.9199838448653419,-0.9199838448653419
30.000000,349.99999998230811,81.999999995855092,2.1108647860901,-1997.8891352139099,2.1108647860901,-0.89943517054971212,-0.89943517054971212
30.000000,349.99999998230811,82.999999995804544,2.1275033492929181,-1997.872496650707,2.1275033492929181,-0.88279660734689402,-0.88279660734689402
30.000000,349.99999998230811,83.999999995753996,2.1402378052133133,-1997.8597621947868,2.1402378052133133,-0.87006215142649879,-0.87006215142649879
30.000000,349.99999998230811,84.999999995703433,2.1490737888050218,-1997.850926211195,2.1490737888050218,-0.86122616783479033,-0.86122616783479033
30.000000,349.99999998230811,85.999999995652885,2.154016598814648,-1997.8459834011853,2.154016598814648,-0.85628335782516407,-0.85628335782516407
30.000000,349.99999998230811,86.999999995602337,2.1550712250363242,-1997.8449287749636,2.1550712250363242,-0.85522873160348789,-0.85522873160348789
30.000000,349.99999998230811,87.999999995551789,2.1522423702717224,-1997.8477576297282,2.1522423702717224,-0.85805758636808971,-0.85805758636808971
30.000000,349.99999998230811,88.999999995501241,2.1455344670922445,-1997.8544655329079,2.1455344670922445,-0.8647654895475676,-0.8647654895475676
30.000000,349.99999998230811,89.999999995450679,2.1349516894776119,-1997.8650483105223,2.1349516894776119,-0.87534826716220016,-0.87534826716220016
30.000000,354.99999998205533,0,-999.99000000000001,-2999.9899999999998,-999.99000000000001,-1003.0002999566398,-1003.0002999566398
30.000000,354.99999998205533,0.99999999994945232,-34.383566057366146,-2034.3835660573661,-34.383566057366146,-37.393866014005958,-37.393866014005958
30.000000,354.99999998205533,1.9999999998989046,-28.362661395492509,-2028.3626613954925,-28.362661395492509,-31.372961352132322,-31.372961352132322
30.000000,354.99999998205533,2.9999999998483573,-24.840331284217825,-2024.8403312842179,-24.840331284217825,-27.850631240857638,-27.850631240857638
30.000000,354.99999998205533,3.9999999997978093,-22.34085591141627,-2022.3408559114164,-22.34085591141627,-25.351155868056082,-25.351155868056082
30.000000,354.99999998205533,4.9999999997472617,-20.401765549389907,-2020.4017655493899,-20.401765549389907,-23.41206550602972,-23.41206550602972
30.000000,354.99999998205533,5.9999999996967137,-18.817069082494438,-2018.8170690824945,-18.817069082494438,-21.827369039134251,-21.827369039134251
30.000000,354.99999998205533,6.9999999996461657,-17.476890071804608,-2017.4768900718045,-17.476890071804608,-20.48719002844442,-20.48719002844442
30.000000,354.99999998205533,7.9999999995956186,-16.315647752827982,-2016.315647752828,-16.315647752827982,-19.325947709467794,-19.325947709467794
30.000000,354.99999998205533,8.9999999995450715,-15.291046994024061,-2015.2910469940241,-15.291046994024061,-18.301346950663874,-18.301346950663874
30.000000,354.99999998205533,9.9999999994945235,-14.374214872112475,-2014.3742148721126,-14.374214872112475,-17.384514828752287,-17.384514828752287
30.000000,354.99999998205533,10.999999999443975,-13.544563461584143,-2013.5445634615842,-13.544563461584143,-16.554863418223956,-16.554863418223956
30.000000,354.99999998205533,11.999999999393427,-12.786897391854431,-2012.7868973918544,-12.786897391854431,-15.797197348494244,-15.797197348494244
30.000000,354.99999998205533,12.999999999342879,-12.089683140982467,-2012.0896831409825,-12.089683140982467,-15.09998309762228,-15.09998309762228
30.000000,354.99999998205533,13.999999999292331,-11.443961532122653,-2011.4439615321226,-11.443961532122653,-14.454261488762466,-14.454261488762466
30.000000,354.99999998205533,14.999999999241785,-10.842636318685297,-2010.8426363186852,-10.842636318685297,-13.85293627532511,-13.85293627532511
30.000000,354.99999998205533,15.999999999191237,-10.279992824813791,-2010.2799928248137,-10.279992824813791,-13.290292781453603,-13.290292781453603
30.000000,354.99999998205533,16.999999999140691,-9.7513627599945565,-2009.7513627599947,-9.7513627599945565,-12.761662716634369,-12.761662716634369
30.000000,354.99999998205533,17.999999999090143,-9.2528849728933373,-2009.2528849728933,-9.2528849728933373,-12.26318492953315,-12.26318492953315
30.000000,354.99999998205533,18.999999999039595,-8.7813309640903192,-2008.7813309640903,-8.7813309640903192,-11.791630920730132,-11.791630920730132
30.000000,354.99999998205533,19.999999998989047,-8.3339751947745597,-2008.3339751947747,-8.3339751947745597,-11.344275151414372,-11.344275151414372
30.000000,354.99999998205533,20.999999998938499,-7.9084970583907399,-2007.9084970583908,-7.9084970583907399,-10.918797015030552,-10.918797015030552
30.000000,354.99999998205533,21.999999998887951,-7.5029056656199984,-2007.5029056656199,-7.5029056656199984,-10.513205622259811,-10.513205622259811
30.000000,354.99999998205533,22.999999998837403,-7.1154813506869585,-2007.1154813506869,-7.1154813506869585,-10.12578130732677,-10.12578130732677
30.000000,354.99999998205533,23.999999998786855,-6.7447296242718018,-2006.7447296242717,-6.7447296242718018,-9.7550295809116143,-9.7550295809116143
30.000000,354.99999998205533,24.999999998736307,-6.3893445212932418,-2006.3893445212932,-6.3893445212932418,-9.3996444779330535,-9.3996444779330535
30.000000,354.99999998205533,25.999999998685759,-6.0481791306006558,-2006.0481791306006,-6.0481791306006558,-9.0584790872404675,-9.0584790872404675
30.000000,354.99999998205533,26.999999998635211,-5.7202216788485218,-2005.7202216788485,-5.7202216788485218,-8.7305216354883335,-8.7305216354883335
30.000000,354.99999998205533,27.999999998584663,-5.4045759556107056,-2005.4045759556107,-5.4045759556107056,-8.4148759122505172,-8.4148759122505172
30.000000,354.99999998205533,28.999999998534115,-5.1004451650186269,-2005.1004451650185,-5.1004451650186269,-8.1107451216584394,-8.1107451216584394
30.000000,354.99999998205533,29.99999999848357,-4.8071185064765674,-2004.8071185064766,-4.8071185064765674,-7.817418463116379,-7.817418463116379
30.000000,354.99999998205533,30.999999998433026,-4.5239599472338989,-2004.5239599472338,-4.5239599472338989,-7.5342599038737106,-7.5342599038737106
30.000000,354.99999998205533,31.999999998382481,-4.2503987690913263,-2004.2503987690914,-4.2503987690913263,-7.2606987257311388,-7.2606987257311388
30.000000,354.99999998205533,32.999999998331937,-3.9859215615762897,-2003.9859215615763,-3.9859215615762897,-6.9962215182161014,-6.9962215182161014
30.000000,354.99999998205533,33.999999998281389,-3.7300654024562903,-2003.7300654024564,-3.7300654024562903,-6.7403653590961028,-6.7403653590961028
30.000000,354.99999998205533,34.999999998230848,-3.4824120190889758,-2003.482412019089,-3.4824120190889758,-6.4927119757287883,-6.4927119757287883
30.000000,354.99999998205533,35.9999999981803,-3.2425827648678611,-2003.2425827648678,-3.2425827648678611,-6.2528827215076728,-6.2528827215076728
30.000000,354.99999998205533,36.999999998129759,-3.0102342768427754,-2003.0102342768428,-3.0102342768427754,-6.0205342334825875,-6.0205342334825875
30.000000,354.99999998205533,37.999999998079211,-2.7850547056206358,-2002.7850547056207,-2.7850547056206358,-5.7953546622604479,-5.7953546622604479
30.000000,354.99999998205533,38.99999999802867,-2.5667604284744745,-2002.5667604284745,-2.5667604284744745,-5.5770603851142866,-5.5770603851142866
30.000000,354.99999998205533,39.999999997978122,-2.3550931723934374,-2002.3550931723935,-2.3550931723934374,-5.3653931290332491,-5.3653931290332491
30.000000,354.99999998205533,40.999999997927581,-2.1498174864865103,-2002.1498174864864,-2.1498174864865103,-5.1601174431263228,-5.1601174431263228
30.000000,354.99999998205533,41.999999997877033,-1.9507185133866456,-2001.9507185133866,-1.9507185133866456,-4.9610184700264579,-4.9610184700264579
30.000000,354.99999998205533,42.999999997826492,-1.7576000176076423,-2001.7576000176077,-1.7576000176076423,-4.7678999742474542,-4.7678999742474542
30.000000,354.99999998205533,43.999999997775944,-1.5702826355829975,-2001.570282635583,-1.5702826355829975,-4.5805825922228092,-4.5805825922228092
30.000000,354.99999998205533,44.999999997725396,-1.3886023176730553,-2001.3886023176731,-1.3886023176730553,-4.3989022743128672,-4.3989022743128672
30.000000,354.99999998205533,45.999999997674855,-1.2124089370062154,-2001.2124089370061,-1.2124089370062154,-4.2227088936460273,-4.2227088936460273
30.000000,354.99999998205533,46.999999997624307,-1.0415650438098734,-2001.0415650438099,-1.0415650438098734,-4.0518650004496859,-4.0518650004496859
30.000000,354.99999998205533,47.999999997573767,-0.87594474703838943,-2000.8759447470384,-0.87594474703838943,-3.8862447036782015,-3.8862447036782015
30.000000,354.99999998205533,48.999999997523219,-0.71543270773595924,-2000.715432707736,-0.71543270773595924,-3.7257326643757711,-3.7257326643757711
30.000000,354.99999998205533,49.999999997472678,-0.55992323077701822,-2000.559923230777,-0.55992323077701822,-3.5702231874168304,-3.5702231874168304
30.000000,354.99999998205533,50.99999999742213,-0.40931944348230337,-2000.4093194434822,-0.40931944348230337,-3.4196194001221154,-3.4196194001221154
30.000000,354.99999998205533,51.999999997371589,-0.26353255117485674,-2000.2635325511749,-0.26353255117485674,-3.2738325078146691,-3.2738325078146691
30.000000,354.99999998205533,52.999999997321041,-0.1224811610678664,-2000.1224811610678,-0.1224811610678664,-3.1327811177076783,-3.1327811177076783
30.000000,354.99999998205533,53.9999999972705,0.013909332995200356,-1999.9860906670049,0.013909332995200356,-2.9963906236446118,-2.9963906236446118
30.000000,354.99999998205533,54.999999997219952,0.14570731146507562,-1999.854292688535,0.14570731146507562,-2.8645926451747363,-2.8645926451747363
30.000000,354.99999998205533,55.999999997169411,0.27297544136892304,-1999.727024558631,0.27297544136892304,-2.7373245152708892,-2.7373245152708892
30.000000,354.99999998205533,56.999999997118863,0.3957711449366183,-1999.6042288550634,0.3957711449366183,-2.614528811703194,-2.614528811703194
30.000000,354.99999998205533,57.999999997068315,0.51414702894883668,-1999.4858529710511,0.51414702894883668,-2.4961529276909755,-2.4961529276909755
30.000000,354.99999998205533,58.999999997017767,0.62815127865962639,-1999.3718487213405,0.62815127865962639,-2.3821486779801857,-2.3821486779801857
30.000000,354.99999998205533,59.999999996967219,0.73782801969144485,-1999.2621719803085,0.73782801969144485,-2.2724719369483672,-2.2724719369483672
30.000000,354.99999998205533,60.999999996916664,0.84321765090638212,-1999.1567823490936,0.84321765090638212,-2.1670823057334299,-2.1670823057334299
30.000000,354.99999998205533,61.999999996866116,0.94435715091389349,-1999.0556428490861,0.94435715091389349,-2.0659428057259186,-2.0659428057259186
30.000000,354.99999998205533,62.999999996815561,1.0412803605761247,-1998.9587196394239,1.0412803605761247,-1.9690195960636874,-1.9690195960636874
30.000000,354.99999998205533,63.999999996765013,1.1340182436101185,-1998.8659817563898,1.1340182436101185,-1.8762817130296936,-1.8762817130296936
30.000000,354.99999998205533,64.999999996714465,1.2225991271566381,-1998.7774008728434,1.2225991271566381,-1.787700829483174,-1.787700829483174
30.000000,354.99999998205533,65.999999996663917,1.3070489239838845,-1998.692951076016,1.3070489239838845,-1.7032510326559276,-1.7032510326559276
30.000000,354.99999998205533,66.999999996613354,1.3873913378166023,-1998.6126086621834,1.3873913378166023,-1.6229086188232098,-1.6229086188232098
30.000000,354.99999998205533,67.999999996562806,1.4636480531244291,-1998.5363519468756,1.4636480531244291,-1.546651903515383,-1.546651903515383
30.000000,354.99999998205533,68.999999996512258,1.5358389105644519,-1998.4641610894355,1.5358389105644519,-1.4744610460753602,-1.4744610460753602
30.000000,354.99999998205533,69.99999999646171,1.6039820691499573,-1998.3960179308501,1.6039820691499573,-1.4063178874898548,-1.4063178874898548
30.000000,354.99999998205533,70.999999996411148,1.6680941561077849,-1998.3319058438922,1.6680941561077849,-1.3422058005320272,-1.3422058005320272
30.000000,354.99999998205533,71.9999999963606,1.7281904052891817,-1998.2718095947109,1.7281904052891817,-1.2821095513506304,-1.2821095513506304
30.000000,354.99999998205533,72.999999996310052,1.784284784911832,-1998.2157152150883,1.784284784911832,-1.2260151717279801,-1.2260151717279801
30.000000,354.99999998205533,73.999999996259504,1.8363901153325175,-1998.1636098846675,1.8363901153325175,-1.1739098413072946,-1.1739098413072946
30.000000,354.99999998205533,74.999999996208956,1.8845181774798145,-1998.1154818225202,1.8845181774798145,-1.1257817791599976,-1.1257817791599976
30.000000,354.99999998205533,75.999999996158394,1.928679812512798,-1998.0713201874871,1.928679812512798,-1.0816201441270141,-1.0816201441270141
30.000000,354.99999998205533,76.999999996107846,1.9688850132147218,-1998.0311149867853,1.9688850132147218,-1.0414149434250903,-1.0414149434250903
30.000000,354.99999998205533,77.999999996057298,2.0051430075787069,-1997.9948569924213,2.0051430075787069,-1.0051569490611052,-1.0051569490611052
30.000000,354.99999998205533,78.99999999600675,2.0374623349954408,-1997.9625376650044,2.0374623349954408,-0.97283762164437126,-0.97283762164437126
30.000000,354.99999998205533,79.999999995956202,2.0658509154098921,-1997.9341490845902,2.0658509154098921,-0.94444904122992002,-0.94444904122992002
30.000000,354.99999998205533,80.99999999590564,2.0903161117744702,-1997.9096838882256,2.0903161117744702,-0.9199838448653419,-0.9199838448653419
30.000000,354.99999998205533,81.999999995855092,2.1108647860901,-1997.8891352139099,2.1108647860901,-0.89943517054971212,-0.89943517054971212
30.000000,354.99999998205533,82.999999995804544,2.1275033492929181,-1997.872496650707,2.1275033492929181,-0.88279660734689402,-0.88279660734689402
30.000000,354.99999998205533,83.999999995753996,2.1402378052133133,-1997.8597621947868,2.1402378052133133,-0.87006215142649879,-0.87006215142649879
30.000000,354.99999998205533,84.999999995703433,2.1490737888050218,-1997.850926211195,2.1490737888050218,-0.86122616783479033,-0.86122616783479033
30.000000,354.99999998205533,85.999999995652885,2.154016598814648,-1997.8459834011853,2.154016598814648,-0.85628335782516407,-0.85628335782516407
30.000000,354.99999998205533,86.999999995602337,2.1550712250363242,-1997.8449287749636,2.1550712250363242,-0.85522873160348789,-0.85522873160348789
30.000000,354.99999998205533,87.999999995551789,2.1522423702717224,-1997.8477576297282,2.1522423702717224,-0.85805758636808971,-0.85805758636808971
30.000000,354.99999998205533,88.999999995501241,2.1455344670922445,-1997.8544655329079,2.1455344670922445,-0.8647654895475676,-0.8647654895475676
30.000000,354.99999998205533,89.999999995450679,2.1349516894776119,-1997.8650483105223,2.1349516894776119,-0.87534826716220016,-0.87534826716220016
30.000000,359.9999999818026,0,-999.99000000000001,-2999.9899999999998,-999.99000000000001,-1003.0002999566398,-1003.0002999566398
30.000000,359.9999999818026,0.99999999994945232,-34.383566057366146,-2034.3835660573661,-34.383566057366146,-37.393866014005958,-37.393866014005958
30.000000,359.9999999818026,1.9999999998989046,-28.362661395492509,-2028.3626613954925,-28.362661395492509,-31.372961352132322,-31.372961352132322
30.000000,359.9999999818026,2.9999999998483573,-24.840331284217825,-2024.8403312842179,-24.840331284217825,-27.850631240857638,-27.850631240857638
30.000000,359.9999999818026,3.9999999997978093,-22.34085591141627,-2022.3408559114164,-22.34085591141627,-25.351155868056082,-25.351155868056082
30.000000,359.9999999818026,4.9999999997472617,-20.401765549389907,-2020.4017655493899,-20.401765549389907,-23.41206550602972,-23.41206550602972
30.000000,359.9999999818026,5.9999999996967137,-18.817069082494438,-2018.8170690824945,-18.817069082494438,-21.827369039134251,-21.827369039134251
30.000000,359.9999999818026,6.9999999996461657,-17.476890071804608,-2017.4768900718045,-17.476890071804608,-20.48719002844442,-20.48719002844442
30.000000,359.9999999818026,7.9999999995956186,-16.315647752827982,-2016.315647752828,-16.315647752827982,-19.325947709467794,-19.325947709467794
30.000000,359.9999999818026,8.9999999995450715,-15.291046994024061,-2015.2910469940241,-15.291046994024061,-18.301346950663874,-18.301346950663874
30.000000,359.9999999818026,9.9999999994945235,-14.374214872112475,-2014.3742148721126,-14.374214872112475,-17.384514828752287,-17.384514828752287
30.000000,359.9999999818026,10.999999999443975,-13.544563461584143,-2013.5445634615842,-13.544563461584143,-16.554863418223956,-16.554863418223956
30.000000,359.9999999818026,11.999999999393427,-12.786897391854431,-2012.7868973918544,-12.786897391854431,-15.797197348494244,-15.797197348494244
30.000000,359.9999999818026,12.999999999342879,-12.089683140982467,-2012.0896831409825,-12.089683140982467,-15.09998309762228,-15.09998309762228
30.000000,359.9999999818026,13.999999999292331,-11.443961532122653,-2011.4439615321226,-11.443961532122653,-14.454261488762466,-14.454261488762466
30.000000,359.9999999818026,14.999999999241785,-10.842636318685297,-2010.8426363186852,-10.842636318685297,-13.85293627532511,-13.85293627532511
30.000000,359.9999999818026,15.999999999191237,-10.279992824813791,-2010.2799928248137,-10.279992824813791,-13.290292781453603,-13.290292781453603
30.000000,359.9999999818026,16.999999999140691,-9.7513627599945565,-2009.7513627599947,-9.7513627599945565,-12.761662716634369,-12.761662716634369
30.000000,359.9999999818026,17.999999999090143,-9.2528849728933373,-2009.2528849728933,-9.2528849728933373,-12.26318492953315,-12.26318492953315
30.000000,359.9999999818026,18.999999999039595,-8.7813309640903192,-2008.7813309640903,-8.7813309640903192,-11.791630920730132,-11.791630920730132
30.000000,359.9999999818026,19.999999998989047,-8.3339751947745597,-2008.3339751947747,-8.3339751947745597,-11.344275151414372,-11.344275151414372
30.000000,359.9999999818026,20.999999998938499,-7.9084970583907399,-2007.9084970583908,-7.9084970583907399,-10.918797015030552,-10.918797015030552
30.000000,359.9999999818026,21.999999998887951,-7.5029056656199984,-2007.5029056656199,-7.5029056656199984,-10.513205622259811,-10.513205622259811
30.000000,359.9999999818026,22.999999998837403,-7.1154813506869585,-2007.1154813506869,-7.1154813506869585,-10.12578130732677,-10.12578130732677
30.000000,359.9999999818026,23.999999998786855,-6.7447296242718018,-2006.7447296242717,-6.7447296242718018,-9.7550295809116143,-9.7550295809116143
30.000000,359.9999999818026,24.999999998736307,-6.3893445212932418,-2006.3893445212932,-6.3893445212932418,-9.3996444779330535,-9.3996444779330535
30.000000,359.9999999818026,25.999999998685759,-6.0481791306006558,-2006.0481791306006,-6.0481791306006558,-9.0584790872404675,-9.0584790872404675
30.000000,359.9999999818026,26.999999998635211,-5.7202216788485218,-2005.7202216788485,-5.7202216788485218,-8.7305216354883335,-8.7305216354883335
30.000000,359.9999999818026,27.999999998584663,-5.4045759556107056,-2005.4045759556107,-5.4045759556107056,-8.4148759122505172,-8.4148759122505172
30.000000,359.9999999818026,28.999999998534115,-5.1004451650186269,-2005.1004451650185,-5.1004451650186269,-8.1107451216584394,-8.1107451216584394
30.000000,359.9999999818026,29.99999999848357,-4.8071185064765674,-2004.8071185064766,-4.8071185064765674,-7.817418463116379,-7.817418463116379
30.000000,359.9999999818026,30.999999998433026,-4.5239599472338989,-2004.5239599472338,-4.5239599472338989,-7.5342599038737106,-7.5342599038737106
30.000000,359.9999999818026,31.999999998382481,-4.2503987690913263,-2004.2503987690914,-4.2503987690913263,-7.2606987257311388,-7.2606987257311388
30.000000,359.9999999818026,32.999999998331937,-3.9859215615762897,-2003.9859215615763,-3.9859215615762897,-6.9962215182161014,-6.9962215182161014
30.000000,359.9999999818026,33.999999998281389,-3.7300654024562903,-2003.7300654024564,-3.7300654024562903,-6.7403653590961028,-6.7403653590961028
30.000000,359.9999999818026,34.999999998230848,-3.4824120190889758,-2003.482412019089,-3.4824120190889758,-6.4927119757287883,-6.4927119757287883
30.000000,359.9999999818026,35.9999999981803,-3.2425827648678611,-2003.2425827648678,-3.2425827648678611,-6.2528827215076728,-6.2528827215076728
30.000000,359.9999999818026,36.999999998129759,-3.0102342768427754,-2003.0102342768428,-3.0102342768427754,-6.0205342334825875,-6.0205342334825875
30.000000,359.9999999818026,37.999999998079211,-2.7850547056206358,-2002.7850547056207,-2.7850547056206358,-5.7953546622604479,-5.7953546622604479
30.000000,359.9999999818026,38.99999999802867,-2.5667604284744745,-2002.5667604284745,-2.5667604284744745,-5.5770603851142866,-5.5770603851142866
30.000000,359.9999999818026,39.999999997978122,-2.3550931723934374,-2002.3550931723935,-2.3550931723934374,-5.3653931290332491,-5.3653931290332491
30.000000,359.9999999818026,40.999999997927581,-2.1498174864865103,-2002.1498174864864,-2.1498174864865103,-5.1601174431263228,-5.1601174431263228
30.000000,359.9999999818026,41.999999997877033,-1.9507185133866456,-2001.9507185133866,-1.9507185133866456,-4.9610184700264579,-4.9610184700264579
30.000000,359.9999999818026,42.999999997826492,-1.7576000176076423,-2001.7576000176077,-1.7576000176076423,-4.7678999742474542,-4.7678999742474542
30.000000,359.9999999818026,43.999999997775944,-1.5702826355829975,-2001.570282635583,-1.5702826355829975,-4.5805825922228092,-4.5805825922228092
30.000000,359.9999999818026,44.999999997725396,-1.3886023176730553,-2001.3886023176731,-1.3886023176730553,-4.3989022743128672,-4.3989022743128672
30.000000,359.9999999818026,45.999999997674855,-1.2124089370062154,-2001.2124089370061,-1.2124089370062154,-4.2227088936460273,-4.2227088936460273
30.000000,359.9999999818026,46.999999997624307,-1.0415650438098734,-2001.0415650438099,-1.0415650438098734,-4.0518650004496859,-4.0518650004496859
30.000000,359.9999999818026,47.999999997573767,-0.87594474703838943,-2000.8759447470384,-0.87594474703838943,-3.8862447036782015,-3.8862447036782015
30.000000,359.9999999818026,48.999999997523219,-0.71543270773595924,-2000.715432707736,-0.71543270773595924,-3.7257326643757711,-3.7257326643757711
30.000000,359.9999999818026,49.999999997472678,-0.55992323077701822,-2000.559923230777,-0.55992323077701822,-3.5702231874168304,-3.5702231874168304
30.000000,359.9999999818026,50.99999999742213,-0.40931944348230337,-2000.4093194434822,-0.40931944348230337,-3.4196194001221154,-3.4196194001221154
30.000000,359.9999999818026,51.999999997371589,-0.26353255117485674,-2000.2635325511749,-0.26353255117485674,-3.2738325078146691,-3.2738325078146691
30.000000,359.9999999818026,52.999999997321041,-0.1224811610678664,-2000.1224811610678,-0.1224811610678664,-3.1327811177076783,-3.1327811177076783
30.000000,359.9999999818026,53.9999999972705,0.013909332995200356,-1999.9860906670049,0.013909332995200356,-2.9963906236446118,-2.9963906236446118
30.000000,359.9999999818026,54.999999997219952,0.14570731146507562,-1999.854292688535,0.14570731146507562,-2.8645926451747363,-2.8645926451747363
30.000000,359.9999999818026,55.999999997169411,0.27297544136892304,-1999.727024558631,0.27297544136892304,-2.7373245152708892,-2.7373245152708892
30.000000,359.9999999818026,56.999999997118863,0.3957711449366183,-1999.6042288550634,0.3957711449366183,-2.614528811703194,-2.614528811703194
30.000000,359.9999999818026,57.999999997068315,0.51414702894883668,-1999.4858529710511,0.51414702894883668,-2.4961529276909755,-2.4961529276909755
30.000000,359.9999999818026,58.999999997017767,0.62815127865962639,-1999.3718487213405,0.62815127865962639,-2.3821486779801857,-2.3821486779801857
30.000000,359.9999999818026,59.999999996967219,0.73782801969144485,-1999.2621719803085,0.73782801969144485,-2.2724719369483672,-2.2724719369483672
30.000000,359.9999999818026,60.999999996916664,0.84321765090638212,-1999.1567823490936,0.84321765090638212,-2.1670823057334299,-2.1670823057334299
30.000000,359.9999999818026,61.999999996866116,0.94435715091389349,-1999.0556428490861,0.94435715091389349,-2.0659428057259186,-2.0659428057259186
30.000000,359.9999999818026,62.999999996815561,1.0412803605761247,-1998.9587196394239,1.0412803605761247,-1.9690195960636874,-1.9690195960636874
30.000000,359.9999999818026,63.999999996765013,1.1340182436101185,-1998.8659817563898,1.1340182436101185,-1.8762817130296936,-1.8762817130296936
30.000000,359.9999999818026,64.999999996714465,1.2225991271566381,-1998.7774008728434,1.2225991271566381,-1.787700829483174,-1.787700829483174
30.000000,359.9999999818026,65.999999996663917,1.3070489239838845,-1998.692951076016,1.3070489239838845,-1.7032510326559276,-1.7032510326559276
30.000000,359.9999999818026,66.999999996613354,1.3873913378166023,-1998.6126086621834,1.3873913378166023,-1.6229086188232098,-1.6229086188232098
30.000000,359.9999999818026,67.999999996562806,1.4636480531244291,-1998.5363519468756,1.4636480531244291,-1.546651903515383,-1.546651903515383
30.000000,359.9999999818026,68.999999996512258,1.5358389105644519,-1998.4641610894355,1.5358389105644519,-1.4744610460753602,-1.4744610460753602
30.000000,359.9999999818026,69.99999999646171,1.6039820691499573,-1998.3960179308501,1.6039820691499573,-1.4063178874898548,-1.4063178874898548
30.000000,359.9999999818026,70.999999996411148,1.6680941561077849,-1998.3319058438922,1.6680941561077849,-1.3422058005320272,-1.3422058005320272
30.000000,359.9999999818026,71.9999999963606,1.7281904052891817,-1998.2718095947109,1.7281904052891817,-1.2821095513506304,-1.2821095513506304
30.000000,359.9999999818026,72.999999996310052,1.784284784911832,-1998.2157152150883,1.784284784911832,-1.2260151717279801,-1.2260151717279801
30.000000,359.9999999818026,73.999999996259504,1.8363901153325175,-1998.1636098846675,1.8363901153325175,-1.1739098413072946,-1.1739098413072946
30.000000,359.9999999818026,74.999999996208956,1.8845181774798145,-1998.1154818225202,1.8845181774798145,-1.1257817791599976,-1.1257817791599976
30.000000,359.9999999818026,75.999999996158394,1.928679812512798,-1998.0713201874871,1.928679812512798,-1.0816201441270141,-1.0816201441270141
30.000000,359.9999999818026,76.999999996107846,1.9688850132147218,-1998.0311149867853,1.9688850132147218,-1.0414149434250903,-1.0414149434250903
30.000000,359.9999999818026,77.999999996057298,2.0051430075787069,-1997.9948569924213,2.0051430075787069,-1.0051569490611052,-1.0051569490611052
30.000000,359.9999999818026,78.99999999600675,2.0374623349954408,-1997.9625376650044,2.0374623349954408,-0.97283762164437126,-0.97283762164437126
30.000000,359.9999999818026,79.999999995956202,2.0658509154098921,-1997.9341490845902,2.0658509154098921,-0.94444904122992002,-0.94444904122992002
30.000000,359.9999999818026,80.99999999590564,2.0903161117744702,-1997.9096838882256,2.0903161117744702,-0.9199838448653419,-0.9199838448653419
30.000000,359.9999999818026,81.999999995855092,2.1108647860901,-1997.8891352139099,2.1108647860901,-0.89943517054971212,-0.89943517054971212
30.000000,359.9999999818026,82.999999995804544,2.1275033492929181,-1997.872496650707,2.1275033492929181,-0.88279660734689402,-0.88279660734689402
30.000000,359.9999999818026,83.999999995753996,2.1402378052133133,-1997.8597621947868,2.1402378052133133,-0.87006215142649879,-0.87006215142649879
30.000000,359.9999999818026,84.999999995703433,2.1490737888050218,-1997.850926211195,2.1490737888050218,-0.86122616783479033,-0.86122616783479033
30.000000,359.9999999818026,85.999999995652885,2.154016598814648,-1997.8459834011853,2.154016598814648,-0.85628335782516407,-0.85628335782516407
30.000000,359.9999999818026,86.999999995602337,2.1550712250363242,-1997.8449287749636,2.1550712250363242,-0.85522873160348789,-0.85522873160348789
30.000000,359.9999999818026,87.999999995551789,2.1522423702717224,-1997.8477576297282,2.1522423702717224,-0.85805758636808971,-0.85805758636808971
30.000000,359.9999999818026,88.999999995501241,2.1455344670922445,-1997.8544655329079,2.1455344670922445,-0.8647654895475676,-0.8647654895475676
30.000000,359.9999999818026,89.999999995450679,2.1349516894776119,-1997.8650483105223,2.1349516894776119,-0.87534826716220016,-0.87534826716220016
